DateTime,Actual_Energy_kWh,Forecast_Energy_kWh
2018-01-08 00:00:00,4.68,
2018-01-08 00:15:00,3.78,
2018-01-08 00:30:00,3.38,
2018-01-08 00:45:00,3.31,
2018-01-08 01:00:00,3.89,
2018-01-08 01:15:00,3.35,
2018-01-08 01:30:00,3.31,
2018-01-08 01:45:00,4.0,
2018-01-08 02:00:00,3.31,
2018-01-08 02:15:00,3.42,
2018-01-08 02:30:00,3.89,
2018-01-08 02:45:00,3.38,
2018-01-08 03:00:00,3.56,
2018-01-08 03:15:00,3.78,
2018-01-08 03:30:00,3.38,
2018-01-08 03:45:00,3.64,
2018-01-08 04:00:00,3.6,
2018-01-08 04:15:00,3.46,
2018-01-08 04:30:00,3.74,
2018-01-08 04:45:00,3.53,
2018-01-08 05:00:00,3.38,
2018-01-08 05:15:00,3.85,
2018-01-08 05:30:00,3.49,
2018-01-08 05:45:00,3.35,
2018-01-08 06:00:00,3.92,
2018-01-08 06:15:00,3.35,
2018-01-08 06:30:00,3.35,
2018-01-08 06:45:00,3.92,
2018-01-08 07:00:00,3.38,
2018-01-08 07:15:00,3.35,
2018-01-08 07:30:00,5.83,
2018-01-08 07:45:00,6.41,
2018-01-08 08:00:00,6.73,
2018-01-08 08:15:00,49.93,
2018-01-08 08:30:00,130.54,
2018-01-08 08:45:00,81.36,
2018-01-08 09:00:00,114.95,
2018-01-08 09:15:00,108.04,
2018-01-08 09:30:00,95.26,
2018-01-08 09:45:00,136.15,
2018-01-08 10:00:00,108.97,
2018-01-08 10:15:00,135.04,
2018-01-08 10:30:00,107.14,
2018-01-08 10:45:00,139.39,
2018-01-08 11:00:00,95.08,
2018-01-08 11:15:00,138.38,
2018-01-08 11:30:00,125.46,
2018-01-08 11:45:00,116.24,
2018-01-08 12:00:00,120.02,
2018-01-08 12:15:00,9.65,
2018-01-08 12:30:00,8.71,
2018-01-08 12:45:00,8.86,
2018-01-08 13:00:00,8.75,
2018-01-08 13:15:00,59.54,
2018-01-08 13:30:00,76.14,
2018-01-08 13:45:00,111.85,
2018-01-08 14:00:00,121.07,
2018-01-08 14:15:00,95.04,
2018-01-08 14:30:00,108.14,
2018-01-08 14:45:00,93.17,
2018-01-08 15:00:00,83.84,
2018-01-08 15:15:00,111.89,
2018-01-08 15:30:00,111.02,
2018-01-08 15:45:00,126.43,
2018-01-08 16:00:00,112.68,
2018-01-08 16:15:00,82.22,
2018-01-08 16:30:00,96.88,
2018-01-08 16:45:00,136.98,
2018-01-08 17:00:00,100.58,
2018-01-08 17:15:00,131.54,
2018-01-08 17:30:00,101.66,
2018-01-08 17:45:00,37.73,
2018-01-08 18:00:00,33.48,
2018-01-08 18:15:00,74.02,
2018-01-08 18:30:00,129.35,
2018-01-08 18:45:00,126.97,
2018-01-08 19:00:00,117.14,
2018-01-08 19:15:00,70.74,
2018-01-08 19:30:00,143.78,
2018-01-08 19:45:00,107.89,
2018-01-08 20:00:00,145.3,
2018-01-08 20:15:00,103.43,
2018-01-08 20:30:00,134.78,
2018-01-08 20:45:00,109.33,
2018-01-08 21:00:00,96.73,
2018-01-08 21:15:00,13.57,
2018-01-08 21:30:00,5.36,
2018-01-08 21:45:00,5.18,
2018-01-08 22:00:00,5.22,
2018-01-08 22:15:00,5.0,
2018-01-08 22:30:00,4.75,
2018-01-08 22:45:00,4.72,
2018-01-08 23:00:00,4.75,
2018-01-08 23:15:00,4.72,
2018-01-08 23:30:00,4.64,
2018-01-08 23:45:00,4.64,
2018-01-09 00:00:00,4.57,
2018-01-09 00:15:00,4.68,
2018-01-09 00:30:00,4.75,
2018-01-09 00:45:00,4.68,
2018-01-09 01:00:00,4.68,
2018-01-09 01:15:00,4.68,
2018-01-09 01:30:00,4.72,
2018-01-09 01:45:00,4.75,
2018-01-09 02:00:00,4.75,
2018-01-09 02:15:00,4.64,
2018-01-09 02:30:00,4.68,
2018-01-09 02:45:00,4.72,
2018-01-09 03:00:00,4.75,
2018-01-09 03:15:00,4.72,
2018-01-09 03:30:00,4.72,
2018-01-09 03:45:00,4.68,
2018-01-09 04:00:00,4.72,
2018-01-09 04:15:00,4.68,
2018-01-09 04:30:00,4.72,
2018-01-09 04:45:00,4.68,
2018-01-09 05:00:00,4.64,
2018-01-09 05:15:00,4.64,
2018-01-09 05:30:00,4.68,
2018-01-09 05:45:00,4.75,
2018-01-09 06:00:00,4.68,
2018-01-09 06:15:00,4.68,
2018-01-09 06:30:00,4.68,
2018-01-09 06:45:00,4.0,
2018-01-09 07:00:00,4.57,
2018-01-09 07:15:00,4.1,
2018-01-09 07:30:00,5.18,
2018-01-09 07:45:00,7.13,
2018-01-09 08:00:00,37.8,
2018-01-09 08:15:00,99.43,
2018-01-09 08:30:00,83.74,
2018-01-09 08:45:00,102.71,
2018-01-09 09:00:00,128.38,
2018-01-09 09:15:00,123.19,
2018-01-09 09:30:00,132.91,
2018-01-09 09:45:00,105.66,
2018-01-09 10:00:00,132.01,
2018-01-09 10:15:00,106.42,
2018-01-09 10:30:00,120.02,
2018-01-09 10:45:00,128.81,
2018-01-09 11:00:00,116.68,
2018-01-09 11:15:00,136.19,
2018-01-09 11:30:00,106.49,
2018-01-09 11:45:00,125.71,
2018-01-09 12:00:00,107.64,
2018-01-09 12:15:00,14.58,
2018-01-09 12:30:00,8.39,
2018-01-09 12:45:00,8.6,
2018-01-09 13:00:00,14.62,
2018-01-09 13:15:00,84.92,
2018-01-09 13:30:00,136.69,
2018-01-09 13:45:00,103.64,
2018-01-09 14:00:00,126.83,
2018-01-09 14:15:00,105.91,
2018-01-09 14:30:00,127.73,
2018-01-09 14:45:00,106.99,
2018-01-09 15:00:00,124.92,
2018-01-09 15:15:00,66.74,
2018-01-09 15:30:00,71.14,
2018-01-09 15:45:00,112.03,
2018-01-09 16:00:00,123.3,
2018-01-09 16:15:00,110.05,
2018-01-09 16:30:00,127.48,
2018-01-09 16:45:00,105.84,
2018-01-09 17:00:00,117.61,
2018-01-09 17:15:00,117.07,
2018-01-09 17:30:00,117.58,
2018-01-09 17:45:00,35.86,
2018-01-09 18:00:00,33.52,
2018-01-09 18:15:00,77.8,
2018-01-09 18:30:00,111.53,
2018-01-09 18:45:00,121.36,
2018-01-09 19:00:00,114.8,
2018-01-09 19:15:00,103.68,
2018-01-09 19:30:00,123.34,
2018-01-09 19:45:00,108.54,
2018-01-09 20:00:00,113.0,
2018-01-09 20:15:00,105.84,
2018-01-09 20:30:00,118.87,
2018-01-09 20:45:00,99.72,
2018-01-09 21:00:00,83.12,
2018-01-09 21:15:00,11.41,
2018-01-09 21:30:00,5.26,
2018-01-09 21:45:00,5.0,
2018-01-09 22:00:00,4.97,
2018-01-09 22:15:00,4.93,
2018-01-09 22:30:00,4.64,
2018-01-09 22:45:00,4.64,
2018-01-09 23:00:00,4.57,
2018-01-09 23:15:00,4.64,
2018-01-09 23:30:00,4.61,
2018-01-09 23:45:00,4.57,
2018-01-10 00:00:00,4.57,
2018-01-10 00:15:00,4.5,
2018-01-10 00:30:00,4.57,
2018-01-10 00:45:00,4.61,
2018-01-10 01:00:00,4.54,
2018-01-10 01:15:00,4.61,
2018-01-10 01:30:00,4.57,
2018-01-10 01:45:00,4.61,
2018-01-10 02:00:00,4.64,
2018-01-10 02:15:00,4.61,
2018-01-10 02:30:00,4.54,
2018-01-10 02:45:00,4.57,
2018-01-10 03:00:00,4.57,
2018-01-10 03:15:00,4.61,
2018-01-10 03:30:00,4.57,
2018-01-10 03:45:00,4.54,
2018-01-10 04:00:00,4.57,
2018-01-10 04:15:00,4.57,
2018-01-10 04:30:00,4.57,
2018-01-10 04:45:00,4.54,
2018-01-10 05:00:00,4.57,
2018-01-10 05:15:00,4.57,
2018-01-10 05:30:00,4.57,
2018-01-10 05:45:00,4.57,
2018-01-10 06:00:00,4.54,
2018-01-10 06:15:00,4.61,
2018-01-10 06:30:00,4.57,
2018-01-10 06:45:00,4.43,
2018-01-10 07:00:00,4.14,
2018-01-10 07:15:00,4.86,
2018-01-10 07:30:00,6.59,
2018-01-10 07:45:00,7.09,
2018-01-10 08:00:00,7.09,
2018-01-10 08:15:00,94.61,
2018-01-10 08:30:00,107.64,
2018-01-10 08:45:00,101.63,
2018-01-10 09:00:00,124.31,
2018-01-10 09:15:00,109.91,
2018-01-10 09:30:00,126.04,
2018-01-10 09:45:00,98.39,
2018-01-10 10:00:00,121.43,
2018-01-10 10:15:00,117.14,
2018-01-10 10:30:00,105.8,
2018-01-10 10:45:00,124.88,
2018-01-10 11:00:00,110.34,
2018-01-10 11:15:00,143.21,
2018-01-10 11:30:00,101.59,
2018-01-10 11:45:00,136.87,
2018-01-10 12:00:00,122.76,
2018-01-10 12:15:00,14.54,
2018-01-10 12:30:00,8.53,
2018-01-10 12:45:00,8.71,
2018-01-10 13:00:00,9.07,
2018-01-10 13:15:00,84.82,
2018-01-10 13:30:00,139.75,
2018-01-10 13:45:00,98.32,
2018-01-10 14:00:00,120.49,
2018-01-10 14:15:00,115.7,
2018-01-10 14:30:00,121.1,
2018-01-10 14:45:00,112.25,
2018-01-10 15:00:00,96.52,
2018-01-10 15:15:00,110.77,
2018-01-10 15:30:00,107.03,
2018-01-10 15:45:00,100.48,
2018-01-10 16:00:00,123.19,
2018-01-10 16:15:00,105.12,
2018-01-10 16:30:00,112.46,
2018-01-10 16:45:00,122.58,
2018-01-10 17:00:00,126.18,
2018-01-10 17:15:00,95.58,
2018-01-10 17:30:00,121.72,
2018-01-10 17:45:00,129.38,
2018-01-10 18:00:00,101.09,
2018-01-10 18:15:00,35.24,
2018-01-10 18:30:00,13.1,
2018-01-10 18:45:00,8.21,
2018-01-10 19:00:00,5.18,
2018-01-10 19:15:00,5.29,
2018-01-10 19:30:00,5.18,
2018-01-10 19:45:00,5.04,
2018-01-10 20:00:00,5.04,
2018-01-10 20:15:00,5.04,
2018-01-10 20:30:00,5.04,
2018-01-10 20:45:00,5.15,
2018-01-10 21:00:00,5.15,
2018-01-10 21:15:00,5.08,
2018-01-10 21:30:00,5.08,
2018-01-10 21:45:00,5.04,
2018-01-10 22:00:00,5.11,
2018-01-10 22:15:00,4.9,
2018-01-10 22:30:00,4.68,
2018-01-10 22:45:00,4.64,
2018-01-10 23:00:00,4.61,
2018-01-10 23:15:00,4.64,
2018-01-10 23:30:00,4.57,
2018-01-10 23:45:00,4.57,
2018-01-11 00:00:00,4.64,
2018-01-11 00:15:00,4.57,
2018-01-11 00:30:00,4.68,
2018-01-11 00:45:00,4.61,
2018-01-11 01:00:00,4.61,
2018-01-11 01:15:00,4.61,
2018-01-11 01:30:00,4.61,
2018-01-11 01:45:00,4.68,
2018-01-11 02:00:00,4.61,
2018-01-11 02:15:00,4.61,
2018-01-11 02:30:00,4.57,
2018-01-11 02:45:00,4.57,
2018-01-11 03:00:00,4.61,
2018-01-11 03:15:00,4.61,
2018-01-11 03:30:00,4.57,
2018-01-11 03:45:00,4.57,
2018-01-11 04:00:00,4.57,
2018-01-11 04:15:00,4.61,
2018-01-11 04:30:00,4.57,
2018-01-11 04:45:00,4.61,
2018-01-11 05:00:00,4.57,
2018-01-11 05:15:00,4.57,
2018-01-11 05:30:00,4.64,
2018-01-11 05:45:00,4.57,
2018-01-11 06:00:00,4.57,
2018-01-11 06:15:00,4.57,
2018-01-11 06:30:00,4.57,
2018-01-11 06:45:00,4.36,
2018-01-11 07:00:00,4.28,
2018-01-11 07:15:00,4.54,
2018-01-11 07:30:00,4.46,
2018-01-11 07:45:00,7.16,
2018-01-11 08:00:00,7.38,
2018-01-11 08:15:00,71.82,
2018-01-11 08:30:00,137.09,
2018-01-11 08:45:00,116.28,
2018-01-11 09:00:00,124.63,
2018-01-11 09:15:00,121.9,
2018-01-11 09:30:00,123.08,
2018-01-11 09:45:00,102.6,
2018-01-11 10:00:00,85.1,
2018-01-11 10:15:00,73.51,
2018-01-11 10:30:00,107.75,
2018-01-11 10:45:00,115.74,
2018-01-11 11:00:00,92.09,
2018-01-11 11:15:00,68.62,
2018-01-11 11:30:00,71.6,
2018-01-11 11:45:00,69.48,
2018-01-11 12:00:00,74.27,
2018-01-11 12:15:00,19.94,
2018-01-11 12:30:00,11.84,
2018-01-11 12:45:00,13.75,
2018-01-11 13:00:00,26.89,
2018-01-11 13:15:00,95.4,
2018-01-11 13:30:00,119.12,
2018-01-11 13:45:00,120.28,
2018-01-11 14:00:00,106.7,
2018-01-11 14:15:00,105.66,
2018-01-11 14:30:00,86.54,
2018-01-11 14:45:00,136.3,
2018-01-11 15:00:00,129.24,
2018-01-11 15:15:00,127.94,
2018-01-11 15:30:00,133.52,
2018-01-11 15:45:00,124.7,
2018-01-11 16:00:00,106.92,
2018-01-11 16:15:00,96.26,
2018-01-11 16:30:00,84.56,
2018-01-11 16:45:00,96.95,
2018-01-11 17:00:00,132.55,
2018-01-11 17:15:00,127.4,
2018-01-11 17:30:00,109.91,
2018-01-11 17:45:00,50.29,
2018-01-11 18:00:00,34.88,
2018-01-11 18:15:00,96.37,
2018-01-11 18:30:00,132.77,
2018-01-11 18:45:00,116.06,
2018-01-11 19:00:00,107.28,
2018-01-11 19:15:00,107.75,
2018-01-11 19:30:00,113.51,
2018-01-11 19:45:00,136.84,
2018-01-11 20:00:00,117.36,
2018-01-11 20:15:00,122.51,
2018-01-11 20:30:00,124.99,
2018-01-11 20:45:00,102.96,
2018-01-11 21:00:00,71.71,
2018-01-11 21:15:00,6.26,
2018-01-11 21:30:00,5.18,
2018-01-11 21:45:00,5.18,
2018-01-11 22:00:00,5.15,
2018-01-11 22:15:00,5.0,
2018-01-11 22:30:00,4.79,
2018-01-11 22:45:00,4.72,
2018-01-11 23:00:00,4.68,
2018-01-11 23:15:00,4.75,
2018-01-11 23:30:00,4.64,
2018-01-11 23:45:00,4.72,
2018-01-12 00:00:00,4.61,
2018-01-12 00:15:00,4.68,
2018-01-12 00:30:00,4.72,
2018-01-12 00:45:00,4.72,
2018-01-12 01:00:00,4.72,
2018-01-12 01:15:00,4.72,
2018-01-12 01:30:00,4.79,
2018-01-12 01:45:00,4.79,
2018-01-12 02:00:00,4.75,
2018-01-12 02:15:00,4.79,
2018-01-12 02:30:00,4.79,
2018-01-12 02:45:00,4.79,
2018-01-12 03:00:00,4.75,
2018-01-12 03:15:00,4.75,
2018-01-12 03:30:00,4.75,
2018-01-12 03:45:00,4.72,
2018-01-12 04:00:00,4.75,
2018-01-12 04:15:00,4.75,
2018-01-12 04:30:00,4.75,
2018-01-12 04:45:00,4.75,
2018-01-12 05:00:00,4.72,
2018-01-12 05:15:00,4.82,
2018-01-12 05:30:00,4.75,
2018-01-12 05:45:00,4.75,
2018-01-12 06:00:00,4.72,
2018-01-12 06:15:00,4.75,
2018-01-12 06:30:00,4.79,
2018-01-12 06:45:00,4.72,
2018-01-12 07:00:00,4.72,
2018-01-12 07:15:00,4.64,
2018-01-12 07:30:00,5.26,
2018-01-12 07:45:00,6.59,
2018-01-12 08:00:00,7.09,
2018-01-12 08:15:00,36.76,
2018-01-12 08:30:00,114.66,
2018-01-12 08:45:00,114.19,
2018-01-12 09:00:00,119.2,
2018-01-12 09:15:00,130.18,
2018-01-12 09:30:00,143.17,
2018-01-12 09:45:00,98.78,
2018-01-12 10:00:00,100.69,
2018-01-12 10:15:00,101.48,
2018-01-12 10:30:00,102.1,
2018-01-12 10:45:00,117.18,
2018-01-12 11:00:00,108.32,
2018-01-12 11:15:00,122.33,
2018-01-12 11:30:00,83.7,
2018-01-12 11:45:00,105.84,
2018-01-12 12:00:00,114.12,
2018-01-12 12:15:00,25.88,
2018-01-12 12:30:00,12.02,
2018-01-12 12:45:00,12.35,
2018-01-12 13:00:00,12.2,
2018-01-12 13:15:00,107.1,
2018-01-12 13:30:00,100.3,
2018-01-12 13:45:00,95.58,
2018-01-12 14:00:00,104.8,
2018-01-12 14:15:00,128.56,
2018-01-12 14:30:00,132.3,
2018-01-12 14:45:00,116.89,
2018-01-12 15:00:00,104.44,
2018-01-12 15:15:00,128.02,
2018-01-12 15:30:00,134.14,
2018-01-12 15:45:00,112.36,
2018-01-12 16:00:00,88.67,
2018-01-12 16:15:00,112.43,
2018-01-12 16:30:00,83.52,
2018-01-12 16:45:00,116.24,
2018-01-12 17:00:00,79.34,
2018-01-12 17:15:00,72.07,
2018-01-12 17:30:00,131.33,
2018-01-12 17:45:00,39.78,
2018-01-12 18:00:00,37.22,
2018-01-12 18:15:00,84.6,
2018-01-12 18:30:00,113.76,
2018-01-12 18:45:00,117.65,
2018-01-12 19:00:00,111.28,
2018-01-12 19:15:00,76.9,
2018-01-12 19:30:00,120.53,
2018-01-12 19:45:00,121.07,
2018-01-12 20:00:00,90.07,
2018-01-12 20:15:00,105.3,
2018-01-12 20:30:00,117.29,
2018-01-12 20:45:00,90.97,
2018-01-12 21:00:00,36.9,
2018-01-12 21:15:00,9.29,
2018-01-12 21:30:00,5.51,
2018-01-12 21:45:00,5.15,
2018-01-12 22:00:00,5.22,
2018-01-12 22:15:00,5.0,
2018-01-12 22:30:00,4.75,
2018-01-12 22:45:00,4.75,
2018-01-12 23:00:00,4.79,
2018-01-12 23:15:00,4.72,
2018-01-12 23:30:00,4.64,
2018-01-12 23:45:00,4.64,
2018-01-13 00:00:00,4.64,
2018-01-13 00:15:00,4.61,
2018-01-13 00:30:00,4.68,
2018-01-13 00:45:00,4.64,
2018-01-13 01:00:00,4.68,
2018-01-13 01:15:00,4.64,
2018-01-13 01:30:00,4.64,
2018-01-13 01:45:00,4.68,
2018-01-13 02:00:00,4.72,
2018-01-13 02:15:00,4.72,
2018-01-13 02:30:00,4.72,
2018-01-13 02:45:00,4.75,
2018-01-13 03:00:00,4.75,
2018-01-13 03:15:00,4.75,
2018-01-13 03:30:00,4.72,
2018-01-13 03:45:00,4.75,
2018-01-13 04:00:00,4.79,
2018-01-13 04:15:00,4.72,
2018-01-13 04:30:00,4.75,
2018-01-13 04:45:00,4.72,
2018-01-13 05:00:00,4.75,
2018-01-13 05:15:00,4.79,
2018-01-13 05:30:00,4.72,
2018-01-13 05:45:00,4.75,
2018-01-13 06:00:00,4.72,
2018-01-13 06:15:00,4.75,
2018-01-13 06:30:00,4.75,
2018-01-13 06:45:00,4.72,
2018-01-13 07:00:00,4.72,
2018-01-13 07:15:00,4.68,
2018-01-13 07:30:00,5.11,
2018-01-13 07:45:00,6.34,
2018-01-13 08:00:00,6.84,
2018-01-13 08:15:00,48.78,
2018-01-13 08:30:00,94.21,
2018-01-13 08:45:00,106.34,
2018-01-13 09:00:00,63.22,
2018-01-13 09:15:00,100.58,
2018-01-13 09:30:00,91.94,
2018-01-13 09:45:00,57.31,
2018-01-13 10:00:00,52.96,
2018-01-13 10:15:00,53.42,
2018-01-13 10:30:00,97.7,
2018-01-13 10:45:00,101.7,
2018-01-13 11:00:00,98.42,
2018-01-13 11:15:00,106.81,
2018-01-13 11:30:00,95.33,
2018-01-13 11:45:00,102.35,
2018-01-13 12:00:00,99.18,
2018-01-13 12:15:00,8.39,
2018-01-13 12:30:00,7.16,
2018-01-13 12:45:00,6.95,
2018-01-13 13:00:00,6.88,
2018-01-13 13:15:00,49.39,
2018-01-13 13:30:00,93.53,
2018-01-13 13:45:00,93.56,
2018-01-13 14:00:00,93.96,
2018-01-13 14:15:00,91.73,
2018-01-13 14:30:00,95.33,
2018-01-13 14:45:00,85.5,
2018-01-13 15:00:00,79.81,
2018-01-13 15:15:00,109.12,
2018-01-13 15:30:00,81.29,
2018-01-13 15:45:00,112.39,
2018-01-13 16:00:00,104.44,
2018-01-13 16:15:00,79.2,
2018-01-13 16:30:00,68.87,
2018-01-13 16:45:00,62.57,
2018-01-13 17:00:00,69.62,
2018-01-13 17:15:00,17.39,
2018-01-13 17:30:00,5.29,
2018-01-13 17:45:00,5.18,
2018-01-13 18:00:00,5.18,
2018-01-13 18:15:00,4.9,
2018-01-13 18:30:00,4.86,
2018-01-13 18:45:00,5.0,
2018-01-13 19:00:00,4.97,
2018-01-13 19:15:00,5.04,
2018-01-13 19:30:00,5.0,
2018-01-13 19:45:00,5.0,
2018-01-13 20:00:00,5.04,
2018-01-13 20:15:00,5.0,
2018-01-13 20:30:00,5.08,
2018-01-13 20:45:00,4.97,
2018-01-13 21:00:00,5.0,
2018-01-13 21:15:00,5.0,
2018-01-13 21:30:00,5.08,
2018-01-13 21:45:00,5.04,
2018-01-13 22:00:00,5.04,
2018-01-13 22:15:00,4.86,
2018-01-13 22:30:00,4.68,
2018-01-13 22:45:00,4.72,
2018-01-13 23:00:00,4.61,
2018-01-13 23:15:00,4.54,
2018-01-13 23:30:00,4.57,
2018-01-13 23:45:00,4.61,
2018-01-14 00:00:00,4.57,
2018-01-14 00:15:00,4.57,
2018-01-14 00:30:00,4.61,
2018-01-14 00:45:00,4.61,
2018-01-14 01:00:00,4.61,
2018-01-14 01:15:00,4.68,
2018-01-14 01:30:00,4.61,
2018-01-14 01:45:00,4.64,
2018-01-14 02:00:00,4.64,
2018-01-14 02:15:00,4.61,
2018-01-14 02:30:00,4.68,
2018-01-14 02:45:00,4.64,
2018-01-14 03:00:00,4.64,
2018-01-14 03:15:00,4.64,
2018-01-14 03:30:00,4.61,
2018-01-14 03:45:00,4.75,
2018-01-14 04:00:00,4.07,
2018-01-14 04:15:00,4.5,
2018-01-14 04:30:00,4.32,
2018-01-14 04:45:00,4.18,
2018-01-14 05:00:00,4.61,
2018-01-14 05:15:00,3.85,
2018-01-14 05:30:00,4.61,
2018-01-14 05:45:00,4.03,
2018-01-14 06:00:00,4.39,
2018-01-14 06:15:00,4.36,
2018-01-14 06:30:00,4.07,
2018-01-14 06:45:00,4.57,
2018-01-14 07:00:00,3.96,
2018-01-14 07:15:00,4.46,
2018-01-14 07:30:00,4.1,
2018-01-14 07:45:00,4.21,
2018-01-14 08:00:00,4.46,
2018-01-14 08:15:00,19.8,
2018-01-14 08:30:00,20.2,
2018-01-14 08:45:00,6.98,
2018-01-14 09:00:00,9.14,
2018-01-14 09:15:00,9.58,
2018-01-14 09:30:00,9.14,
2018-01-14 09:45:00,10.15,
2018-01-14 10:00:00,11.66,
2018-01-14 10:15:00,15.01,
2018-01-14 10:30:00,15.73,
2018-01-14 10:45:00,15.55,
2018-01-14 11:00:00,14.0,
2018-01-14 11:15:00,13.28,
2018-01-14 11:30:00,12.96,
2018-01-14 11:45:00,13.97,
2018-01-14 12:00:00,8.64,
2018-01-14 12:15:00,4.57,
2018-01-14 12:30:00,5.11,
2018-01-14 12:45:00,4.43,
2018-01-14 13:00:00,4.46,
2018-01-14 13:15:00,21.1,
2018-01-14 13:30:00,32.0,
2018-01-14 13:45:00,30.96,
2018-01-14 14:00:00,30.78,
2018-01-14 14:15:00,29.05,
2018-01-14 14:30:00,28.12,
2018-01-14 14:45:00,29.45,
2018-01-14 15:00:00,31.57,
2018-01-14 15:15:00,31.61,
2018-01-14 15:30:00,33.62,
2018-01-14 15:45:00,38.2,
2018-01-14 16:00:00,58.86,
2018-01-14 16:15:00,40.86,
2018-01-14 16:30:00,28.62,
2018-01-14 16:45:00,7.09,
2018-01-14 17:00:00,5.4,
2018-01-14 17:15:00,5.11,
2018-01-14 17:30:00,5.04,
2018-01-14 17:45:00,5.18,
2018-01-14 18:00:00,5.04,
2018-01-14 18:15:00,4.75,
2018-01-14 18:30:00,4.75,
2018-01-14 18:45:00,4.93,
2018-01-14 19:00:00,4.93,
2018-01-14 19:15:00,4.97,
2018-01-14 19:30:00,4.93,
2018-01-14 19:45:00,4.97,
2018-01-14 20:00:00,5.04,
2018-01-14 20:15:00,4.97,
2018-01-14 20:30:00,4.93,
2018-01-14 20:45:00,4.93,
2018-01-14 21:00:00,4.97,
2018-01-14 21:15:00,5.0,
2018-01-14 21:30:00,4.93,
2018-01-14 21:45:00,4.97,
2018-01-14 22:00:00,4.93,
2018-01-14 22:15:00,4.82,
2018-01-14 22:30:00,4.61,
2018-01-14 22:45:00,4.57,
2018-01-14 23:00:00,4.57,
2018-01-14 23:15:00,4.5,
2018-01-14 23:30:00,4.61,
2018-01-14 23:45:00,4.54,
2018-01-15 00:00:00,4.64,
2018-01-15 00:15:00,4.54,
2018-01-15 00:30:00,4.57,
2018-01-15 00:45:00,4.68,
2018-01-15 01:00:00,4.61,
2018-01-15 01:15:00,4.57,
2018-01-15 01:30:00,4.61,
2018-01-15 01:45:00,4.61,
2018-01-15 02:00:00,4.64,
2018-01-15 02:15:00,4.61,
2018-01-15 02:30:00,4.57,
2018-01-15 02:45:00,4.61,
2018-01-15 03:00:00,4.61,
2018-01-15 03:15:00,4.68,
2018-01-15 03:30:00,4.64,
2018-01-15 03:45:00,4.61,
2018-01-15 04:00:00,4.61,
2018-01-15 04:15:00,4.61,
2018-01-15 04:30:00,4.64,
2018-01-15 04:45:00,4.57,
2018-01-15 05:00:00,4.61,
2018-01-15 05:15:00,4.43,
2018-01-15 05:30:00,4.03,
2018-01-15 05:45:00,4.64,
2018-01-15 06:00:00,4.0,
2018-01-15 06:15:00,4.93,
2018-01-15 06:30:00,5.4,
2018-01-15 06:45:00,5.08,
2018-01-15 07:00:00,5.8,
2018-01-15 07:15:00,4.79,
2018-01-15 07:30:00,5.62,
2018-01-15 07:45:00,5.87,
2018-01-15 08:00:00,7.02,
2018-01-15 08:15:00,36.97,
2018-01-15 08:30:00,84.92,
2018-01-15 08:45:00,82.08,
2018-01-15 09:00:00,86.98,
2018-01-15 09:15:00,89.53,
2018-01-15 09:30:00,88.99,
2018-01-15 09:45:00,87.91,
2018-01-15 10:00:00,109.58,
2018-01-15 10:15:00,80.1,
2018-01-15 10:30:00,105.84,
2018-01-15 10:45:00,91.87,
2018-01-15 11:00:00,84.92,
2018-01-15 11:15:00,99.25,
2018-01-15 11:30:00,84.49,
2018-01-15 11:45:00,104.87,
2018-01-15 12:00:00,120.53,
2018-01-15 12:15:00,40.32,
2018-01-15 12:30:00,7.27,
2018-01-15 12:45:00,7.81,
2018-01-15 13:00:00,7.81,
2018-01-15 13:15:00,75.74,
2018-01-15 13:30:00,146.27,
2018-01-15 13:45:00,153.14,
2018-01-15 14:00:00,124.34,
2018-01-15 14:15:00,74.92,
2018-01-15 14:30:00,69.98,
2018-01-15 14:45:00,70.09,
2018-01-15 15:00:00,59.22,
2018-01-15 15:15:00,52.92,
2018-01-15 15:30:00,59.44,
2018-01-15 15:45:00,59.76,
2018-01-15 16:00:00,54.65,
2018-01-15 16:15:00,55.66,
2018-01-15 16:30:00,58.93,
2018-01-15 16:45:00,66.13,
2018-01-15 17:00:00,59.83,
2018-01-15 17:15:00,55.62,
2018-01-15 17:30:00,61.24,
2018-01-15 17:45:00,42.95,
2018-01-15 18:00:00,34.42,
2018-01-15 18:15:00,62.5,
2018-01-15 18:30:00,71.64,
2018-01-15 18:45:00,72.83,
2018-01-15 19:00:00,70.63,
2018-01-15 19:15:00,72.94,
2018-01-15 19:30:00,72.58,
2018-01-15 19:45:00,68.54,
2018-01-15 20:00:00,66.92,
2018-01-15 20:15:00,79.09,
2018-01-15 20:30:00,71.32,
2018-01-15 20:45:00,59.69,
2018-01-15 21:00:00,46.33,
2018-01-15 21:15:00,8.96,
2018-01-15 21:30:00,5.58,
2018-01-15 21:45:00,5.11,
2018-01-15 22:00:00,5.08,
2018-01-15 22:15:00,4.97,
2018-01-15 22:30:00,4.79,
2018-01-15 22:45:00,4.79,
2018-01-15 23:00:00,4.68,
2018-01-15 23:15:00,4.68,
2018-01-15 23:30:00,4.61,
2018-01-15 23:45:00,4.64,
2018-01-16 00:00:00,4.68,
2018-01-16 00:15:00,4.54,
2018-01-16 00:30:00,4.68,
2018-01-16 00:45:00,4.64,
2018-01-16 01:00:00,4.64,
2018-01-16 01:15:00,4.61,
2018-01-16 01:30:00,4.64,
2018-01-16 01:45:00,4.64,
2018-01-16 02:00:00,4.64,
2018-01-16 02:15:00,4.61,
2018-01-16 02:30:00,4.64,
2018-01-16 02:45:00,4.64,
2018-01-16 03:00:00,4.72,
2018-01-16 03:15:00,4.61,
2018-01-16 03:30:00,4.64,
2018-01-16 03:45:00,4.61,
2018-01-16 04:00:00,4.64,
2018-01-16 04:15:00,4.68,
2018-01-16 04:30:00,4.57,
2018-01-16 04:45:00,4.64,
2018-01-16 05:00:00,4.57,
2018-01-16 05:15:00,4.61,
2018-01-16 05:30:00,4.61,
2018-01-16 05:45:00,4.61,
2018-01-16 06:00:00,4.57,
2018-01-16 06:15:00,4.57,
2018-01-16 06:30:00,4.57,
2018-01-16 06:45:00,4.72,
2018-01-16 07:00:00,4.64,
2018-01-16 07:15:00,4.57,
2018-01-16 07:30:00,5.36,
2018-01-16 07:45:00,6.73,
2018-01-16 08:00:00,13.61,
2018-01-16 08:15:00,50.15,
2018-01-16 08:30:00,65.52,
2018-01-16 08:45:00,78.62,
2018-01-16 09:00:00,91.58,
2018-01-16 09:15:00,91.58,
2018-01-16 09:30:00,98.82,
2018-01-16 09:45:00,82.37,
2018-01-16 10:00:00,75.56,
2018-01-16 10:15:00,78.98,
2018-01-16 10:30:00,88.45,
2018-01-16 10:45:00,83.05,
2018-01-16 11:00:00,83.38,
2018-01-16 11:15:00,76.82,
2018-01-16 11:30:00,95.72,
2018-01-16 11:45:00,76.64,
2018-01-16 12:00:00,92.66,
2018-01-16 12:15:00,17.71,
2018-01-16 12:30:00,8.21,
2018-01-16 12:45:00,8.39,
2018-01-16 13:00:00,8.89,
2018-01-16 13:15:00,77.22,
2018-01-16 13:30:00,91.69,
2018-01-16 13:45:00,87.12,
2018-01-16 14:00:00,77.98,
2018-01-16 14:15:00,75.64,
2018-01-16 14:30:00,74.95,
2018-01-16 14:45:00,88.78,
2018-01-16 15:00:00,71.42,
2018-01-16 15:15:00,67.54,
2018-01-16 15:30:00,80.21,
2018-01-16 15:45:00,90.4,
2018-01-16 16:00:00,76.14,
2018-01-16 16:15:00,69.48,
2018-01-16 16:30:00,76.82,
2018-01-16 16:45:00,80.96,
2018-01-16 17:00:00,87.66,
2018-01-16 17:15:00,91.98,
2018-01-16 17:30:00,92.38,
2018-01-16 17:45:00,55.69,
2018-01-16 18:00:00,34.38,
2018-01-16 18:15:00,49.79,
2018-01-16 18:30:00,93.53,
2018-01-16 18:45:00,75.71,
2018-01-16 19:00:00,79.99,
2018-01-16 19:15:00,96.16,
2018-01-16 19:30:00,71.39,
2018-01-16 19:45:00,79.24,
2018-01-16 20:00:00,78.48,
2018-01-16 20:15:00,100.98,
2018-01-16 20:30:00,77.98,
2018-01-16 20:45:00,93.85,
2018-01-16 21:00:00,60.37,
2018-01-16 21:15:00,12.53,
2018-01-16 21:30:00,5.47,
2018-01-16 21:45:00,5.18,
2018-01-16 22:00:00,5.29,
2018-01-16 22:15:00,5.04,
2018-01-16 22:30:00,4.68,
2018-01-16 22:45:00,4.61,
2018-01-16 23:00:00,4.64,
2018-01-16 23:15:00,4.57,
2018-01-16 23:30:00,4.57,
2018-01-16 23:45:00,4.68,
2018-01-17 00:00:00,36.9,
2018-01-17 00:15:00,4.64,
2018-01-17 00:30:00,4.75,
2018-01-17 00:45:00,4.68,
2018-01-17 01:00:00,4.68,
2018-01-17 01:15:00,4.68,
2018-01-17 01:30:00,4.68,
2018-01-17 01:45:00,4.75,
2018-01-17 02:00:00,4.68,
2018-01-17 02:15:00,4.72,
2018-01-17 02:30:00,4.72,
2018-01-17 02:45:00,4.72,
2018-01-17 03:00:00,4.79,
2018-01-17 03:15:00,4.72,
2018-01-17 03:30:00,4.68,
2018-01-17 03:45:00,4.68,
2018-01-17 04:00:00,4.68,
2018-01-17 04:15:00,4.72,
2018-01-17 04:30:00,4.64,
2018-01-17 04:45:00,4.64,
2018-01-17 05:00:00,4.68,
2018-01-17 05:15:00,4.68,
2018-01-17 05:30:00,4.72,
2018-01-17 05:45:00,4.68,
2018-01-17 06:00:00,4.64,
2018-01-17 06:15:00,4.64,
2018-01-17 06:30:00,4.68,
2018-01-17 06:45:00,4.32,
2018-01-17 07:00:00,4.36,
2018-01-17 07:15:00,4.39,
2018-01-17 07:30:00,5.18,
2018-01-17 07:45:00,7.38,
2018-01-17 08:00:00,7.24,
2018-01-17 08:15:00,56.59,
2018-01-17 08:30:00,66.78,
2018-01-17 08:45:00,62.75,
2018-01-17 09:00:00,67.46,
2018-01-17 09:15:00,71.6,
2018-01-17 09:30:00,82.84,
2018-01-17 09:45:00,64.69,
2018-01-17 10:00:00,67.18,
2018-01-17 10:15:00,60.88,
2018-01-17 10:30:00,56.16,
2018-01-17 10:45:00,73.08,
2018-01-17 11:00:00,76.97,
2018-01-17 11:15:00,61.56,
2018-01-17 11:30:00,63.54,
2018-01-17 11:45:00,69.19,
2018-01-17 12:00:00,66.92,
2018-01-17 12:15:00,20.34,
2018-01-17 12:30:00,8.06,
2018-01-17 12:45:00,7.96,
2018-01-17 13:00:00,7.67,
2018-01-17 13:15:00,66.6,
2018-01-17 13:30:00,66.74,
2018-01-17 13:45:00,104.04,
2018-01-17 14:00:00,80.75,
2018-01-17 14:15:00,84.49,
2018-01-17 14:30:00,63.25,
2018-01-17 14:45:00,52.42,
2018-01-17 15:00:00,49.82,
2018-01-17 15:15:00,58.1,
2018-01-17 15:30:00,63.83,
2018-01-17 15:45:00,76.07,
2018-01-17 16:00:00,61.24,
2018-01-17 16:15:00,50.51,
2018-01-17 16:30:00,59.08,
2018-01-17 16:45:00,58.14,
2018-01-17 17:00:00,62.24,
2018-01-17 17:15:00,51.73,
2018-01-17 17:30:00,65.38,
2018-01-17 17:45:00,43.16,
2018-01-17 18:00:00,32.8,
2018-01-17 18:15:00,35.96,
2018-01-17 18:30:00,40.86,
2018-01-17 18:45:00,38.92,
2018-01-17 19:00:00,40.07,
2018-01-17 19:15:00,38.09,
2018-01-17 19:30:00,39.53,
2018-01-17 19:45:00,39.92,
2018-01-17 20:00:00,38.12,
2018-01-17 20:15:00,39.78,
2018-01-17 20:30:00,38.92,
2018-01-17 20:45:00,39.53,
2018-01-17 21:00:00,38.09,
2018-01-17 21:15:00,38.56,
2018-01-17 21:30:00,39.82,
2018-01-17 21:45:00,40.25,
2018-01-17 22:00:00,36.58,
2018-01-17 22:15:00,40.46,
2018-01-17 22:30:00,39.56,
2018-01-17 22:45:00,34.85,
2018-01-17 23:00:00,34.88,
2018-01-17 23:15:00,33.19,
2018-01-17 23:30:00,37.69,
2018-01-17 23:45:00,40.25,
2018-01-18 00:00:00,72.25,
2018-01-18 00:15:00,34.74,
2018-01-18 00:30:00,37.08,
2018-01-18 00:45:00,35.14,
2018-01-18 01:00:00,40.9,
2018-01-18 01:15:00,38.45,
2018-01-18 01:30:00,34.45,
2018-01-18 01:45:00,29.77,
2018-01-18 02:00:00,29.95,
2018-01-18 02:15:00,34.74,
2018-01-18 02:30:00,40.46,
2018-01-18 02:45:00,36.79,
2018-01-18 03:00:00,38.3,
2018-01-18 03:15:00,40.57,
2018-01-18 03:30:00,37.08,
2018-01-18 03:45:00,35.28,
2018-01-18 04:00:00,37.22,
2018-01-18 04:15:00,40.5,
2018-01-18 04:30:00,37.22,
2018-01-18 04:45:00,35.89,
2018-01-18 05:00:00,38.48,
2018-01-18 05:15:00,40.39,
2018-01-18 05:30:00,36.58,
2018-01-18 05:45:00,39.17,
2018-01-18 06:00:00,40.39,
2018-01-18 06:15:00,36.65,
2018-01-18 06:30:00,40.5,
2018-01-18 06:45:00,37.91,
2018-01-18 07:00:00,35.75,
2018-01-18 07:15:00,33.16,
2018-01-18 07:30:00,40.1,
2018-01-18 07:45:00,42.37,
2018-01-18 08:00:00,36.61,
2018-01-18 08:15:00,53.39,
2018-01-18 08:30:00,64.55,
2018-01-18 08:45:00,73.22,
2018-01-18 09:00:00,81.07,
2018-01-18 09:15:00,97.13,
2018-01-18 09:30:00,97.49,
2018-01-18 09:45:00,70.06,
2018-01-18 10:00:00,69.98,
2018-01-18 10:15:00,127.69,
2018-01-18 10:30:00,132.91,
2018-01-18 10:45:00,134.6,
2018-01-18 11:00:00,135.4,
2018-01-18 11:15:00,143.93,
2018-01-18 11:30:00,131.04,
2018-01-18 11:45:00,142.85,
2018-01-18 12:00:00,146.48,
2018-01-18 12:15:00,25.63,
2018-01-18 12:30:00,7.81,
2018-01-18 12:45:00,7.74,
2018-01-18 13:00:00,9.43,
2018-01-18 13:15:00,100.12,
2018-01-18 13:30:00,122.65,
2018-01-18 13:45:00,89.5,
2018-01-18 14:00:00,102.85,
2018-01-18 14:15:00,93.31,
2018-01-18 14:30:00,122.11,
2018-01-18 14:45:00,110.48,
2018-01-18 15:00:00,108.83,
2018-01-18 15:15:00,105.05,
2018-01-18 15:30:00,96.16,
2018-01-18 15:45:00,117.04,
2018-01-18 16:00:00,131.11,
2018-01-18 16:15:00,114.48,
2018-01-18 16:30:00,142.56,
2018-01-18 16:45:00,106.16,
2018-01-18 17:00:00,120.02,
2018-01-18 17:15:00,110.23,
2018-01-18 17:30:00,149.65,
2018-01-18 17:45:00,58.1,
2018-01-18 18:00:00,36.97,
2018-01-18 18:15:00,85.57,
2018-01-18 18:30:00,136.76,
2018-01-18 18:45:00,123.05,
2018-01-18 19:00:00,135.94,
2018-01-18 19:15:00,105.59,
2018-01-18 19:30:00,133.2,
2018-01-18 19:45:00,141.66,
2018-01-18 20:00:00,114.66,
2018-01-18 20:15:00,118.01,
2018-01-18 20:30:00,108.04,
2018-01-18 20:45:00,119.2,
2018-01-18 21:00:00,72.43,
2018-01-18 21:15:00,78.34,
2018-01-18 21:30:00,92.27,
2018-01-18 21:45:00,40.25,
2018-01-18 22:00:00,85.82,
2018-01-18 22:15:00,90.58,
2018-01-18 22:30:00,55.98,
2018-01-18 22:45:00,90.68,
2018-01-18 23:00:00,81.04,
2018-01-18 23:15:00,47.16,
2018-01-18 23:30:00,53.57,
2018-01-18 23:45:00,89.42,
2018-01-19 00:00:00,30.67,
2018-01-19 00:15:00,47.77,
2018-01-19 00:30:00,75.64,
2018-01-19 00:45:00,91.4,
2018-01-19 01:00:00,53.93,
2018-01-19 01:15:00,38.48,
2018-01-19 01:30:00,30.24,
2018-01-19 01:45:00,30.35,
2018-01-19 02:00:00,30.67,
2018-01-19 02:15:00,82.26,
2018-01-19 02:30:00,81.11,
2018-01-19 02:45:00,57.96,
2018-01-19 03:00:00,69.16,
2018-01-19 03:15:00,51.41,
2018-01-19 03:30:00,63.11,
2018-01-19 03:45:00,41.18,
2018-01-19 04:00:00,39.49,
2018-01-19 04:15:00,35.28,
2018-01-19 04:30:00,50.22,
2018-01-19 04:45:00,37.01,
2018-01-19 05:00:00,37.33,
2018-01-19 05:15:00,37.22,
2018-01-19 05:30:00,60.37,
2018-01-19 05:45:00,81.14,
2018-01-19 06:00:00,65.45,
2018-01-19 06:15:00,70.16,
2018-01-19 06:30:00,84.71,
2018-01-19 06:45:00,67.86,
2018-01-19 07:00:00,85.07,
2018-01-19 07:15:00,78.7,
2018-01-19 07:30:00,57.46,
2018-01-19 07:45:00,82.48,
2018-01-19 08:00:00,35.89,
2018-01-19 08:15:00,55.01,
2018-01-19 08:30:00,66.92,
2018-01-19 08:45:00,67.32,
2018-01-19 09:00:00,71.64,
2018-01-19 09:15:00,66.02,
2018-01-19 09:30:00,66.35,
2018-01-19 09:45:00,89.1,
2018-01-19 10:00:00,88.85,
2018-01-19 10:15:00,93.64,
2018-01-19 10:30:00,107.1,
2018-01-19 10:45:00,102.85,
2018-01-19 11:00:00,118.69,
2018-01-19 11:15:00,116.75,
2018-01-19 11:30:00,119.2,
2018-01-19 11:45:00,111.1,
2018-01-19 12:00:00,112.28,
2018-01-19 12:15:00,9.0,
2018-01-19 12:30:00,7.81,
2018-01-19 12:45:00,7.45,
2018-01-19 13:00:00,7.99,
2018-01-19 13:15:00,110.09,
2018-01-19 13:30:00,122.98,
2018-01-19 13:45:00,126.11,
2018-01-19 14:00:00,121.79,
2018-01-19 14:15:00,100.55,
2018-01-19 14:30:00,120.85,
2018-01-19 14:45:00,100.26,
2018-01-19 15:00:00,73.94,
2018-01-19 15:15:00,77.87,
2018-01-19 15:30:00,120.71,
2018-01-19 15:45:00,105.8,
2018-01-19 16:00:00,114.59,
2018-01-19 16:15:00,93.02,
2018-01-19 16:30:00,57.96,
2018-01-19 16:45:00,95.26,
2018-01-19 17:00:00,105.16,
2018-01-19 17:15:00,125.75,
2018-01-19 17:30:00,118.66,
2018-01-19 17:45:00,35.68,
2018-01-19 18:00:00,32.94,
2018-01-19 18:15:00,75.6,
2018-01-19 18:30:00,124.63,
2018-01-19 18:45:00,100.98,
2018-01-19 19:00:00,108.79,
2018-01-19 19:15:00,75.24,
2018-01-19 19:30:00,111.78,
2018-01-19 19:45:00,132.23,
2018-01-19 20:00:00,106.74,
2018-01-19 20:15:00,103.21,
2018-01-19 20:30:00,82.22,
2018-01-19 20:45:00,52.63,
2018-01-19 21:00:00,60.01,
2018-01-19 21:15:00,78.62,
2018-01-19 21:30:00,90.83,
2018-01-19 21:45:00,55.37,
2018-01-19 22:00:00,89.68,
2018-01-19 22:15:00,83.88,
2018-01-19 22:30:00,62.78,
2018-01-19 22:45:00,91.8,
2018-01-19 23:00:00,64.3,
2018-01-19 23:15:00,36.18,
2018-01-19 23:30:00,30.78,
2018-01-19 23:45:00,30.6,
2018-01-20 00:00:00,39.28,
2018-01-20 00:15:00,59.69,
2018-01-20 00:30:00,87.62,
2018-01-20 00:45:00,66.46,
2018-01-20 01:00:00,77.15,
2018-01-20 01:15:00,90.94,
2018-01-20 01:30:00,72.07,
2018-01-20 01:45:00,89.42,
2018-01-20 02:00:00,83.95,
2018-01-20 02:15:00,51.55,
2018-01-20 02:30:00,87.73,
2018-01-20 02:45:00,85.61,
2018-01-20 03:00:00,59.8,
2018-01-20 03:15:00,72.47,
2018-01-20 03:30:00,87.55,
2018-01-20 03:45:00,66.85,
2018-01-20 04:00:00,78.01,
2018-01-20 04:15:00,88.45,
2018-01-20 04:30:00,60.37,
2018-01-20 04:45:00,92.12,
2018-01-20 05:00:00,85.0,
2018-01-20 05:15:00,66.35,
2018-01-20 05:30:00,91.84,
2018-01-20 05:45:00,65.09,
2018-01-20 06:00:00,57.46,
2018-01-20 06:15:00,92.66,
2018-01-20 06:30:00,74.09,
2018-01-20 06:45:00,72.68,
2018-01-20 07:00:00,91.66,
2018-01-20 07:15:00,55.58,
2018-01-20 07:30:00,39.49,
2018-01-20 07:45:00,34.85,
2018-01-20 08:00:00,32.8,
2018-01-20 08:15:00,34.92,
2018-01-20 08:30:00,43.67,
2018-01-20 08:45:00,38.66,
2018-01-20 09:00:00,42.01,
2018-01-20 09:15:00,47.05,
2018-01-20 09:30:00,43.67,
2018-01-20 09:45:00,45.94,
2018-01-20 10:00:00,47.84,
2018-01-20 10:15:00,54.18,
2018-01-20 10:30:00,52.52,
2018-01-20 10:45:00,55.4,
2018-01-20 11:00:00,55.04,
2018-01-20 11:15:00,51.52,
2018-01-20 11:30:00,52.24,
2018-01-20 11:45:00,55.58,
2018-01-20 12:00:00,55.91,
2018-01-20 12:15:00,7.02,
2018-01-20 12:30:00,6.44,
2018-01-20 12:45:00,6.3,
2018-01-20 13:00:00,6.3,
2018-01-20 13:15:00,33.19,
2018-01-20 13:30:00,68.9,
2018-01-20 13:45:00,65.2,
2018-01-20 14:00:00,61.92,
2018-01-20 14:15:00,63.07,
2018-01-20 14:30:00,63.9,
2018-01-20 14:45:00,62.03,
2018-01-20 15:00:00,64.37,
2018-01-20 15:15:00,61.7,
2018-01-20 15:30:00,62.46,
2018-01-20 15:45:00,61.06,
2018-01-20 16:00:00,54.65,
2018-01-20 16:15:00,49.18,
2018-01-20 16:30:00,42.08,
2018-01-20 16:45:00,41.29,
2018-01-20 17:00:00,37.48,
2018-01-20 17:15:00,39.13,
2018-01-20 17:30:00,38.56,
2018-01-20 17:45:00,34.81,
2018-01-20 18:00:00,32.4,
2018-01-20 18:15:00,31.86,
2018-01-20 18:30:00,31.07,
2018-01-20 18:45:00,30.2,
2018-01-20 19:00:00,31.14,
2018-01-20 19:15:00,34.6,
2018-01-20 19:30:00,40.07,
2018-01-20 19:45:00,38.81,
2018-01-20 20:00:00,37.33,
2018-01-20 20:15:00,39.53,
2018-01-20 20:30:00,38.41,
2018-01-20 20:45:00,39.46,
2018-01-20 21:00:00,40.14,
2018-01-20 21:15:00,36.5,
2018-01-20 21:30:00,40.39,
2018-01-20 21:45:00,39.35,
2018-01-20 22:00:00,37.8,
2018-01-20 22:15:00,40.14,
2018-01-20 22:30:00,37.76,
2018-01-20 22:45:00,30.1,
2018-01-20 23:00:00,28.08,
2018-01-20 23:15:00,28.08,
2018-01-20 23:30:00,28.33,
2018-01-20 23:45:00,38.2,
2018-01-21 00:00:00,4.39,
2018-01-21 00:15:00,33.88,
2018-01-21 00:30:00,38.09,
2018-01-21 00:45:00,39.82,
2018-01-21 01:00:00,37.44,
2018-01-21 01:15:00,40.43,
2018-01-21 01:30:00,39.64,
2018-01-21 01:45:00,37.91,
2018-01-21 02:00:00,40.93,
2018-01-21 02:15:00,37.48,
2018-01-21 02:30:00,34.92,
2018-01-21 02:45:00,40.03,
2018-01-21 03:00:00,40.79,
2018-01-21 03:15:00,38.38,
2018-01-21 03:30:00,40.5,
2018-01-21 03:45:00,38.56,
2018-01-21 04:00:00,38.2,
2018-01-21 04:15:00,41.04,
2018-01-21 04:30:00,37.33,
2018-01-21 04:45:00,41.15,
2018-01-21 05:00:00,40.1,
2018-01-21 05:15:00,33.37,
2018-01-21 05:30:00,19.37,
2018-01-21 05:45:00,5.0,
2018-01-21 06:00:00,5.15,
2018-01-21 06:15:00,4.9,
2018-01-21 06:30:00,4.93,
2018-01-21 06:45:00,4.86,
2018-01-21 07:00:00,4.79,
2018-01-21 07:15:00,4.72,
2018-01-21 07:30:00,4.75,
2018-01-21 07:45:00,4.79,
2018-01-21 08:00:00,4.79,
2018-01-21 08:15:00,4.79,
2018-01-21 08:30:00,4.72,
2018-01-21 08:45:00,4.79,
2018-01-21 09:00:00,5.04,
2018-01-21 09:15:00,5.11,
2018-01-21 09:30:00,5.15,
2018-01-21 09:45:00,5.15,
2018-01-21 10:00:00,5.18,
2018-01-21 10:15:00,5.15,
2018-01-21 10:30:00,5.15,
2018-01-21 10:45:00,5.15,
2018-01-21 11:00:00,5.15,
2018-01-21 11:15:00,5.0,
2018-01-21 11:30:00,4.93,
2018-01-21 11:45:00,4.9,
2018-01-21 12:00:00,4.9,
2018-01-21 12:15:00,5.08,
2018-01-21 12:30:00,5.18,
2018-01-21 12:45:00,5.22,
2018-01-21 13:00:00,5.11,
2018-01-21 13:15:00,5.11,
2018-01-21 13:30:00,5.11,
2018-01-21 13:45:00,5.11,
2018-01-21 14:00:00,5.18,
2018-01-21 14:15:00,5.08,
2018-01-21 14:30:00,5.15,
2018-01-21 14:45:00,5.08,
2018-01-21 15:00:00,5.11,
2018-01-21 15:15:00,5.11,
2018-01-21 15:30:00,5.15,
2018-01-21 15:45:00,5.08,
2018-01-21 16:00:00,5.11,
2018-01-21 16:15:00,5.11,
2018-01-21 16:30:00,5.18,
2018-01-21 16:45:00,5.08,
2018-01-21 17:00:00,5.08,
2018-01-21 17:15:00,5.08,
2018-01-21 17:30:00,5.0,
2018-01-21 17:45:00,5.0,
2018-01-21 18:00:00,4.97,
2018-01-21 18:15:00,4.75,
2018-01-21 18:30:00,4.75,
2018-01-21 18:45:00,4.93,
2018-01-21 19:00:00,4.97,
2018-01-21 19:15:00,5.04,
2018-01-21 19:30:00,4.97,
2018-01-21 19:45:00,4.97,
2018-01-21 20:00:00,4.64,
2018-01-21 20:15:00,4.46,
2018-01-21 20:30:00,5.0,
2018-01-21 20:45:00,4.14,
2018-01-21 21:00:00,5.0,
2018-01-21 21:15:00,4.28,
2018-01-21 21:30:00,4.61,
2018-01-21 21:45:00,4.61,
2018-01-21 22:00:00,4.32,
2018-01-21 22:15:00,4.68,
2018-01-21 22:30:00,3.85,
2018-01-21 22:45:00,4.46,
2018-01-21 23:00:00,4.0,
2018-01-21 23:15:00,4.07,
2018-01-21 23:30:00,4.32,
2018-01-21 23:45:00,3.82,
2018-01-22 00:00:00,39.49,
2018-01-22 00:15:00,4.0,
2018-01-22 00:30:00,4.0,
2018-01-22 00:45:00,4.39,
2018-01-22 01:00:00,3.89,
2018-01-22 01:15:00,4.25,
2018-01-22 01:30:00,4.21,
2018-01-22 01:45:00,3.96,
2018-01-22 02:00:00,4.36,
2018-01-22 02:15:00,4.03,
2018-01-22 02:30:00,3.85,
2018-01-22 02:45:00,4.46,
2018-01-22 03:00:00,4.0,
2018-01-22 03:15:00,3.92,
2018-01-22 03:30:00,4.54,
2018-01-22 03:45:00,3.92,
2018-01-22 04:00:00,3.92,
2018-01-22 04:15:00,4.5,
2018-01-22 04:30:00,3.96,
2018-01-22 04:45:00,3.89,
2018-01-22 05:00:00,4.43,
2018-01-22 05:15:00,3.92,
2018-01-22 05:30:00,3.96,
2018-01-22 05:45:00,4.43,
2018-01-22 06:00:00,3.92,
2018-01-22 06:15:00,3.85,
2018-01-22 06:30:00,4.39,
2018-01-22 06:45:00,3.96,
2018-01-22 07:00:00,3.82,
2018-01-22 07:15:00,4.25,
2018-01-22 07:30:00,4.46,
2018-01-22 07:45:00,5.4,
2018-01-22 08:00:00,6.01,
2018-01-22 08:15:00,33.37,
2018-01-22 08:30:00,78.41,
2018-01-22 08:45:00,85.1,
2018-01-22 09:00:00,81.36,
2018-01-22 09:15:00,104.87,
2018-01-22 09:30:00,89.35,
2018-01-22 09:45:00,98.89,
2018-01-22 10:00:00,82.48,
2018-01-22 10:15:00,86.08,
2018-01-22 10:30:00,97.06,
2018-01-22 10:45:00,88.09,
2018-01-22 11:00:00,79.88,
2018-01-22 11:15:00,67.18,
2018-01-22 11:30:00,71.53,
2018-01-22 11:45:00,111.89,
2018-01-22 12:00:00,76.21,
2018-01-22 12:15:00,13.64,
2018-01-22 12:30:00,8.1,
2018-01-22 12:45:00,7.81,
2018-01-22 13:00:00,7.31,
2018-01-22 13:15:00,77.18,
2018-01-22 13:30:00,84.92,
2018-01-22 13:45:00,63.86,
2018-01-22 14:00:00,67.75,
2018-01-22 14:15:00,75.42,
2018-01-22 14:30:00,65.66,
2018-01-22 14:45:00,73.58,
2018-01-22 15:00:00,68.51,
2018-01-22 15:15:00,64.26,
2018-01-22 15:30:00,57.35,
2018-01-22 15:45:00,64.73,
2018-01-22 16:00:00,74.66,
2018-01-22 16:15:00,63.5,
2018-01-22 16:30:00,64.94,
2018-01-22 16:45:00,55.84,
2018-01-22 17:00:00,71.89,
2018-01-22 17:15:00,61.49,
2018-01-22 17:30:00,61.42,
2018-01-22 17:45:00,39.67,
2018-01-22 18:00:00,33.48,
2018-01-22 18:15:00,46.04,
2018-01-22 18:30:00,59.26,
2018-01-22 18:45:00,56.77,
2018-01-22 19:00:00,65.63,
2018-01-22 19:15:00,83.66,
2018-01-22 19:30:00,60.44,
2018-01-22 19:45:00,74.2,
2018-01-22 20:00:00,74.48,
2018-01-22 20:15:00,85.46,
2018-01-22 20:30:00,62.6,
2018-01-22 20:45:00,52.92,
2018-01-22 21:00:00,47.41,
2018-01-22 21:15:00,39.42,
2018-01-22 21:30:00,35.17,
2018-01-22 21:45:00,35.1,
2018-01-22 22:00:00,39.78,
2018-01-22 22:15:00,36.9,
2018-01-22 22:30:00,40.39,
2018-01-22 22:45:00,36.9,
2018-01-22 23:00:00,38.23,
2018-01-22 23:15:00,39.96,
2018-01-22 23:30:00,35.78,
2018-01-22 23:45:00,38.56,
2018-01-23 00:00:00,40.82,
2018-01-23 00:15:00,37.08,
2018-01-23 00:30:00,37.94,
2018-01-23 00:45:00,39.71,
2018-01-23 01:00:00,37.87,
2018-01-23 01:15:00,34.49,
2018-01-23 01:30:00,30.56,
2018-01-23 01:45:00,29.2,
2018-01-23 02:00:00,28.73,
2018-01-23 02:15:00,32.98,
2018-01-23 02:30:00,36.25,
2018-01-23 02:45:00,36.5,
2018-01-23 03:00:00,37.37,
2018-01-23 03:15:00,38.09,
2018-01-23 03:30:00,39.64,
2018-01-23 03:45:00,36.5,
2018-01-23 04:00:00,39.85,
2018-01-23 04:15:00,39.56,
2018-01-23 04:30:00,38.12,
2018-01-23 04:45:00,40.32,
2018-01-23 05:00:00,36.65,
2018-01-23 05:15:00,39.56,
2018-01-23 05:30:00,39.96,
2018-01-23 05:45:00,35.96,
2018-01-23 06:00:00,40.14,
2018-01-23 06:15:00,40.1,
2018-01-23 06:30:00,37.73,
2018-01-23 06:45:00,39.71,
2018-01-23 07:00:00,37.55,
2018-01-23 07:15:00,39.49,
2018-01-23 07:30:00,41.83,
2018-01-23 07:45:00,41.26,
2018-01-23 08:00:00,42.08,
2018-01-23 08:15:00,50.69,
2018-01-23 08:30:00,64.62,
2018-01-23 08:45:00,63.54,
2018-01-23 09:00:00,86.47,
2018-01-23 09:15:00,75.2,
2018-01-23 09:30:00,75.82,
2018-01-23 09:45:00,65.38,
2018-01-23 10:00:00,66.06,
2018-01-23 10:15:00,65.84,
2018-01-23 10:30:00,68.18,
2018-01-23 10:45:00,70.09,
2018-01-23 11:00:00,74.3,
2018-01-23 11:15:00,71.42,
2018-01-23 11:30:00,65.12,
2018-01-23 11:45:00,65.2,
2018-01-23 12:00:00,66.56,
2018-01-23 12:15:00,20.41,
2018-01-23 12:30:00,10.76,
2018-01-23 12:45:00,10.98,
2018-01-23 13:00:00,11.63,
2018-01-23 13:15:00,78.91,
2018-01-23 13:30:00,84.06,
2018-01-23 13:45:00,68.51,
2018-01-23 14:00:00,66.06,
2018-01-23 14:15:00,65.59,
2018-01-23 14:30:00,56.95,
2018-01-23 14:45:00,63.68,
2018-01-23 15:00:00,71.39,
2018-01-23 15:15:00,89.06,
2018-01-23 15:30:00,90.04,
2018-01-23 15:45:00,67.28,
2018-01-23 16:00:00,72.9,
2018-01-23 16:15:00,72.5,
2018-01-23 16:30:00,87.16,
2018-01-23 16:45:00,95.33,
2018-01-23 17:00:00,90.58,
2018-01-23 17:15:00,82.84,
2018-01-23 17:30:00,74.63,
2018-01-23 17:45:00,45.36,
2018-01-23 18:00:00,35.28,
2018-01-23 18:15:00,65.38,
2018-01-23 18:30:00,82.98,
2018-01-23 18:45:00,83.56,
2018-01-23 19:00:00,87.7,
2018-01-23 19:15:00,68.58,
2018-01-23 19:30:00,90.11,
2018-01-23 19:45:00,88.63,
2018-01-23 20:00:00,88.34,
2018-01-23 20:15:00,84.64,
2018-01-23 20:30:00,75.85,
2018-01-23 20:45:00,75.06,
2018-01-23 21:00:00,42.44,
2018-01-23 21:15:00,42.66,
2018-01-23 21:30:00,40.07,
2018-01-23 21:45:00,37.69,
2018-01-23 22:00:00,37.44,
2018-01-23 22:15:00,41.83,
2018-01-23 22:30:00,37.33,
2018-01-23 22:45:00,41.08,
2018-01-23 23:00:00,40.0,
2018-01-23 23:15:00,37.33,
2018-01-23 23:30:00,41.36,
2018-01-23 23:45:00,36.76,
2018-01-24 00:00:00,40.21,
2018-01-24 00:15:00,40.03,
2018-01-24 00:30:00,37.84,
2018-01-24 00:45:00,41.54,
2018-01-24 01:00:00,35.57,
2018-01-24 01:15:00,32.15,
2018-01-24 01:30:00,32.0,
2018-01-24 01:45:00,32.36,
2018-01-24 02:00:00,32.36,
2018-01-24 02:15:00,31.07,
2018-01-24 02:30:00,30.67,
2018-01-24 02:45:00,30.53,
2018-01-24 03:00:00,30.53,
2018-01-24 03:15:00,36.5,
2018-01-24 03:30:00,48.13,
2018-01-24 03:45:00,42.59,
2018-01-24 04:00:00,38.84,
2018-01-24 04:15:00,39.24,
2018-01-24 04:30:00,38.84,
2018-01-24 04:45:00,34.49,
2018-01-24 05:00:00,34.06,
2018-01-24 05:15:00,35.6,
2018-01-24 05:30:00,38.95,
2018-01-24 05:45:00,40.64,
2018-01-24 06:00:00,35.71,
2018-01-24 06:15:00,40.64,
2018-01-24 06:30:00,39.71,
2018-01-24 06:45:00,38.2,
2018-01-24 07:00:00,40.39,
2018-01-24 07:15:00,37.33,
2018-01-24 07:30:00,41.87,
2018-01-24 07:45:00,41.33,
2018-01-24 08:00:00,37.3,
2018-01-24 08:15:00,55.3,
2018-01-24 08:30:00,76.9,
2018-01-24 08:45:00,78.44,
2018-01-24 09:00:00,78.55,
2018-01-24 09:15:00,79.27,
2018-01-24 09:30:00,72.18,
2018-01-24 09:45:00,90.4,
2018-01-24 10:00:00,74.45,
2018-01-24 10:15:00,74.92,
2018-01-24 10:30:00,74.38,
2018-01-24 10:45:00,62.82,
2018-01-24 11:00:00,61.31,
2018-01-24 11:15:00,59.18,
2018-01-24 11:30:00,81.0,
2018-01-24 11:45:00,92.59,
2018-01-24 12:00:00,88.13,
2018-01-24 12:15:00,14.65,
2018-01-24 12:30:00,9.43,
2018-01-24 12:45:00,9.61,
2018-01-24 13:00:00,8.89,
2018-01-24 13:15:00,75.17,
2018-01-24 13:30:00,98.35,
2018-01-24 13:45:00,90.68,
2018-01-24 14:00:00,97.34,
2018-01-24 14:15:00,94.18,
2018-01-24 14:30:00,79.27,
2018-01-24 14:45:00,95.65,
2018-01-24 15:00:00,96.8,
2018-01-24 15:15:00,90.94,
2018-01-24 15:30:00,79.52,
2018-01-24 15:45:00,83.66,
2018-01-24 16:00:00,75.42,
2018-01-24 16:15:00,76.68,
2018-01-24 16:30:00,86.15,
2018-01-24 16:45:00,67.28,
2018-01-24 17:00:00,72.97,
2018-01-24 17:15:00,74.59,
2018-01-24 17:30:00,65.16,
2018-01-24 17:45:00,53.35,
2018-01-24 18:00:00,34.38,
2018-01-24 18:15:00,30.02,
2018-01-24 18:30:00,27.79,
2018-01-24 18:45:00,27.97,
2018-01-24 19:00:00,28.4,
2018-01-24 19:15:00,29.05,
2018-01-24 19:30:00,29.92,
2018-01-24 19:45:00,31.5,
2018-01-24 20:00:00,34.49,
2018-01-24 20:15:00,34.78,
2018-01-24 20:30:00,37.48,
2018-01-24 20:45:00,37.01,
2018-01-24 21:00:00,37.08,
2018-01-24 21:15:00,35.53,
2018-01-24 21:30:00,43.09,
2018-01-24 21:45:00,36.4,
2018-01-24 22:00:00,38.2,
2018-01-24 22:15:00,39.2,
2018-01-24 22:30:00,40.1,
2018-01-24 22:45:00,39.42,
2018-01-24 23:00:00,36.94,
2018-01-24 23:15:00,41.98,
2018-01-24 23:30:00,40.0,
2018-01-24 23:45:00,35.89,
2018-01-25 00:00:00,41.11,
2018-01-25 00:15:00,41.9,
2018-01-25 00:30:00,35.89,
2018-01-25 00:45:00,39.96,
2018-01-25 01:00:00,42.26,
2018-01-25 01:15:00,36.94,
2018-01-25 01:30:00,39.89,
2018-01-25 01:45:00,35.1,
2018-01-25 02:00:00,38.12,
2018-01-25 02:15:00,38.7,
2018-01-25 02:30:00,33.62,
2018-01-25 02:45:00,30.13,
2018-01-25 03:00:00,30.06,
2018-01-25 03:15:00,30.02,
2018-01-25 03:30:00,29.99,
2018-01-25 03:45:00,34.88,
2018-01-25 04:00:00,38.34,
2018-01-25 04:15:00,37.91,
2018-01-25 04:30:00,41.8,
2018-01-25 04:45:00,36.79,
2018-01-25 05:00:00,40.61,
2018-01-25 05:15:00,40.68,
2018-01-25 05:30:00,37.33,
2018-01-25 05:45:00,38.59,
2018-01-25 06:00:00,42.01,
2018-01-25 06:15:00,37.22,
2018-01-25 06:30:00,40.68,
2018-01-25 06:45:00,41.98,
2018-01-25 07:00:00,38.34,
2018-01-25 07:15:00,40.75,
2018-01-25 07:30:00,42.73,
2018-01-25 07:45:00,39.02,
2018-01-25 08:00:00,37.19,
2018-01-25 08:15:00,56.27,
2018-01-25 08:30:00,80.46,
2018-01-25 08:45:00,75.49,
2018-01-25 09:00:00,82.8,
2018-01-25 09:15:00,76.54,
2018-01-25 09:30:00,72.5,
2018-01-25 09:45:00,80.68,
2018-01-25 10:00:00,63.58,
2018-01-25 10:15:00,57.2,
2018-01-25 10:30:00,59.65,
2018-01-25 10:45:00,59.83,
2018-01-25 11:00:00,59.98,
2018-01-25 11:15:00,63.11,
2018-01-25 11:30:00,64.15,
2018-01-25 11:45:00,69.05,
2018-01-25 12:00:00,75.17,
2018-01-25 12:15:00,13.72,
2018-01-25 12:30:00,8.53,
2018-01-25 12:45:00,8.6,
2018-01-25 13:00:00,8.64,
2018-01-25 13:15:00,54.32,
2018-01-25 13:30:00,78.7,
2018-01-25 13:45:00,74.95,
2018-01-25 14:00:00,76.75,
2018-01-25 14:15:00,81.07,
2018-01-25 14:30:00,78.12,
2018-01-25 14:45:00,76.18,
2018-01-25 15:00:00,81.65,
2018-01-25 15:15:00,81.0,
2018-01-25 15:30:00,76.93,
2018-01-25 15:45:00,68.04,
2018-01-25 16:00:00,68.58,
2018-01-25 16:15:00,85.9,
2018-01-25 16:30:00,87.73,
2018-01-25 16:45:00,98.82,
2018-01-25 17:00:00,96.84,
2018-01-25 17:15:00,74.7,
2018-01-25 17:30:00,64.26,
2018-01-25 17:45:00,38.05,
2018-01-25 18:00:00,33.7,
2018-01-25 18:15:00,41.54,
2018-01-25 18:30:00,58.21,
2018-01-25 18:45:00,63.9,
2018-01-25 19:00:00,64.3,
2018-01-25 19:15:00,57.6,
2018-01-25 19:30:00,54.94,
2018-01-25 19:45:00,71.21,
2018-01-25 20:00:00,69.16,
2018-01-25 20:15:00,57.28,
2018-01-25 20:30:00,57.1,
2018-01-25 20:45:00,51.12,
2018-01-25 21:00:00,44.89,
2018-01-25 21:15:00,43.63,
2018-01-25 21:30:00,39.64,
2018-01-25 21:45:00,39.28,
2018-01-25 22:00:00,40.21,
2018-01-25 22:15:00,40.46,
2018-01-25 22:30:00,35.89,
2018-01-25 22:45:00,38.34,
2018-01-25 23:00:00,40.72,
2018-01-25 23:15:00,38.63,
2018-01-25 23:30:00,35.17,
2018-01-25 23:45:00,41.04,
2018-01-26 00:00:00,40.14,
2018-01-26 00:15:00,33.37,
2018-01-26 00:30:00,35.28,
2018-01-26 00:45:00,39.56,
2018-01-26 01:00:00,41.69,
2018-01-26 01:15:00,36.54,
2018-01-26 01:30:00,41.51,
2018-01-26 01:45:00,41.8,
2018-01-26 02:00:00,34.96,
2018-01-26 02:15:00,30.28,
2018-01-26 02:30:00,30.49,
2018-01-26 02:45:00,29.95,
2018-01-26 03:00:00,29.92,
2018-01-26 03:15:00,36.43,
2018-01-26 03:30:00,41.76,
2018-01-26 03:45:00,36.47,
2018-01-26 04:00:00,39.56,
2018-01-26 04:15:00,41.11,
2018-01-26 04:30:00,35.35,
2018-01-26 04:45:00,35.93,
2018-01-26 05:00:00,33.66,
2018-01-26 05:15:00,39.85,
2018-01-26 05:30:00,38.16,
2018-01-26 05:45:00,35.46,
2018-01-26 06:00:00,40.97,
2018-01-26 06:15:00,39.74,
2018-01-26 06:30:00,33.55,
2018-01-26 06:45:00,39.67,
2018-01-26 07:00:00,38.48,
2018-01-26 07:15:00,37.19,
2018-01-26 07:30:00,33.95,
2018-01-26 07:45:00,36.79,
2018-01-26 08:00:00,36.47,
2018-01-26 08:15:00,54.32,
2018-01-26 08:30:00,80.64,
2018-01-26 08:45:00,81.79,
2018-01-26 09:00:00,80.71,
2018-01-26 09:15:00,79.85,
2018-01-26 09:30:00,71.17,
2018-01-26 09:45:00,67.36,
2018-01-26 10:00:00,107.64,
2018-01-26 10:15:00,104.08,
2018-01-26 10:30:00,107.03,
2018-01-26 10:45:00,123.84,
2018-01-26 11:00:00,97.92,
2018-01-26 11:15:00,108.29,
2018-01-26 11:30:00,120.42,
2018-01-26 11:45:00,101.02,
2018-01-26 12:00:00,113.44,
2018-01-26 12:15:00,31.32,
2018-01-26 12:30:00,9.0,
2018-01-26 12:45:00,8.96,
2018-01-26 13:00:00,8.71,
2018-01-26 13:15:00,101.38,
2018-01-26 13:30:00,106.96,
2018-01-26 13:45:00,119.52,
2018-01-26 14:00:00,120.17,
2018-01-26 14:15:00,96.19,
2018-01-26 14:30:00,87.8,
2018-01-26 14:45:00,112.5,
2018-01-26 15:00:00,133.63,
2018-01-26 15:15:00,108.0,
2018-01-26 15:30:00,115.56,
2018-01-26 15:45:00,118.76,
2018-01-26 16:00:00,117.47,
2018-01-26 16:15:00,133.78,
2018-01-26 16:30:00,126.29,
2018-01-26 16:45:00,114.59,
2018-01-26 17:00:00,134.89,
2018-01-26 17:15:00,108.76,
2018-01-26 17:30:00,120.13,
2018-01-26 17:45:00,104.0,
2018-01-26 18:00:00,88.13,
2018-01-26 18:15:00,104.47,
2018-01-26 18:30:00,88.31,
2018-01-26 18:45:00,144.07,
2018-01-26 19:00:00,83.95,
2018-01-26 19:15:00,131.26,
2018-01-26 19:30:00,125.32,
2018-01-26 19:45:00,78.95,
2018-01-26 20:00:00,110.81,
2018-01-26 20:15:00,129.46,
2018-01-26 20:30:00,113.62,
2018-01-26 20:45:00,65.48,
2018-01-26 21:00:00,103.03,
2018-01-26 21:15:00,97.52,
2018-01-26 21:30:00,41.29,
2018-01-26 21:45:00,91.62,
2018-01-26 22:00:00,99.22,
2018-01-26 22:15:00,59.98,
2018-01-26 22:30:00,35.89,
2018-01-26 22:45:00,34.7,
2018-01-26 23:00:00,35.24,
2018-01-26 23:15:00,65.66,
2018-01-26 23:30:00,96.37,
2018-01-26 23:45:00,91.01,
2018-01-27 00:00:00,4.14,
2018-01-27 00:15:00,77.72,
2018-01-27 00:30:00,57.49,
2018-01-27 00:45:00,37.62,
2018-01-27 01:00:00,37.37,
2018-01-27 01:15:00,97.42,
2018-01-27 01:30:00,58.14,
2018-01-27 01:45:00,34.96,
2018-01-27 02:00:00,14.72,
2018-01-27 02:15:00,6.55,
2018-01-27 02:30:00,6.77,
2018-01-27 02:45:00,6.8,
2018-01-27 03:00:00,6.8,
2018-01-27 03:15:00,6.05,
2018-01-27 03:30:00,5.94,
2018-01-27 03:45:00,5.98,
2018-01-27 04:00:00,5.87,
2018-01-27 04:15:00,5.9,
2018-01-27 04:30:00,5.87,
2018-01-27 04:45:00,5.94,
2018-01-27 05:00:00,5.94,
2018-01-27 05:15:00,5.9,
2018-01-27 05:30:00,5.94,
2018-01-27 05:45:00,5.98,
2018-01-27 06:00:00,5.98,
2018-01-27 06:15:00,5.9,
2018-01-27 06:30:00,5.94,
2018-01-27 06:45:00,5.9,
2018-01-27 07:00:00,6.52,
2018-01-27 07:15:00,6.95,
2018-01-27 07:30:00,6.95,
2018-01-27 07:45:00,6.98,
2018-01-27 08:00:00,7.2,
2018-01-27 08:15:00,29.56,
2018-01-27 08:30:00,32.69,
2018-01-27 08:45:00,32.8,
2018-01-27 09:00:00,33.16,
2018-01-27 09:15:00,32.47,
2018-01-27 09:30:00,33.12,
2018-01-27 09:45:00,33.52,
2018-01-27 10:00:00,33.37,
2018-01-27 10:15:00,33.52,
2018-01-27 10:30:00,33.34,
2018-01-27 10:45:00,33.41,
2018-01-27 11:00:00,32.26,
2018-01-27 11:15:00,31.9,
2018-01-27 11:30:00,30.85,
2018-01-27 11:45:00,31.86,
2018-01-27 12:00:00,14.94,
2018-01-27 12:15:00,5.9,
2018-01-27 12:30:00,5.69,
2018-01-27 12:45:00,5.44,
2018-01-27 13:00:00,5.51,
2018-01-27 13:15:00,15.84,
2018-01-27 13:30:00,27.9,
2018-01-27 13:45:00,29.41,
2018-01-27 14:00:00,28.3,
2018-01-27 14:15:00,28.91,
2018-01-27 14:30:00,28.8,
2018-01-27 14:45:00,28.3,
2018-01-27 15:00:00,28.58,
2018-01-27 15:15:00,32.15,
2018-01-27 15:30:00,35.53,
2018-01-27 15:45:00,34.92,
2018-01-27 16:00:00,34.2,
2018-01-27 16:15:00,33.73,
2018-01-27 16:30:00,21.82,
2018-01-27 16:45:00,7.6,
2018-01-27 17:00:00,7.42,
2018-01-27 17:15:00,6.77,
2018-01-27 17:30:00,6.41,
2018-01-27 17:45:00,6.41,
2018-01-27 18:00:00,6.44,
2018-01-27 18:15:00,6.26,
2018-01-27 18:30:00,6.05,
2018-01-27 18:45:00,6.26,
2018-01-27 19:00:00,6.37,
2018-01-27 19:15:00,6.3,
2018-01-27 19:30:00,6.41,
2018-01-27 19:45:00,6.34,
2018-01-27 20:00:00,5.54,
2018-01-27 20:15:00,4.86,
2018-01-27 20:30:00,4.43,
2018-01-27 20:45:00,4.39,
2018-01-27 21:00:00,4.36,
2018-01-27 21:15:00,4.43,
2018-01-27 21:30:00,4.43,
2018-01-27 21:45:00,4.46,
2018-01-27 22:00:00,4.43,
2018-01-27 22:15:00,4.28,
2018-01-27 22:30:00,4.61,
2018-01-27 22:45:00,6.05,
2018-01-27 23:00:00,4.9,
2018-01-27 23:15:00,4.07,
2018-01-27 23:30:00,4.03,
2018-01-27 23:45:00,4.07,
2018-01-28 00:00:00,4.61,
2018-01-28 00:15:00,4.1,
2018-01-28 00:30:00,4.1,
2018-01-28 00:45:00,4.1,
2018-01-28 01:00:00,4.14,
2018-01-28 01:15:00,4.5,
2018-01-28 01:30:00,4.86,
2018-01-28 01:45:00,4.36,
2018-01-28 02:00:00,4.18,
2018-01-28 02:15:00,4.14,
2018-01-28 02:30:00,4.21,
2018-01-28 02:45:00,4.21,
2018-01-28 03:00:00,4.93,
2018-01-28 03:15:00,4.21,
2018-01-28 03:30:00,4.21,
2018-01-28 03:45:00,4.28,
2018-01-28 04:00:00,4.18,
2018-01-28 04:15:00,4.86,
2018-01-28 04:30:00,4.72,
2018-01-28 04:45:00,4.18,
2018-01-28 05:00:00,4.21,
2018-01-28 05:15:00,4.18,
2018-01-28 05:30:00,4.79,
2018-01-28 05:45:00,4.61,
2018-01-28 06:00:00,4.18,
2018-01-28 06:15:00,4.25,
2018-01-28 06:30:00,4.18,
2018-01-28 06:45:00,4.18,
2018-01-28 07:00:00,4.21,
2018-01-28 07:15:00,4.9,
2018-01-28 07:30:00,4.72,
2018-01-28 07:45:00,4.25,
2018-01-28 08:00:00,4.18,
2018-01-28 08:15:00,4.25,
2018-01-28 08:30:00,8.64,
2018-01-28 08:45:00,12.06,
2018-01-28 09:00:00,11.05,
2018-01-28 09:15:00,23.11,
2018-01-28 09:30:00,28.26,
2018-01-28 09:45:00,32.58,
2018-01-28 10:00:00,35.64,
2018-01-28 10:15:00,28.04,
2018-01-28 10:30:00,27.86,
2018-01-28 10:45:00,27.86,
2018-01-28 11:00:00,27.86,
2018-01-28 11:15:00,31.32,
2018-01-28 11:30:00,34.16,
2018-01-28 11:45:00,28.22,
2018-01-28 12:00:00,28.12,
2018-01-28 12:15:00,8.46,
2018-01-28 12:30:00,6.88,
2018-01-28 12:45:00,7.63,
2018-01-28 13:00:00,6.59,
2018-01-28 13:15:00,6.41,
2018-01-28 13:30:00,6.8,
2018-01-28 13:45:00,9.54,
2018-01-28 14:00:00,28.51,
2018-01-28 14:15:00,30.49,
2018-01-28 14:30:00,30.13,
2018-01-28 14:45:00,30.13,
2018-01-28 15:00:00,30.06,
2018-01-28 15:15:00,29.99,
2018-01-28 15:30:00,30.1,
2018-01-28 15:45:00,30.24,
2018-01-28 16:00:00,30.78,
2018-01-28 16:15:00,32.04,
2018-01-28 16:30:00,31.18,
2018-01-28 16:45:00,30.35,
2018-01-28 17:00:00,30.13,
2018-01-28 17:15:00,30.2,
2018-01-28 17:30:00,30.46,
2018-01-28 17:45:00,19.66,
2018-01-28 18:00:00,6.44,
2018-01-28 18:15:00,6.37,
2018-01-28 18:30:00,6.12,
2018-01-28 18:45:00,6.37,
2018-01-28 19:00:00,6.41,
2018-01-28 19:15:00,6.3,
2018-01-28 19:30:00,6.37,
2018-01-28 19:45:00,6.34,
2018-01-28 20:00:00,6.37,
2018-01-28 20:15:00,6.3,
2018-01-28 20:30:00,6.3,
2018-01-28 20:45:00,6.34,
2018-01-28 21:00:00,6.37,
2018-01-28 21:15:00,6.34,
2018-01-28 21:30:00,6.3,
2018-01-28 21:45:00,5.44,
2018-01-28 22:00:00,4.93,
2018-01-28 22:15:00,4.28,
2018-01-28 22:30:00,4.03,
2018-01-28 22:45:00,4.0,
2018-01-28 23:00:00,4.0,
2018-01-28 23:15:00,4.07,
2018-01-28 23:30:00,4.21,
2018-01-28 23:45:00,4.14,
2018-01-29 00:00:00,45.54,
2018-01-29 00:15:00,5.26,
2018-01-29 00:30:00,5.0,
2018-01-29 00:45:00,4.36,
2018-01-29 01:00:00,4.18,
2018-01-29 01:15:00,4.21,
2018-01-29 01:30:00,4.18,
2018-01-29 01:45:00,4.21,
2018-01-29 02:00:00,4.18,
2018-01-29 02:15:00,4.18,
2018-01-29 02:30:00,4.18,
2018-01-29 02:45:00,4.68,
2018-01-29 03:00:00,5.4,
2018-01-29 03:15:00,4.75,
2018-01-29 03:30:00,4.25,
2018-01-29 03:45:00,4.18,
2018-01-29 04:00:00,4.21,
2018-01-29 04:15:00,4.14,
2018-01-29 04:30:00,4.14,
2018-01-29 04:45:00,4.14,
2018-01-29 05:00:00,4.28,
2018-01-29 05:15:00,5.04,
2018-01-29 05:30:00,4.25,
2018-01-29 05:45:00,4.79,
2018-01-29 06:00:00,4.82,
2018-01-29 06:15:00,4.18,
2018-01-29 06:30:00,4.18,
2018-01-29 06:45:00,4.18,
2018-01-29 07:00:00,4.18,
2018-01-29 07:15:00,4.1,
2018-01-29 07:30:00,4.72,
2018-01-29 07:45:00,5.65,
2018-01-29 08:00:00,7.88,
2018-01-29 08:15:00,19.12,
2018-01-29 08:30:00,47.77,
2018-01-29 08:45:00,50.76,
2018-01-29 09:00:00,55.73,
2018-01-29 09:15:00,51.26,
2018-01-29 09:30:00,53.21,
2018-01-29 09:45:00,64.62,
2018-01-29 10:00:00,79.02,
2018-01-29 10:15:00,62.78,
2018-01-29 10:30:00,57.06,
2018-01-29 10:45:00,59.18,
2018-01-29 11:00:00,71.14,
2018-01-29 11:15:00,90.97,
2018-01-29 11:30:00,78.44,
2018-01-29 11:45:00,139.79,
2018-01-29 12:00:00,122.72,
2018-01-29 12:15:00,21.06,
2018-01-29 12:30:00,10.01,
2018-01-29 12:45:00,10.37,
2018-01-29 13:00:00,9.43,
2018-01-29 13:15:00,71.21,
2018-01-29 13:30:00,95.29,
2018-01-29 13:45:00,121.5,
2018-01-29 14:00:00,117.07,
2018-01-29 14:15:00,124.52,
2018-01-29 14:30:00,114.84,
2018-01-29 14:45:00,97.27,
2018-01-29 15:00:00,129.56,
2018-01-29 15:15:00,111.56,
2018-01-29 15:30:00,71.93,
2018-01-29 15:45:00,97.09,
2018-01-29 16:00:00,109.48,
2018-01-29 16:15:00,83.45,
2018-01-29 16:30:00,102.46,
2018-01-29 16:45:00,129.13,
2018-01-29 17:00:00,126.61,
2018-01-29 17:15:00,117.43,
2018-01-29 17:30:00,142.67,
2018-01-29 17:45:00,68.62,
2018-01-29 18:00:00,111.06,
2018-01-29 18:15:00,97.7,
2018-01-29 18:30:00,89.6,
2018-01-29 18:45:00,138.2,
2018-01-29 19:00:00,127.33,
2018-01-29 19:15:00,89.82,
2018-01-29 19:30:00,136.73,
2018-01-29 19:45:00,108.22,
2018-01-29 20:00:00,74.34,
2018-01-29 20:15:00,142.7,
2018-01-29 20:30:00,104.72,
2018-01-29 20:45:00,66.24,
2018-01-29 21:00:00,82.98,
2018-01-29 21:15:00,94.07,
2018-01-29 21:30:00,86.04,
2018-01-29 21:45:00,46.8,
2018-01-29 22:00:00,66.35,
2018-01-29 22:15:00,56.38,
2018-01-29 22:30:00,44.5,
2018-01-29 22:45:00,90.79,
2018-01-29 23:00:00,81.0,
2018-01-29 23:15:00,84.2,
2018-01-29 23:30:00,98.5,
2018-01-29 23:45:00,52.63,
2018-01-30 00:00:00,97.99,
2018-01-30 00:15:00,55.91,
2018-01-30 00:30:00,100.73,
2018-01-30 00:45:00,73.94,
2018-01-30 01:00:00,98.96,
2018-01-30 01:15:00,75.38,
2018-01-30 01:30:00,23.51,
2018-01-30 01:45:00,7.6,
2018-01-30 02:00:00,7.99,
2018-01-30 02:15:00,7.13,
2018-01-30 02:30:00,5.87,
2018-01-30 02:45:00,5.76,
2018-01-30 03:00:00,5.8,
2018-01-30 03:15:00,5.83,
2018-01-30 03:30:00,5.87,
2018-01-30 03:45:00,5.76,
2018-01-30 04:00:00,5.8,
2018-01-30 04:15:00,4.68,
2018-01-30 04:30:00,4.25,
2018-01-30 04:45:00,4.0,
2018-01-30 05:00:00,3.92,
2018-01-30 05:15:00,3.92,
2018-01-30 05:30:00,3.92,
2018-01-30 05:45:00,4.0,
2018-01-30 06:00:00,4.0,
2018-01-30 06:15:00,4.72,
2018-01-30 06:30:00,5.18,
2018-01-30 06:45:00,4.36,
2018-01-30 07:00:00,4.0,
2018-01-30 07:15:00,3.89,
2018-01-30 07:30:00,5.0,
2018-01-30 07:45:00,7.7,
2018-01-30 08:00:00,9.68,
2018-01-30 08:15:00,37.94,
2018-01-30 08:30:00,51.88,
2018-01-30 08:45:00,52.02,
2018-01-30 09:00:00,77.26,
2018-01-30 09:15:00,102.17,
2018-01-30 09:30:00,98.46,
2018-01-30 09:45:00,119.3,
2018-01-30 10:00:00,93.24,
2018-01-30 10:15:00,121.82,
2018-01-30 10:30:00,114.26,
2018-01-30 10:45:00,130.5,
2018-01-30 11:00:00,103.54,
2018-01-30 11:15:00,60.26,
2018-01-30 11:30:00,54.94,
2018-01-30 11:45:00,81.9,
2018-01-30 12:00:00,68.76,
2018-01-30 12:15:00,14.98,
2018-01-30 12:30:00,9.11,
2018-01-30 12:45:00,9.72,
2018-01-30 13:00:00,10.22,
2018-01-30 13:15:00,49.72,
2018-01-30 13:30:00,67.21,
2018-01-30 13:45:00,58.68,
2018-01-30 14:00:00,60.01,
2018-01-30 14:15:00,59.22,
2018-01-30 14:30:00,70.78,
2018-01-30 14:45:00,75.64,
2018-01-30 15:00:00,73.37,
2018-01-30 15:15:00,64.8,
2018-01-30 15:30:00,66.46,
2018-01-30 15:45:00,77.4,
2018-01-30 16:00:00,74.38,
2018-01-30 16:15:00,72.04,
2018-01-30 16:30:00,68.36,
2018-01-30 16:45:00,77.47,
2018-01-30 17:00:00,76.64,
2018-01-30 17:15:00,69.44,
2018-01-30 17:30:00,68.94,
2018-01-30 17:45:00,51.88,
2018-01-30 18:00:00,41.72,
2018-01-30 18:15:00,55.26,
2018-01-30 18:30:00,65.45,
2018-01-30 18:45:00,63.5,
2018-01-30 19:00:00,62.86,
2018-01-30 19:15:00,62.32,
2018-01-30 19:30:00,63.32,
2018-01-30 19:45:00,81.65,
2018-01-30 20:00:00,110.81,
2018-01-30 20:15:00,128.27,
2018-01-30 20:30:00,84.92,
2018-01-30 20:45:00,122.26,
2018-01-30 21:00:00,71.42,
2018-01-30 21:15:00,70.13,
2018-01-30 21:30:00,81.65,
2018-01-30 21:45:00,86.15,
2018-01-30 22:00:00,68.54,
2018-01-30 22:15:00,50.72,
2018-01-30 22:30:00,78.62,
2018-01-30 22:45:00,90.79,
2018-01-30 23:00:00,68.4,
2018-01-30 23:15:00,95.22,
2018-01-30 23:30:00,97.31,
2018-01-30 23:45:00,70.02,
2018-01-31 00:00:00,60.01,
2018-01-31 00:15:00,57.31,
2018-01-31 00:30:00,81.68,
2018-01-31 00:45:00,98.17,
2018-01-31 01:00:00,66.67,
2018-01-31 01:15:00,100.08,
2018-01-31 01:30:00,60.77,
2018-01-31 01:45:00,16.7,
2018-01-31 02:00:00,6.23,
2018-01-31 02:15:00,6.23,
2018-01-31 02:30:00,5.94,
2018-01-31 02:45:00,5.87,
2018-01-31 03:00:00,5.9,
2018-01-31 03:15:00,5.83,
2018-01-31 03:30:00,5.83,
2018-01-31 03:45:00,5.83,
2018-01-31 04:00:00,5.83,
2018-01-31 04:15:00,5.87,
2018-01-31 04:30:00,5.8,
2018-01-31 04:45:00,5.94,
2018-01-31 05:00:00,5.83,
2018-01-31 05:15:00,5.9,
2018-01-31 05:30:00,5.83,
2018-01-31 05:45:00,4.72,
2018-01-31 06:00:00,4.18,
2018-01-31 06:15:00,4.03,
2018-01-31 06:30:00,4.0,
2018-01-31 06:45:00,4.03,
2018-01-31 07:00:00,4.07,
2018-01-31 07:15:00,4.0,
2018-01-31 07:30:00,5.11,
2018-01-31 07:45:00,7.88,
2018-01-31 08:00:00,7.81,
2018-01-31 08:15:00,42.62,
2018-01-31 08:30:00,60.88,
2018-01-31 08:45:00,49.32,
2018-01-31 09:00:00,58.07,
2018-01-31 09:15:00,76.54,
2018-01-31 09:30:00,69.41,
2018-01-31 09:45:00,67.36,
2018-01-31 10:00:00,54.4,
2018-01-31 10:15:00,59.08,
2018-01-31 10:30:00,54.18,
2018-01-31 10:45:00,96.77,
2018-01-31 11:00:00,133.31,
2018-01-31 11:15:00,114.23,
2018-01-31 11:30:00,135.22,
2018-01-31 11:45:00,121.28,
2018-01-31 12:00:00,97.7,
2018-01-31 12:15:00,25.42,
2018-01-31 12:30:00,8.32,
2018-01-31 12:45:00,8.93,
2018-01-31 13:00:00,8.89,
2018-01-31 13:15:00,76.46,
2018-01-31 13:30:00,107.46,
2018-01-31 13:45:00,123.88,
2018-01-31 14:00:00,137.74,
2018-01-31 14:15:00,104.58,
2018-01-31 14:30:00,143.82,
2018-01-31 14:45:00,108.94,
2018-01-31 15:00:00,120.35,
2018-01-31 15:15:00,118.91,
2018-01-31 15:30:00,116.03,
2018-01-31 15:45:00,134.6,
2018-01-31 16:00:00,124.88,
2018-01-31 16:15:00,139.61,
2018-01-31 16:30:00,111.85,
2018-01-31 16:45:00,136.08,
2018-01-31 17:00:00,109.12,
2018-01-31 17:15:00,127.69,
2018-01-31 17:30:00,98.42,
2018-01-31 17:45:00,99.29,
2018-01-31 18:00:00,97.45,
2018-01-31 18:15:00,59.69,
2018-01-31 18:30:00,102.2,
2018-01-31 18:45:00,74.12,
2018-01-31 19:00:00,88.81,
2018-01-31 19:15:00,69.7,
2018-01-31 19:30:00,39.2,
2018-01-31 19:45:00,76.32,
2018-01-31 20:00:00,55.87,
2018-01-31 20:15:00,98.82,
2018-01-31 20:30:00,66.2,
2018-01-31 20:45:00,49.43,
2018-01-31 21:00:00,99.22,
2018-01-31 21:15:00,77.62,
2018-01-31 21:30:00,80.86,
2018-01-31 21:45:00,96.7,
2018-01-31 22:00:00,58.54,
2018-01-31 22:15:00,80.96,
2018-01-31 22:30:00,80.5,
2018-01-31 22:45:00,54.54,
2018-01-31 23:00:00,99.76,
2018-01-31 23:15:00,91.22,
2018-01-31 23:30:00,87.19,
2018-01-31 23:45:00,95.0,
2018-02-01 00:00:00,104.65,
2018-02-01 00:15:00,84.49,
2018-02-01 00:30:00,77.22,
2018-02-01 00:45:00,74.05,
2018-02-01 01:00:00,88.96,
2018-02-01 01:15:00,76.64,
2018-02-01 01:30:00,20.77,
2018-02-01 01:45:00,5.54,
2018-02-01 02:00:00,6.91,
2018-02-01 02:15:00,6.41,
2018-02-01 02:30:00,6.19,
2018-02-01 02:45:00,6.19,
2018-02-01 03:00:00,6.19,
2018-02-01 03:15:00,6.26,
2018-02-01 03:30:00,6.19,
2018-02-01 03:45:00,6.23,
2018-02-01 04:00:00,6.23,
2018-02-01 04:15:00,6.16,
2018-02-01 04:30:00,6.3,
2018-02-01 04:45:00,5.11,
2018-02-01 05:00:00,4.54,
2018-02-01 05:15:00,4.43,
2018-02-01 05:30:00,4.43,
2018-02-01 05:45:00,4.46,
2018-02-01 06:00:00,4.46,
2018-02-01 06:15:00,4.39,
2018-02-01 06:30:00,4.43,
2018-02-01 06:45:00,4.43,
2018-02-01 07:00:00,4.46,
2018-02-01 07:15:00,4.82,
2018-02-01 07:30:00,6.44,
2018-02-01 07:45:00,7.92,
2018-02-01 08:00:00,7.99,
2018-02-01 08:15:00,66.56,
2018-02-01 08:30:00,131.87,
2018-02-01 08:45:00,119.38,
2018-02-01 09:00:00,124.45,
2018-02-01 09:15:00,113.0,
2018-02-01 09:30:00,93.85,
2018-02-01 09:45:00,79.74,
2018-02-01 10:00:00,99.76,
2018-02-01 10:15:00,134.82,
2018-02-01 10:30:00,115.45,
2018-02-01 10:45:00,136.37,
2018-02-01 11:00:00,86.87,
2018-02-01 11:15:00,74.59,
2018-02-01 11:30:00,108.11,
2018-02-01 11:45:00,107.35,
2018-02-01 12:00:00,145.51,
2018-02-01 12:15:00,32.33,
2018-02-01 12:30:00,10.3,
2018-02-01 12:45:00,10.26,
2018-02-01 13:00:00,9.76,
2018-02-01 13:15:00,51.8,
2018-02-01 13:30:00,109.58,
2018-02-01 13:45:00,127.8,
2018-02-01 14:00:00,105.37,
2018-02-01 14:15:00,140.04,
2018-02-01 14:30:00,96.91,
2018-02-01 14:45:00,122.54,
2018-02-01 15:00:00,110.27,
2018-02-01 15:15:00,65.77,
2018-02-01 15:30:00,73.84,
2018-02-01 15:45:00,75.35,
2018-02-01 16:00:00,61.67,
2018-02-01 16:15:00,74.59,
2018-02-01 16:30:00,85.07,
2018-02-01 16:45:00,81.0,
2018-02-01 17:00:00,72.86,
2018-02-01 17:15:00,83.66,
2018-02-01 17:30:00,71.6,
2018-02-01 17:45:00,50.08,
2018-02-01 18:00:00,43.6,
2018-02-01 18:15:00,68.62,
2018-02-01 18:30:00,84.13,
2018-02-01 18:45:00,81.72,
2018-02-01 19:00:00,71.32,
2018-02-01 19:15:00,84.02,
2018-02-01 19:30:00,92.84,
2018-02-01 19:45:00,103.25,
2018-02-01 20:00:00,120.13,
2018-02-01 20:15:00,80.21,
2018-02-01 20:30:00,117.25,
2018-02-01 20:45:00,69.8,
2018-02-01 21:00:00,83.2,
2018-02-01 21:15:00,103.97,
2018-02-01 21:30:00,39.56,
2018-02-01 21:45:00,99.36,
2018-02-01 22:00:00,65.95,
2018-02-01 22:15:00,54.68,
2018-02-01 22:30:00,102.24,
2018-02-01 22:45:00,72.07,
2018-02-01 23:00:00,105.37,
2018-02-01 23:15:00,69.26,
2018-02-01 23:30:00,105.16,
2018-02-01 23:45:00,62.93,
2018-02-02 00:00:00,40.97,
2018-02-02 00:15:00,63.76,
2018-02-02 00:30:00,105.55,
2018-02-02 00:45:00,67.03,
2018-02-02 01:00:00,104.94,
2018-02-02 01:15:00,18.65,
2018-02-02 01:30:00,7.2,
2018-02-02 01:45:00,7.16,
2018-02-02 02:00:00,6.41,
2018-02-02 02:15:00,6.37,
2018-02-02 02:30:00,6.37,
2018-02-02 02:45:00,6.37,
2018-02-02 03:00:00,6.34,
2018-02-02 03:15:00,6.37,
2018-02-02 03:30:00,6.41,
2018-02-02 03:45:00,6.3,
2018-02-02 04:00:00,6.37,
2018-02-02 04:15:00,6.34,
2018-02-02 04:30:00,6.34,
2018-02-02 04:45:00,6.48,
2018-02-02 05:00:00,6.37,
2018-02-02 05:15:00,6.37,
2018-02-02 05:30:00,6.37,
2018-02-02 05:45:00,5.69,
2018-02-02 06:00:00,4.68,
2018-02-02 06:15:00,4.28,
2018-02-02 06:30:00,4.25,
2018-02-02 06:45:00,4.28,
2018-02-02 07:00:00,4.32,
2018-02-02 07:15:00,4.18,
2018-02-02 07:30:00,5.26,
2018-02-02 07:45:00,7.81,
2018-02-02 08:00:00,8.86,
2018-02-02 08:15:00,39.28,
2018-02-02 08:30:00,57.78,
2018-02-02 08:45:00,51.44,
2018-02-02 09:00:00,54.83,
2018-02-02 09:15:00,56.66,
2018-02-02 09:30:00,60.01,
2018-02-02 09:45:00,69.12,
2018-02-02 10:00:00,57.56,
2018-02-02 10:15:00,61.52,
2018-02-02 10:30:00,76.0,
2018-02-02 10:45:00,72.79,
2018-02-02 11:00:00,63.94,
2018-02-02 11:15:00,74.84,
2018-02-02 11:30:00,69.77,
2018-02-02 11:45:00,66.02,
2018-02-02 12:00:00,61.7,
2018-02-02 12:15:00,15.01,
2018-02-02 12:30:00,9.76,
2018-02-02 12:45:00,9.68,
2018-02-02 13:00:00,8.71,
2018-02-02 13:15:00,40.68,
2018-02-02 13:30:00,48.42,
2018-02-02 13:45:00,47.84,
2018-02-02 14:00:00,48.38,
2018-02-02 14:15:00,46.15,
2018-02-02 14:30:00,59.76,
2018-02-02 14:45:00,56.74,
2018-02-02 15:00:00,51.37,
2018-02-02 15:15:00,55.62,
2018-02-02 15:30:00,97.42,
2018-02-02 15:45:00,83.81,
2018-02-02 16:00:00,84.6,
2018-02-02 16:15:00,109.48,
2018-02-02 16:30:00,112.32,
2018-02-02 16:45:00,94.93,
2018-02-02 17:00:00,102.35,
2018-02-02 17:15:00,91.48,
2018-02-02 17:30:00,85.93,
2018-02-02 17:45:00,91.69,
2018-02-02 18:00:00,70.56,
2018-02-02 18:15:00,42.91,
2018-02-02 18:30:00,45.4,
2018-02-02 18:45:00,47.81,
2018-02-02 19:00:00,43.96,
2018-02-02 19:15:00,48.02,
2018-02-02 19:30:00,46.87,
2018-02-02 19:45:00,42.7,
2018-02-02 20:00:00,44.28,
2018-02-02 20:15:00,40.9,
2018-02-02 20:30:00,37.33,
2018-02-02 20:45:00,42.3,
2018-02-02 21:00:00,41.11,
2018-02-02 21:15:00,39.02,
2018-02-02 21:30:00,42.37,
2018-02-02 21:45:00,39.56,
2018-02-02 22:00:00,40.1,
2018-02-02 22:15:00,42.05,
2018-02-02 22:30:00,38.66,
2018-02-02 22:45:00,41.33,
2018-02-02 23:00:00,41.87,
2018-02-02 23:15:00,37.51,
2018-02-02 23:30:00,41.9,
2018-02-02 23:45:00,40.25,
2018-02-03 00:00:00,38.2,
2018-02-03 00:15:00,36.54,
2018-02-03 00:30:00,36.97,
2018-02-03 00:45:00,36.29,
2018-02-03 01:00:00,39.02,
2018-02-03 01:15:00,31.79,
2018-02-03 01:30:00,30.35,
2018-02-03 01:45:00,12.82,
2018-02-03 02:00:00,6.26,
2018-02-03 02:15:00,6.16,
2018-02-03 02:30:00,6.12,
2018-02-03 02:45:00,6.01,
2018-02-03 03:00:00,6.05,
2018-02-03 03:15:00,6.05,
2018-02-03 03:30:00,5.94,
2018-02-03 03:45:00,5.98,
2018-02-03 04:00:00,5.9,
2018-02-03 04:15:00,5.9,
2018-02-03 04:30:00,5.9,
2018-02-03 04:45:00,6.01,
2018-02-03 05:00:00,5.9,
2018-02-03 05:15:00,5.94,
2018-02-03 05:30:00,5.94,
2018-02-03 05:45:00,4.82,
2018-02-03 06:00:00,4.32,
2018-02-03 06:15:00,4.07,
2018-02-03 06:30:00,4.1,
2018-02-03 06:45:00,4.07,
2018-02-03 07:00:00,4.1,
2018-02-03 07:15:00,4.03,
2018-02-03 07:30:00,4.03,
2018-02-03 07:45:00,4.14,
2018-02-03 08:00:00,4.54,
2018-02-03 08:15:00,29.7,
2018-02-03 08:30:00,40.46,
2018-02-03 08:45:00,38.09,
2018-02-03 09:00:00,37.04,
2018-02-03 09:15:00,39.85,
2018-02-03 09:30:00,38.05,
2018-02-03 09:45:00,36.68,
2018-02-03 10:00:00,40.82,
2018-02-03 10:15:00,38.12,
2018-02-03 10:30:00,40.14,
2018-02-03 10:45:00,40.86,
2018-02-03 11:00:00,38.38,
2018-02-03 11:15:00,38.63,
2018-02-03 11:30:00,38.77,
2018-02-03 11:45:00,35.6,
2018-02-03 12:00:00,39.74,
2018-02-03 12:15:00,9.11,
2018-02-03 12:30:00,5.58,
2018-02-03 12:45:00,6.41,
2018-02-03 13:00:00,6.41,
2018-02-03 13:15:00,20.63,
2018-02-03 13:30:00,37.22,
2018-02-03 13:45:00,40.5,
2018-02-03 14:00:00,41.76,
2018-02-03 14:15:00,37.8,
2018-02-03 14:30:00,35.93,
2018-02-03 14:45:00,38.12,
2018-02-03 15:00:00,40.97,
2018-02-03 15:15:00,39.53,
2018-02-03 15:30:00,40.32,
2018-02-03 15:45:00,38.23,
2018-02-03 16:00:00,41.62,
2018-02-03 16:15:00,40.43,
2018-02-03 16:30:00,41.4,
2018-02-03 16:45:00,41.54,
2018-02-03 17:00:00,39.06,
2018-02-03 17:15:00,40.97,
2018-02-03 17:30:00,38.84,
2018-02-03 17:45:00,41.51,
2018-02-03 18:00:00,41.83,
2018-02-03 18:15:00,37.73,
2018-02-03 18:30:00,40.97,
2018-02-03 18:45:00,41.98,
2018-02-03 19:00:00,38.7,
2018-02-03 19:15:00,39.67,
2018-02-03 19:30:00,41.26,
2018-02-03 19:45:00,38.84,
2018-02-03 20:00:00,40.32,
2018-02-03 20:15:00,40.9,
2018-02-03 20:30:00,38.05,
2018-02-03 20:45:00,40.54,
2018-02-03 21:00:00,41.04,
2018-02-03 21:15:00,36.5,
2018-02-03 21:30:00,39.35,
2018-02-03 21:45:00,38.41,
2018-02-03 22:00:00,36.9,
2018-02-03 22:15:00,38.92,
2018-02-03 22:30:00,39.53,
2018-02-03 22:45:00,36.0,
2018-02-03 23:00:00,40.21,
2018-02-03 23:15:00,40.72,
2018-02-03 23:30:00,38.34,
2018-02-03 23:45:00,39.31,
2018-02-04 00:00:00,4.54,
2018-02-04 00:15:00,36.83,
2018-02-04 00:30:00,34.81,
2018-02-04 00:45:00,33.88,
2018-02-04 01:00:00,32.08,
2018-02-04 01:15:00,15.62,
2018-02-04 01:30:00,8.6,
2018-02-04 01:45:00,9.22,
2018-02-04 02:00:00,7.6,
2018-02-04 02:15:00,6.01,
2018-02-04 02:30:00,5.94,
2018-02-04 02:45:00,5.9,
2018-02-04 03:00:00,5.8,
2018-02-04 03:15:00,5.87,
2018-02-04 03:30:00,5.8,
2018-02-04 03:45:00,5.87,
2018-02-04 04:00:00,5.8,
2018-02-04 04:15:00,5.8,
2018-02-04 04:30:00,5.83,
2018-02-04 04:45:00,5.83,
2018-02-04 05:00:00,5.83,
2018-02-04 05:15:00,5.8,
2018-02-04 05:30:00,5.83,
2018-02-04 05:45:00,5.83,
2018-02-04 06:00:00,5.94,
2018-02-04 06:15:00,5.83,
2018-02-04 06:30:00,5.9,
2018-02-04 06:45:00,5.87,
2018-02-04 07:00:00,4.82,
2018-02-04 07:15:00,4.72,
2018-02-04 07:30:00,4.61,
2018-02-04 07:45:00,3.92,
2018-02-04 08:00:00,3.85,
2018-02-04 08:15:00,3.85,
2018-02-04 08:30:00,4.68,
2018-02-04 08:45:00,4.61,
2018-02-04 09:00:00,4.07,
2018-02-04 09:15:00,4.18,
2018-02-04 09:30:00,4.75,
2018-02-04 09:45:00,6.19,
2018-02-04 10:00:00,5.08,
2018-02-04 10:15:00,4.21,
2018-02-04 10:30:00,4.39,
2018-02-04 10:45:00,5.08,
2018-02-04 11:00:00,4.64,
2018-02-04 11:15:00,4.03,
2018-02-04 11:30:00,4.07,
2018-02-04 11:45:00,4.82,
2018-02-04 12:00:00,4.57,
2018-02-04 12:15:00,4.21,
2018-02-04 12:30:00,4.25,
2018-02-04 12:45:00,6.08,
2018-02-04 13:00:00,5.11,
2018-02-04 13:15:00,4.32,
2018-02-04 13:30:00,4.32,
2018-02-04 13:45:00,4.97,
2018-02-04 14:00:00,4.54,
2018-02-04 14:15:00,4.18,
2018-02-04 14:30:00,4.25,
2018-02-04 14:45:00,4.97,
2018-02-04 15:00:00,4.68,
2018-02-04 15:15:00,4.21,
2018-02-04 15:30:00,4.86,
2018-02-04 15:45:00,5.83,
2018-02-04 16:00:00,4.68,
2018-02-04 16:15:00,4.18,
2018-02-04 16:30:00,4.18,
2018-02-04 16:45:00,5.0,
2018-02-04 17:00:00,4.79,
2018-02-04 17:15:00,4.14,
2018-02-04 17:30:00,4.18,
2018-02-04 17:45:00,4.82,
2018-02-04 18:00:00,4.86,
2018-02-04 18:15:00,3.96,
2018-02-04 18:30:00,4.25,
2018-02-04 18:45:00,5.83,
2018-02-04 19:00:00,4.82,
2018-02-04 19:15:00,4.18,
2018-02-04 19:30:00,4.1,
2018-02-04 19:45:00,4.75,
2018-02-04 20:00:00,4.86,
2018-02-04 20:15:00,4.1,
2018-02-04 20:30:00,4.18,
2018-02-04 20:45:00,4.75,
2018-02-04 21:00:00,4.9,
2018-02-04 21:15:00,4.1,
2018-02-04 21:30:00,5.04,
2018-02-04 21:45:00,5.51,
2018-02-04 22:00:00,4.86,
2018-02-04 22:15:00,4.0,
2018-02-04 22:30:00,3.82,
2018-02-04 22:45:00,4.46,
2018-02-04 23:00:00,4.57,
2018-02-04 23:15:00,3.82,
2018-02-04 23:30:00,3.74,
2018-02-04 23:45:00,4.43,
2018-02-05 00:00:00,76.93,
2018-02-05 00:15:00,3.82,
2018-02-05 00:30:00,3.82,
2018-02-05 00:45:00,4.57,
2018-02-05 01:00:00,5.65,
2018-02-05 01:15:00,4.14,
2018-02-05 01:30:00,3.82,
2018-02-05 01:45:00,4.39,
2018-02-05 02:00:00,4.54,
2018-02-05 02:15:00,3.89,
2018-02-05 02:30:00,3.78,
2018-02-05 02:45:00,4.46,
2018-02-05 03:00:00,4.57,
2018-02-05 03:15:00,3.74,
2018-02-05 03:30:00,3.74,
2018-02-05 03:45:00,4.43,
2018-02-05 04:00:00,5.51,
2018-02-05 04:15:00,4.07,
2018-02-05 04:30:00,3.74,
2018-02-05 04:45:00,4.43,
2018-02-05 05:00:00,4.43,
2018-02-05 05:15:00,3.82,
2018-02-05 05:30:00,3.82,
2018-02-05 05:45:00,4.5,
2018-02-05 06:00:00,4.36,
2018-02-05 06:15:00,3.82,
2018-02-05 06:30:00,3.82,
2018-02-05 06:45:00,4.86,
2018-02-05 07:00:00,5.36,
2018-02-05 07:15:00,4.14,
2018-02-05 07:30:00,4.61,
2018-02-05 07:45:00,7.13,
2018-02-05 08:00:00,7.2,
2018-02-05 08:15:00,33.3,
2018-02-05 08:30:00,62.1,
2018-02-05 08:45:00,69.77,
2018-02-05 09:00:00,70.49,
2018-02-05 09:15:00,63.11,
2018-02-05 09:30:00,71.39,
2018-02-05 09:45:00,76.64,
2018-02-05 10:00:00,74.41,
2018-02-05 10:15:00,91.84,
2018-02-05 10:30:00,105.8,
2018-02-05 10:45:00,103.43,
2018-02-05 11:00:00,98.32,
2018-02-05 11:15:00,93.56,
2018-02-05 11:30:00,125.39,
2018-02-05 11:45:00,114.59,
2018-02-05 12:00:00,108.76,
2018-02-05 12:15:00,20.66,
2018-02-05 12:30:00,8.75,
2018-02-05 12:45:00,8.89,
2018-02-05 13:00:00,8.78,
2018-02-05 13:15:00,72.47,
2018-02-05 13:30:00,98.6,
2018-02-05 13:45:00,79.09,
2018-02-05 14:00:00,89.68,
2018-02-05 14:15:00,124.42,
2018-02-05 14:30:00,88.2,
2018-02-05 14:45:00,110.41,
2018-02-05 15:00:00,109.15,
2018-02-05 15:15:00,106.81,
2018-02-05 15:30:00,102.64,
2018-02-05 15:45:00,102.28,
2018-02-05 16:00:00,67.25,
2018-02-05 16:15:00,101.52,
2018-02-05 16:30:00,113.15,
2018-02-05 16:45:00,75.28,
2018-02-05 17:00:00,100.66,
2018-02-05 17:15:00,93.67,
2018-02-05 17:30:00,89.42,
2018-02-05 17:45:00,87.26,
2018-02-05 18:00:00,84.17,
2018-02-05 18:15:00,80.96,
2018-02-05 18:30:00,80.28,
2018-02-05 18:45:00,66.49,
2018-02-05 19:00:00,53.24,
2018-02-05 19:15:00,80.6,
2018-02-05 19:30:00,84.74,
2018-02-05 19:45:00,62.14,
2018-02-05 20:00:00,75.1,
2018-02-05 20:15:00,84.92,
2018-02-05 20:30:00,72.9,
2018-02-05 20:45:00,52.74,
2018-02-05 21:00:00,83.52,
2018-02-05 21:15:00,84.82,
2018-02-05 21:30:00,54.29,
2018-02-05 21:45:00,38.12,
2018-02-05 22:00:00,43.85,
2018-02-05 22:15:00,84.35,
2018-02-05 22:30:00,84.82,
2018-02-05 22:45:00,52.42,
2018-02-05 23:00:00,42.19,
2018-02-05 23:15:00,37.26,
2018-02-05 23:30:00,52.92,
2018-02-05 23:45:00,50.0,
2018-02-06 00:00:00,33.05,
2018-02-06 00:15:00,70.31,
2018-02-06 00:30:00,61.31,
2018-02-06 00:45:00,82.33,
2018-02-06 01:00:00,70.63,
2018-02-06 01:15:00,14.0,
2018-02-06 01:30:00,5.11,
2018-02-06 01:45:00,6.66,
2018-02-06 02:00:00,6.34,
2018-02-06 02:15:00,6.34,
2018-02-06 02:30:00,6.34,
2018-02-06 02:45:00,6.3,
2018-02-06 03:00:00,6.37,
2018-02-06 03:15:00,6.3,
2018-02-06 03:30:00,6.34,
2018-02-06 03:45:00,6.34,
2018-02-06 04:00:00,6.3,
2018-02-06 04:15:00,6.34,
2018-02-06 04:30:00,5.29,
2018-02-06 04:45:00,4.39,
2018-02-06 05:00:00,4.39,
2018-02-06 05:15:00,4.46,
2018-02-06 05:30:00,4.43,
2018-02-06 05:45:00,4.43,
2018-02-06 06:00:00,4.39,
2018-02-06 06:15:00,4.39,
2018-02-06 06:30:00,5.22,
2018-02-06 06:45:00,5.08,
2018-02-06 07:00:00,4.32,
2018-02-06 07:15:00,4.32,
2018-02-06 07:30:00,6.37,
2018-02-06 07:45:00,8.14,
2018-02-06 08:00:00,8.5,
2018-02-06 08:15:00,43.38,
2018-02-06 08:30:00,93.02,
2018-02-06 08:45:00,102.56,
2018-02-06 09:00:00,126.79,
2018-02-06 09:15:00,109.22,
2018-02-06 09:30:00,96.41,
2018-02-06 09:45:00,125.24,
2018-02-06 10:00:00,120.64,
2018-02-06 10:15:00,102.53,
2018-02-06 10:30:00,117.79,
2018-02-06 10:45:00,102.71,
2018-02-06 11:00:00,111.92,
2018-02-06 11:15:00,119.92,
2018-02-06 11:30:00,117.94,
2018-02-06 11:45:00,131.65,
2018-02-06 12:00:00,124.42,
2018-02-06 12:15:00,21.1,
2018-02-06 12:30:00,9.29,
2018-02-06 12:45:00,8.53,
2018-02-06 13:00:00,8.24,
2018-02-06 13:15:00,72.14,
2018-02-06 13:30:00,127.19,
2018-02-06 13:45:00,125.57,
2018-02-06 14:00:00,93.53,
2018-02-06 14:15:00,58.68,
2018-02-06 14:30:00,79.56,
2018-02-06 14:45:00,69.3,
2018-02-06 15:00:00,75.13,
2018-02-06 15:15:00,67.57,
2018-02-06 15:30:00,50.69,
2018-02-06 15:45:00,54.54,
2018-02-06 16:00:00,61.52,
2018-02-06 16:15:00,74.56,
2018-02-06 16:30:00,70.02,
2018-02-06 16:45:00,68.33,
2018-02-06 17:00:00,53.96,
2018-02-06 17:15:00,59.15,
2018-02-06 17:30:00,65.48,
2018-02-06 17:45:00,82.4,
2018-02-06 18:00:00,81.32,
2018-02-06 18:15:00,92.77,
2018-02-06 18:30:00,45.14,
2018-02-06 18:45:00,37.33,
2018-02-06 19:00:00,38.77,
2018-02-06 19:15:00,43.63,
2018-02-06 19:30:00,41.54,
2018-02-06 19:45:00,42.19,
2018-02-06 20:00:00,42.55,
2018-02-06 20:15:00,36.58,
2018-02-06 20:30:00,39.24,
2018-02-06 20:45:00,42.16,
2018-02-06 21:00:00,38.7,
2018-02-06 21:15:00,42.3,
2018-02-06 21:30:00,41.22,
2018-02-06 21:45:00,40.0,
2018-02-06 22:00:00,42.26,
2018-02-06 22:15:00,37.4,
2018-02-06 22:30:00,33.12,
2018-02-06 22:45:00,37.4,
2018-02-06 23:00:00,41.11,
2018-02-06 23:15:00,37.37,
2018-02-06 23:30:00,42.88,
2018-02-06 23:45:00,36.79,
2018-02-07 00:00:00,30.6,
2018-02-07 00:15:00,41.72,
2018-02-07 00:30:00,39.42,
2018-02-07 00:45:00,40.46,
2018-02-07 01:00:00,39.64,
2018-02-07 01:15:00,20.56,
2018-02-07 01:30:00,5.08,
2018-02-07 01:45:00,6.19,
2018-02-07 02:00:00,5.94,
2018-02-07 02:15:00,5.9,
2018-02-07 02:30:00,5.94,
2018-02-07 02:45:00,6.05,
2018-02-07 03:00:00,5.98,
2018-02-07 03:15:00,5.9,
2018-02-07 03:30:00,5.94,
2018-02-07 03:45:00,5.9,
2018-02-07 04:00:00,5.98,
2018-02-07 04:15:00,5.94,
2018-02-07 04:30:00,5.94,
2018-02-07 04:45:00,5.94,
2018-02-07 05:00:00,5.22,
2018-02-07 05:15:00,4.82,
2018-02-07 05:30:00,4.0,
2018-02-07 05:45:00,4.0,
2018-02-07 06:00:00,4.0,
2018-02-07 06:15:00,4.0,
2018-02-07 06:30:00,4.07,
2018-02-07 06:45:00,4.32,
2018-02-07 07:00:00,4.75,
2018-02-07 07:15:00,4.5,
2018-02-07 07:30:00,6.08,
2018-02-07 07:45:00,7.78,
2018-02-07 08:00:00,7.88,
2018-02-07 08:15:00,43.99,
2018-02-07 08:30:00,62.71,
2018-02-07 08:45:00,64.3,
2018-02-07 09:00:00,82.62,
2018-02-07 09:15:00,79.6,
2018-02-07 09:30:00,61.02,
2018-02-07 09:45:00,64.69,
2018-02-07 10:00:00,66.17,
2018-02-07 10:15:00,69.34,
2018-02-07 10:30:00,68.08,
2018-02-07 10:45:00,70.67,
2018-02-07 11:00:00,78.16,
2018-02-07 11:15:00,81.4,
2018-02-07 11:30:00,75.2,
2018-02-07 11:45:00,71.96,
2018-02-07 12:00:00,65.09,
2018-02-07 12:15:00,15.62,
2018-02-07 12:30:00,9.04,
2018-02-07 12:45:00,9.07,
2018-02-07 13:00:00,9.54,
2018-02-07 13:15:00,58.97,
2018-02-07 13:30:00,79.63,
2018-02-07 13:45:00,74.09,
2018-02-07 14:00:00,67.93,
2018-02-07 14:15:00,63.4,
2018-02-07 14:30:00,77.04,
2018-02-07 14:45:00,77.04,
2018-02-07 15:00:00,68.36,
2018-02-07 15:15:00,71.28,
2018-02-07 15:30:00,72.18,
2018-02-07 15:45:00,59.22,
2018-02-07 16:00:00,53.53,
2018-02-07 16:15:00,53.6,
2018-02-07 16:30:00,72.97,
2018-02-07 16:45:00,56.3,
2018-02-07 17:00:00,70.02,
2018-02-07 17:15:00,66.42,
2018-02-07 17:30:00,51.16,
2018-02-07 17:45:00,50.26,
2018-02-07 18:00:00,45.5,
2018-02-07 18:15:00,39.96,
2018-02-07 18:30:00,44.1,
2018-02-07 18:45:00,39.42,
2018-02-07 19:00:00,36.68,
2018-02-07 19:15:00,39.92,
2018-02-07 19:30:00,43.45,
2018-02-07 19:45:00,37.4,
2018-02-07 20:00:00,42.88,
2018-02-07 20:15:00,41.15,
2018-02-07 20:30:00,36.61,
2018-02-07 20:45:00,43.52,
2018-02-07 21:00:00,41.26,
2018-02-07 21:15:00,37.12,
2018-02-07 21:30:00,39.6,
2018-02-07 21:45:00,41.54,
2018-02-07 22:00:00,40.54,
2018-02-07 22:15:00,37.84,
2018-02-07 22:30:00,35.71,
2018-02-07 22:45:00,33.55,
2018-02-07 23:00:00,32.72,
2018-02-07 23:15:00,31.82,
2018-02-07 23:30:00,31.39,
2018-02-07 23:45:00,31.28,
2018-02-08 00:00:00,87.95,
2018-02-08 00:15:00,30.67,
2018-02-08 00:30:00,30.6,
2018-02-08 00:45:00,29.81,
2018-02-08 01:00:00,27.94,
2018-02-08 01:15:00,17.28,
2018-02-08 01:30:00,5.04,
2018-02-08 01:45:00,6.3,
2018-02-08 02:00:00,6.05,
2018-02-08 02:15:00,6.12,
2018-02-08 02:30:00,6.16,
2018-02-08 02:45:00,6.05,
2018-02-08 03:00:00,6.01,
2018-02-08 03:15:00,6.01,
2018-02-08 03:30:00,6.08,
2018-02-08 03:45:00,6.01,
2018-02-08 04:00:00,6.01,
2018-02-08 04:15:00,5.98,
2018-02-08 04:30:00,6.19,
2018-02-08 04:45:00,6.05,
2018-02-08 05:00:00,4.97,
2018-02-08 05:15:00,4.93,
2018-02-08 05:30:00,4.97,
2018-02-08 05:45:00,4.86,
2018-02-08 06:00:00,4.18,
2018-02-08 06:15:00,4.21,
2018-02-08 06:30:00,4.93,
2018-02-08 06:45:00,4.61,
2018-02-08 07:00:00,4.57,
2018-02-08 07:15:00,5.29,
2018-02-08 07:30:00,5.94,
2018-02-08 07:45:00,8.1,
2018-02-08 08:00:00,8.14,
2018-02-08 08:15:00,41.72,
2018-02-08 08:30:00,57.74,
2018-02-08 08:45:00,58.03,
2018-02-08 09:00:00,63.94,
2018-02-08 09:15:00,66.42,
2018-02-08 09:30:00,57.2,
2018-02-08 09:45:00,60.16,
2018-02-08 10:00:00,59.33,
2018-02-08 10:15:00,74.3,
2018-02-08 10:30:00,57.85,
2018-02-08 10:45:00,55.73,
2018-02-08 11:00:00,62.46,
2018-02-08 11:15:00,56.16,
2018-02-08 11:30:00,66.85,
2018-02-08 11:45:00,71.06,
2018-02-08 12:00:00,78.44,
2018-02-08 12:15:00,22.1,
2018-02-08 12:30:00,9.22,
2018-02-08 12:45:00,9.61,
2018-02-08 13:00:00,11.23,
2018-02-08 13:15:00,56.2,
2018-02-08 13:30:00,76.82,
2018-02-08 13:45:00,82.33,
2018-02-08 14:00:00,113.33,
2018-02-08 14:15:00,124.63,
2018-02-08 14:30:00,118.22,
2018-02-08 14:45:00,85.61,
2018-02-08 15:00:00,108.65,
2018-02-08 15:15:00,100.94,
2018-02-08 15:30:00,70.49,
2018-02-08 15:45:00,113.9,
2018-02-08 16:00:00,106.56,
2018-02-08 16:15:00,105.55,
2018-02-08 16:30:00,75.85,
2018-02-08 16:45:00,89.03,
2018-02-08 17:00:00,130.79,
2018-02-08 17:15:00,113.15,
2018-02-08 17:30:00,90.65,
2018-02-08 17:45:00,59.11,
2018-02-08 18:00:00,92.92,
2018-02-08 18:15:00,63.94,
2018-02-08 18:30:00,92.45,
2018-02-08 18:45:00,58.64,
2018-02-08 19:00:00,42.48,
2018-02-08 19:15:00,39.49,
2018-02-08 19:30:00,76.32,
2018-02-08 19:45:00,111.49,
2018-02-08 20:00:00,74.56,
2018-02-08 20:15:00,92.27,
2018-02-08 20:30:00,109.15,
2018-02-08 20:45:00,51.59,
2018-02-08 21:00:00,100.84,
2018-02-08 21:15:00,107.5,
2018-02-08 21:30:00,48.31,
2018-02-08 21:45:00,82.8,
2018-02-08 22:00:00,56.48,
2018-02-08 22:15:00,38.74,
2018-02-08 22:30:00,38.63,
2018-02-08 22:45:00,38.56,
2018-02-08 23:00:00,57.96,
2018-02-08 23:15:00,84.24,
2018-02-08 23:30:00,38.95,
2018-02-08 23:45:00,64.37,
2018-02-09 00:00:00,97.24,
2018-02-09 00:15:00,39.38,
2018-02-09 00:30:00,74.3,
2018-02-09 00:45:00,60.98,
2018-02-09 01:00:00,30.31,
2018-02-09 01:15:00,22.54,
2018-02-09 01:30:00,27.43,
2018-02-09 01:45:00,11.77,
2018-02-09 02:00:00,5.9,
2018-02-09 02:15:00,6.01,
2018-02-09 02:30:00,5.9,
2018-02-09 02:45:00,5.9,
2018-02-09 03:00:00,5.87,
2018-02-09 03:15:00,6.01,
2018-02-09 03:30:00,5.9,
2018-02-09 03:45:00,5.8,
2018-02-09 04:00:00,4.75,
2018-02-09 04:15:00,4.79,
2018-02-09 04:30:00,4.21,
2018-02-09 04:45:00,4.03,
2018-02-09 05:00:00,4.25,
2018-02-09 05:15:00,4.75,
2018-02-09 05:30:00,4.32,
2018-02-09 05:45:00,4.0,
2018-02-09 06:00:00,4.18,
2018-02-09 06:15:00,5.15,
2018-02-09 06:30:00,5.04,
2018-02-09 06:45:00,4.39,
2018-02-09 07:00:00,4.28,
2018-02-09 07:15:00,4.72,
2018-02-09 07:30:00,4.97,
2018-02-09 07:45:00,7.85,
2018-02-09 08:00:00,7.99,
2018-02-09 08:15:00,57.56,
2018-02-09 08:30:00,103.18,
2018-02-09 08:45:00,114.66,
2018-02-09 09:00:00,113.29,
2018-02-09 09:15:00,114.73,
2018-02-09 09:30:00,62.89,
2018-02-09 09:45:00,83.63,
2018-02-09 10:00:00,63.4,
2018-02-09 10:15:00,80.82,
2018-02-09 10:30:00,57.28,
2018-02-09 10:45:00,53.86,
2018-02-09 11:00:00,56.3,
2018-02-09 11:15:00,54.25,
2018-02-09 11:30:00,66.46,
2018-02-09 11:45:00,60.19,
2018-02-09 12:00:00,56.48,
2018-02-09 12:15:00,14.94,
2018-02-09 12:30:00,8.14,
2018-02-09 12:45:00,8.24,
2018-02-09 13:00:00,7.52,
2018-02-09 13:15:00,42.08,
2018-02-09 13:30:00,61.67,
2018-02-09 13:45:00,66.28,
2018-02-09 14:00:00,66.85,
2018-02-09 14:15:00,80.03,
2018-02-09 14:30:00,64.22,
2018-02-09 14:45:00,83.34,
2018-02-09 15:00:00,130.18,
2018-02-09 15:15:00,80.68,
2018-02-09 15:30:00,111.92,
2018-02-09 15:45:00,138.64,
2018-02-09 16:00:00,61.31,
2018-02-09 16:15:00,88.16,
2018-02-09 16:30:00,71.75,
2018-02-09 16:45:00,75.28,
2018-02-09 17:00:00,56.38,
2018-02-09 17:15:00,63.43,
2018-02-09 17:30:00,61.96,
2018-02-09 17:45:00,72.9,
2018-02-09 18:00:00,53.42,
2018-02-09 18:15:00,46.58,
2018-02-09 18:30:00,49.68,
2018-02-09 18:45:00,71.1,
2018-02-09 19:00:00,97.42,
2018-02-09 19:15:00,39.42,
2018-02-09 19:30:00,73.73,
2018-02-09 19:45:00,78.01,
2018-02-09 20:00:00,111.56,
2018-02-09 20:15:00,80.35,
2018-02-09 20:30:00,80.35,
2018-02-09 20:45:00,106.02,
2018-02-09 21:00:00,67.79,
2018-02-09 21:15:00,85.43,
2018-02-09 21:30:00,103.39,
2018-02-09 21:45:00,56.88,
2018-02-09 22:00:00,106.27,
2018-02-09 22:15:00,91.66,
2018-02-09 22:30:00,64.66,
2018-02-09 22:45:00,107.89,
2018-02-09 23:00:00,57.13,
2018-02-09 23:15:00,62.78,
2018-02-09 23:30:00,107.82,
2018-02-09 23:45:00,61.24,
2018-02-10 00:00:00,4.28,
2018-02-10 00:15:00,88.6,
2018-02-10 00:30:00,53.17,
2018-02-10 00:45:00,104.72,
2018-02-10 01:00:00,63.58,
2018-02-10 01:15:00,15.34,
2018-02-10 01:30:00,5.9,
2018-02-10 01:45:00,6.95,
2018-02-10 02:00:00,7.06,
2018-02-10 02:15:00,6.66,
2018-02-10 02:30:00,6.55,
2018-02-10 02:45:00,6.66,
2018-02-10 03:00:00,6.52,
2018-02-10 03:15:00,6.48,
2018-02-10 03:30:00,6.48,
2018-02-10 03:45:00,6.59,
2018-02-10 04:00:00,6.59,
2018-02-10 04:15:00,6.52,
2018-02-10 04:30:00,6.52,
2018-02-10 04:45:00,6.55,
2018-02-10 05:00:00,6.55,
2018-02-10 05:15:00,6.55,
2018-02-10 05:30:00,6.48,
2018-02-10 05:45:00,6.52,
2018-02-10 06:00:00,6.52,
2018-02-10 06:15:00,6.48,
2018-02-10 06:30:00,6.52,
2018-02-10 06:45:00,6.48,
2018-02-10 07:00:00,6.44,
2018-02-10 07:15:00,6.48,
2018-02-10 07:30:00,6.52,
2018-02-10 07:45:00,6.41,
2018-02-10 08:00:00,6.41,
2018-02-10 08:15:00,6.37,
2018-02-10 08:30:00,6.52,
2018-02-10 08:45:00,5.69,
2018-02-10 09:00:00,5.4,
2018-02-10 09:15:00,5.58,
2018-02-10 09:30:00,4.57,
2018-02-10 09:45:00,4.5,
2018-02-10 10:00:00,5.0,
2018-02-10 10:15:00,5.51,
2018-02-10 10:30:00,4.79,
2018-02-10 10:45:00,4.46,
2018-02-10 11:00:00,4.82,
2018-02-10 11:15:00,5.29,
2018-02-10 11:30:00,5.18,
2018-02-10 11:45:00,5.33,
2018-02-10 12:00:00,4.68,
2018-02-10 12:15:00,5.51,
2018-02-10 12:30:00,4.72,
2018-02-10 12:45:00,4.57,
2018-02-10 13:00:00,5.11,
2018-02-10 13:15:00,5.58,
2018-02-10 13:30:00,4.64,
2018-02-10 13:45:00,4.86,
2018-02-10 14:00:00,4.57,
2018-02-10 14:15:00,4.79,
2018-02-10 14:30:00,4.72,
2018-02-10 14:45:00,5.33,
2018-02-10 15:00:00,5.76,
2018-02-10 15:15:00,5.51,
2018-02-10 15:30:00,4.57,
2018-02-10 15:45:00,3.74,
2018-02-10 16:00:00,3.78,
2018-02-10 16:15:00,4.57,
2018-02-10 16:30:00,4.57,
2018-02-10 16:45:00,3.78,
2018-02-10 17:00:00,3.82,
2018-02-10 17:15:00,4.68,
2018-02-10 17:30:00,4.64,
2018-02-10 17:45:00,3.85,
2018-02-10 18:00:00,3.92,
2018-02-10 18:15:00,5.54,
2018-02-10 18:30:00,5.18,
2018-02-10 18:45:00,3.96,
2018-02-10 19:00:00,4.03,
2018-02-10 19:15:00,4.79,
2018-02-10 19:30:00,4.36,
2018-02-10 19:45:00,3.96,
2018-02-10 20:00:00,4.28,
2018-02-10 20:15:00,4.82,
2018-02-10 20:30:00,4.1,
2018-02-10 20:45:00,3.92,
2018-02-10 21:00:00,4.57,
2018-02-10 21:15:00,4.75,
2018-02-10 21:30:00,4.79,
2018-02-10 21:45:00,4.79,
2018-02-10 22:00:00,4.32,
2018-02-10 22:15:00,4.64,
2018-02-10 22:30:00,3.71,
2018-02-10 22:45:00,3.6,
2018-02-10 23:00:00,4.18,
2018-02-10 23:15:00,4.32,
2018-02-10 23:30:00,3.64,
2018-02-10 23:45:00,3.6,
2018-02-11 00:00:00,4.18,
2018-02-11 00:15:00,4.28,
2018-02-11 00:30:00,3.85,
2018-02-11 00:45:00,4.57,
2018-02-11 01:00:00,4.61,
2018-02-11 01:15:00,4.25,
2018-02-11 01:30:00,3.67,
2018-02-11 01:45:00,3.78,
2018-02-11 02:00:00,4.46,
2018-02-11 02:15:00,4.07,
2018-02-11 02:30:00,3.74,
2018-02-11 02:45:00,3.89,
2018-02-11 03:00:00,4.5,
2018-02-11 03:15:00,4.03,
2018-02-11 03:30:00,3.71,
2018-02-11 03:45:00,4.57,
2018-02-11 04:00:00,5.15,
2018-02-11 04:15:00,3.96,
2018-02-11 04:30:00,3.64,
2018-02-11 04:45:00,4.1,
2018-02-11 05:00:00,4.43,
2018-02-11 05:15:00,3.74,
2018-02-11 05:30:00,3.71,
2018-02-11 05:45:00,4.21,
2018-02-11 06:00:00,4.39,
2018-02-11 06:15:00,4.0,
2018-02-11 06:30:00,4.46,
2018-02-11 06:45:00,4.39,
2018-02-11 07:00:00,4.39,
2018-02-11 07:15:00,3.6,
2018-02-11 07:30:00,3.6,
2018-02-11 07:45:00,4.25,
2018-02-11 08:00:00,4.32,
2018-02-11 08:15:00,3.64,
2018-02-11 08:30:00,3.71,
2018-02-11 08:45:00,4.39,
2018-02-11 09:00:00,4.46,
2018-02-11 09:15:00,4.18,
2018-02-11 09:30:00,5.29,
2018-02-11 09:45:00,5.0,
2018-02-11 10:00:00,4.28,
2018-02-11 10:15:00,4.1,
2018-02-11 10:30:00,4.68,
2018-02-11 10:45:00,4.75,
2018-02-11 11:00:00,4.1,
2018-02-11 11:15:00,3.89,
2018-02-11 11:30:00,4.61,
2018-02-11 11:45:00,4.32,
2018-02-11 12:00:00,3.92,
2018-02-11 12:15:00,5.22,
2018-02-11 12:30:00,5.26,
2018-02-11 12:45:00,4.21,
2018-02-11 13:00:00,4.14,
2018-02-11 13:15:00,4.57,
2018-02-11 13:30:00,4.75,
2018-02-11 13:45:00,3.96,
2018-02-11 14:00:00,3.96,
2018-02-11 14:15:00,4.75,
2018-02-11 14:30:00,4.5,
2018-02-11 14:45:00,3.96,
2018-02-11 15:00:00,4.14,
2018-02-11 15:15:00,5.04,
2018-02-11 15:30:00,5.36,
2018-02-11 15:45:00,4.28,
2018-02-11 16:00:00,4.28,
2018-02-11 16:15:00,4.79,
2018-02-11 16:30:00,4.07,
2018-02-11 16:45:00,4.0,
2018-02-11 17:00:00,4.72,
2018-02-11 17:15:00,4.79,
2018-02-11 17:30:00,4.07,
2018-02-11 17:45:00,4.0,
2018-02-11 18:00:00,4.79,
2018-02-11 18:15:00,4.46,
2018-02-11 18:30:00,3.85,
2018-02-11 18:45:00,4.68,
2018-02-11 19:00:00,5.62,
2018-02-11 19:15:00,4.43,
2018-02-11 19:30:00,4.1,
2018-02-11 19:45:00,4.32,
2018-02-11 20:00:00,4.75,
2018-02-11 20:15:00,4.1,
2018-02-11 20:30:00,3.92,
2018-02-11 20:45:00,4.5,
2018-02-11 21:00:00,4.79,
2018-02-11 21:15:00,4.0,
2018-02-11 21:30:00,4.64,
2018-02-11 21:45:00,5.54,
2018-02-11 22:00:00,4.72,
2018-02-11 22:15:00,3.89,
2018-02-11 22:30:00,3.64,
2018-02-11 22:45:00,4.43,
2018-02-11 23:00:00,4.03,
2018-02-11 23:15:00,3.67,
2018-02-11 23:30:00,3.89,
2018-02-11 23:45:00,4.36,
2018-02-12 00:00:00,44.46,
2018-02-12 00:15:00,3.64,
2018-02-12 00:30:00,3.85,
2018-02-12 00:45:00,4.43,
2018-02-12 01:00:00,4.0,
2018-02-12 01:15:00,4.46,
2018-02-12 01:30:00,4.25,
2018-02-12 01:45:00,4.43,
2018-02-12 02:00:00,3.89,
2018-02-12 02:15:00,3.67,
2018-02-12 02:30:00,4.14,
2018-02-12 02:45:00,4.43,
2018-02-12 03:00:00,3.78,
2018-02-12 03:15:00,3.71,
2018-02-12 03:30:00,4.28,
2018-02-12 03:45:00,5.29,
2018-02-12 04:00:00,4.07,
2018-02-12 04:15:00,3.67,
2018-02-12 04:30:00,4.43,
2018-02-12 04:45:00,4.1,
2018-02-12 05:00:00,3.64,
2018-02-12 05:15:00,3.89,
2018-02-12 05:30:00,4.36,
2018-02-12 05:45:00,4.0,
2018-02-12 06:00:00,3.6,
2018-02-12 06:15:00,4.0,
2018-02-12 06:30:00,4.36,
2018-02-12 06:45:00,4.46,
2018-02-12 07:00:00,4.28,
2018-02-12 07:15:00,4.14,
2018-02-12 07:30:00,5.33,
2018-02-12 07:45:00,6.12,
2018-02-12 08:00:00,7.27,
2018-02-12 08:15:00,34.45,
2018-02-12 08:30:00,97.45,
2018-02-12 08:45:00,107.78,
2018-02-12 09:00:00,128.99,
2018-02-12 09:15:00,106.31,
2018-02-12 09:30:00,106.42,
2018-02-12 09:45:00,131.33,
2018-02-12 10:00:00,115.49,
2018-02-12 10:15:00,127.87,
2018-02-12 10:30:00,134.21,
2018-02-12 10:45:00,77.8,
2018-02-12 11:00:00,73.84,
2018-02-12 11:15:00,88.63,
2018-02-12 11:30:00,106.78,
2018-02-12 11:45:00,83.66,
2018-02-12 12:00:00,77.65,
2018-02-12 12:15:00,15.52,
2018-02-12 12:30:00,9.58,
2018-02-12 12:45:00,9.61,
2018-02-12 13:00:00,9.4,
2018-02-12 13:15:00,63.18,
2018-02-12 13:30:00,90.72,
2018-02-12 13:45:00,128.34,
2018-02-12 14:00:00,104.69,
2018-02-12 14:15:00,65.92,
2018-02-12 14:30:00,55.91,
2018-02-12 14:45:00,51.73,
2018-02-12 15:00:00,48.46,
2018-02-12 15:15:00,64.84,
2018-02-12 15:30:00,58.5,
2018-02-12 15:45:00,51.52,
2018-02-12 16:00:00,69.66,
2018-02-12 16:15:00,50.0,
2018-02-12 16:30:00,50.9,
2018-02-12 16:45:00,60.62,
2018-02-12 17:00:00,67.5,
2018-02-12 17:15:00,59.15,
2018-02-12 17:30:00,66.71,
2018-02-12 17:45:00,62.71,
2018-02-12 18:00:00,52.24,
2018-02-12 18:15:00,42.34,
2018-02-12 18:30:00,36.94,
2018-02-12 18:45:00,33.91,
2018-02-12 19:00:00,30.96,
2018-02-12 19:15:00,32.08,
2018-02-12 19:30:00,35.06,
2018-02-12 19:45:00,34.81,
2018-02-12 20:00:00,34.78,
2018-02-12 20:15:00,34.81,
2018-02-12 20:30:00,36.14,
2018-02-12 20:45:00,34.85,
2018-02-12 21:00:00,34.92,
2018-02-12 21:15:00,34.96,
2018-02-12 21:30:00,35.06,
2018-02-12 21:45:00,35.17,
2018-02-12 22:00:00,34.85,
2018-02-12 22:15:00,32.69,
2018-02-12 22:30:00,33.16,
2018-02-12 22:45:00,33.37,
2018-02-12 23:00:00,33.01,
2018-02-12 23:15:00,33.8,
2018-02-12 23:30:00,35.03,
2018-02-12 23:45:00,57.74,
2018-02-13 00:00:00,34.49,
2018-02-13 00:15:00,54.65,
2018-02-13 00:30:00,39.71,
2018-02-13 00:45:00,38.45,
2018-02-13 01:00:00,61.34,
2018-02-13 01:15:00,92.63,
2018-02-13 01:30:00,79.74,
2018-02-13 01:45:00,19.37,
2018-02-13 02:00:00,9.25,
2018-02-13 02:15:00,6.01,
2018-02-13 02:30:00,6.19,
2018-02-13 02:45:00,5.98,
2018-02-13 03:00:00,6.01,
2018-02-13 03:15:00,5.98,
2018-02-13 03:30:00,6.01,
2018-02-13 03:45:00,5.94,
2018-02-13 04:00:00,5.9,
2018-02-13 04:15:00,5.9,
2018-02-13 04:30:00,5.94,
2018-02-13 04:45:00,5.94,
2018-02-13 05:00:00,5.29,
2018-02-13 05:15:00,4.72,
2018-02-13 05:30:00,4.79,
2018-02-13 05:45:00,4.79,
2018-02-13 06:00:00,4.75,
2018-02-13 06:15:00,4.75,
2018-02-13 06:30:00,4.75,
2018-02-13 06:45:00,4.75,
2018-02-13 07:00:00,4.79,
2018-02-13 07:15:00,4.68,
2018-02-13 07:30:00,6.55,
2018-02-13 07:45:00,8.14,
2018-02-13 08:00:00,7.99,
2018-02-13 08:15:00,40.46,
2018-02-13 08:30:00,78.08,
2018-02-13 08:45:00,72.43,
2018-02-13 09:00:00,56.84,
2018-02-13 09:15:00,69.23,
2018-02-13 09:30:00,91.98,
2018-02-13 09:45:00,71.17,
2018-02-13 10:00:00,56.56,
2018-02-13 10:15:00,63.58,
2018-02-13 10:30:00,60.66,
2018-02-13 10:45:00,59.8,
2018-02-13 11:00:00,66.82,
2018-02-13 11:15:00,95.44,
2018-02-13 11:30:00,117.54,
2018-02-13 11:45:00,112.21,
2018-02-13 12:00:00,97.45,
2018-02-13 12:15:00,20.95,
2018-02-13 12:30:00,9.5,
2018-02-13 12:45:00,9.61,
2018-02-13 13:00:00,9.61,
2018-02-13 13:15:00,75.49,
2018-02-13 13:30:00,125.03,
2018-02-13 13:45:00,94.57,
2018-02-13 14:00:00,124.09,
2018-02-13 14:15:00,93.49,
2018-02-13 14:30:00,95.4,
2018-02-13 14:45:00,111.67,
2018-02-13 15:00:00,100.37,
2018-02-13 15:15:00,79.52,
2018-02-13 15:30:00,54.72,
2018-02-13 15:45:00,111.28,
2018-02-13 16:00:00,120.24,
2018-02-13 16:15:00,75.64,
2018-02-13 16:30:00,110.34,
2018-02-13 16:45:00,100.98,
2018-02-13 17:00:00,90.14,
2018-02-13 17:15:00,96.84,
2018-02-13 17:30:00,76.9,
2018-02-13 17:45:00,89.35,
2018-02-13 18:00:00,96.08,
2018-02-13 18:15:00,65.34,
2018-02-13 18:30:00,64.22,
2018-02-13 18:45:00,90.86,
2018-02-13 19:00:00,79.85,
2018-02-13 19:15:00,49.21,
2018-02-13 19:30:00,75.89,
2018-02-13 19:45:00,94.82,
2018-02-13 20:00:00,63.54,
2018-02-13 20:15:00,79.99,
2018-02-13 20:30:00,95.98,
2018-02-13 20:45:00,40.5,
2018-02-13 21:00:00,37.08,
2018-02-13 21:15:00,39.78,
2018-02-13 21:30:00,93.35,
2018-02-13 21:45:00,40.64,
2018-02-13 22:00:00,47.92,
2018-02-13 22:15:00,35.32,
2018-02-13 22:30:00,36.76,
2018-02-13 22:45:00,36.97,
2018-02-13 23:00:00,36.32,
2018-02-13 23:15:00,36.4,
2018-02-13 23:30:00,36.22,
2018-02-13 23:45:00,35.53,
2018-02-14 00:00:00,3.17,
2018-02-14 00:15:00,36.58,
2018-02-14 00:30:00,61.13,
2018-02-14 00:45:00,54.54,
2018-02-14 01:00:00,86.51,
2018-02-14 01:15:00,33.3,
2018-02-14 01:30:00,13.03,
2018-02-14 01:45:00,5.58,
2018-02-14 02:00:00,5.65,
2018-02-14 02:15:00,5.26,
2018-02-14 02:30:00,5.15,
2018-02-14 02:45:00,5.11,
2018-02-14 03:00:00,5.15,
2018-02-14 03:15:00,5.22,
2018-02-14 03:30:00,5.15,
2018-02-14 03:45:00,5.11,
2018-02-14 04:00:00,5.15,
2018-02-14 04:15:00,5.15,
2018-02-14 04:30:00,5.15,
2018-02-14 04:45:00,5.11,
2018-02-14 05:00:00,5.08,
2018-02-14 05:15:00,5.15,
2018-02-14 05:30:00,5.22,
2018-02-14 05:45:00,5.15,
2018-02-14 06:00:00,5.15,
2018-02-14 06:15:00,5.15,
2018-02-14 06:30:00,5.15,
2018-02-14 06:45:00,5.26,
2018-02-14 07:00:00,5.15,
2018-02-14 07:15:00,5.08,
2018-02-14 07:30:00,4.18,
2018-02-14 07:45:00,5.8,
2018-02-14 08:00:00,5.9,
2018-02-14 08:15:00,5.69,
2018-02-14 08:30:00,5.62,
2018-02-14 08:45:00,4.72,
2018-02-14 09:00:00,4.79,
2018-02-14 09:15:00,4.75,
2018-02-14 09:30:00,4.75,
2018-02-14 09:45:00,4.68,
2018-02-14 10:00:00,5.26,
2018-02-14 10:15:00,5.11,
2018-02-14 10:30:00,5.22,
2018-02-14 10:45:00,3.6,
2018-02-14 11:00:00,3.49,
2018-02-14 11:15:00,3.42,
2018-02-14 11:30:00,3.24,
2018-02-14 11:45:00,3.82,
2018-02-14 12:00:00,3.13,
2018-02-14 12:15:00,3.31,
2018-02-14 12:30:00,4.03,
2018-02-14 12:45:00,3.67,
2018-02-14 13:00:00,3.42,
2018-02-14 13:15:00,3.31,
2018-02-14 13:30:00,3.35,
2018-02-14 13:45:00,3.53,
2018-02-14 14:00:00,4.18,
2018-02-14 14:15:00,3.67,
2018-02-14 14:30:00,3.24,
2018-02-14 14:45:00,3.85,
2018-02-14 15:00:00,3.92,
2018-02-14 15:15:00,3.35,
2018-02-14 15:30:00,3.31,
2018-02-14 15:45:00,3.35,
2018-02-14 16:00:00,3.42,
2018-02-14 16:15:00,3.42,
2018-02-14 16:30:00,3.42,
2018-02-14 16:45:00,3.42,
2018-02-14 17:00:00,3.46,
2018-02-14 17:15:00,4.21,
2018-02-14 17:30:00,3.78,
2018-02-14 17:45:00,3.49,
2018-02-14 18:00:00,4.21,
2018-02-14 18:15:00,3.67,
2018-02-14 18:30:00,3.35,
2018-02-14 18:45:00,3.42,
2018-02-14 19:00:00,3.49,
2018-02-14 19:15:00,3.46,
2018-02-14 19:30:00,3.71,
2018-02-14 19:45:00,4.25,
2018-02-14 20:00:00,3.64,
2018-02-14 20:15:00,3.53,
2018-02-14 20:30:00,3.49,
2018-02-14 20:45:00,3.53,
2018-02-14 21:00:00,4.36,
2018-02-14 21:15:00,4.0,
2018-02-14 21:30:00,3.49,
2018-02-14 21:45:00,3.49,
2018-02-14 22:00:00,3.89,
2018-02-14 22:15:00,4.07,
2018-02-14 22:30:00,3.28,
2018-02-14 22:45:00,3.17,
2018-02-14 23:00:00,3.2,
2018-02-14 23:15:00,3.2,
2018-02-14 23:30:00,3.13,
2018-02-14 23:45:00,3.13,
2018-02-15 00:00:00,3.06,
2018-02-15 00:15:00,3.17,
2018-02-15 00:30:00,3.67,
2018-02-15 00:45:00,3.89,
2018-02-15 01:00:00,3.46,
2018-02-15 01:15:00,3.96,
2018-02-15 01:30:00,3.35,
2018-02-15 01:45:00,3.28,
2018-02-15 02:00:00,3.24,
2018-02-15 02:15:00,3.28,
2018-02-15 02:30:00,3.28,
2018-02-15 02:45:00,3.28,
2018-02-15 03:00:00,3.6,
2018-02-15 03:15:00,3.92,
2018-02-15 03:30:00,3.38,
2018-02-15 03:45:00,3.24,
2018-02-15 04:00:00,3.28,
2018-02-15 04:15:00,3.28,
2018-02-15 04:30:00,3.35,
2018-02-15 04:45:00,4.07,
2018-02-15 05:00:00,3.24,
2018-02-15 05:15:00,3.24,
2018-02-15 05:30:00,3.6,
2018-02-15 05:45:00,3.92,
2018-02-15 06:00:00,3.42,
2018-02-15 06:15:00,3.28,
2018-02-15 06:30:00,3.28,
2018-02-15 06:45:00,3.31,
2018-02-15 07:00:00,3.24,
2018-02-15 07:15:00,3.28,
2018-02-15 07:30:00,3.28,
2018-02-15 07:45:00,3.53,
2018-02-15 08:00:00,4.54,
2018-02-15 08:15:00,4.1,
2018-02-15 08:30:00,3.24,
2018-02-15 08:45:00,3.13,
2018-02-15 09:00:00,3.38,
2018-02-15 09:15:00,3.49,
2018-02-15 09:30:00,3.42,
2018-02-15 09:45:00,3.35,
2018-02-15 10:00:00,3.35,
2018-02-15 10:15:00,3.35,
2018-02-15 10:30:00,3.35,
2018-02-15 10:45:00,3.89,
2018-02-15 11:00:00,3.96,
2018-02-15 11:15:00,3.2,
2018-02-15 11:30:00,3.17,
2018-02-15 11:45:00,3.2,
2018-02-15 12:00:00,3.78,
2018-02-15 12:15:00,3.92,
2018-02-15 12:30:00,3.35,
2018-02-15 12:45:00,3.31,
2018-02-15 13:00:00,3.42,
2018-02-15 13:15:00,3.38,
2018-02-15 13:30:00,4.14,
2018-02-15 13:45:00,3.64,
2018-02-15 14:00:00,3.31,
2018-02-15 14:15:00,3.35,
2018-02-15 14:30:00,3.35,
2018-02-15 14:45:00,3.28,
2018-02-15 15:00:00,3.31,
2018-02-15 15:15:00,3.35,
2018-02-15 15:30:00,3.35,
2018-02-15 15:45:00,3.6,
2018-02-15 16:00:00,4.75,
2018-02-15 16:15:00,4.28,
2018-02-15 16:30:00,3.38,
2018-02-15 16:45:00,3.35,
2018-02-15 17:00:00,3.42,
2018-02-15 17:15:00,3.38,
2018-02-15 17:30:00,3.35,
2018-02-15 17:45:00,3.35,
2018-02-15 18:00:00,3.35,
2018-02-15 18:15:00,3.38,
2018-02-15 18:30:00,3.96,
2018-02-15 18:45:00,3.56,
2018-02-15 19:00:00,3.35,
2018-02-15 19:15:00,3.85,
2018-02-15 19:30:00,4.0,
2018-02-15 19:45:00,3.38,
2018-02-15 20:00:00,3.35,
2018-02-15 20:15:00,3.31,
2018-02-15 20:30:00,3.31,
2018-02-15 20:45:00,3.35,
2018-02-15 21:00:00,4.18,
2018-02-15 21:15:00,3.85,
2018-02-15 21:30:00,3.35,
2018-02-15 21:45:00,3.31,
2018-02-15 22:00:00,3.31,
2018-02-15 22:15:00,3.28,
2018-02-15 22:30:00,3.42,
2018-02-15 22:45:00,3.49,
2018-02-15 23:00:00,3.02,
2018-02-15 23:15:00,3.13,
2018-02-15 23:30:00,3.82,
2018-02-15 23:45:00,3.35,
2018-02-16 00:00:00,3.85,
2018-02-16 00:15:00,2.99,
2018-02-16 00:30:00,3.06,
2018-02-16 00:45:00,3.13,
2018-02-16 01:00:00,3.35,
2018-02-16 01:15:00,3.64,
2018-02-16 01:30:00,3.1,
2018-02-16 01:45:00,3.24,
2018-02-16 02:00:00,3.85,
2018-02-16 02:15:00,3.28,
2018-02-16 02:30:00,3.13,
2018-02-16 02:45:00,3.1,
2018-02-16 03:00:00,3.1,
2018-02-16 03:15:00,3.13,
2018-02-16 03:30:00,3.38,
2018-02-16 03:45:00,3.92,
2018-02-16 04:00:00,3.24,
2018-02-16 04:15:00,3.78,
2018-02-16 04:30:00,3.64,
2018-02-16 04:45:00,3.17,
2018-02-16 05:00:00,3.1,
2018-02-16 05:15:00,3.06,
2018-02-16 05:30:00,3.06,
2018-02-16 05:45:00,3.06,
2018-02-16 06:00:00,3.1,
2018-02-16 06:15:00,3.06,
2018-02-16 06:30:00,3.06,
2018-02-16 06:45:00,3.78,
2018-02-16 07:00:00,3.53,
2018-02-16 07:15:00,3.82,
2018-02-16 07:30:00,3.67,
2018-02-16 07:45:00,2.99,
2018-02-16 08:00:00,3.02,
2018-02-16 08:15:00,3.06,
2018-02-16 08:30:00,3.13,
2018-02-16 08:45:00,3.17,
2018-02-16 09:00:00,3.35,
2018-02-16 09:15:00,4.07,
2018-02-16 09:30:00,3.96,
2018-02-16 09:45:00,3.49,
2018-02-16 10:00:00,3.42,
2018-02-16 10:15:00,3.49,
2018-02-16 10:30:00,3.46,
2018-02-16 10:45:00,3.46,
2018-02-16 11:00:00,3.49,
2018-02-16 11:15:00,3.31,
2018-02-16 11:30:00,3.31,
2018-02-16 11:45:00,5.0,
2018-02-16 12:00:00,4.36,
2018-02-16 12:15:00,3.42,
2018-02-16 12:30:00,3.46,
2018-02-16 12:45:00,3.46,
2018-02-16 13:00:00,3.42,
2018-02-16 13:15:00,3.42,
2018-02-16 13:30:00,3.49,
2018-02-16 13:45:00,3.46,
2018-02-16 14:00:00,3.38,
2018-02-16 14:15:00,3.85,
2018-02-16 14:30:00,4.21,
2018-02-16 14:45:00,3.49,
2018-02-16 15:00:00,3.46,
2018-02-16 15:15:00,3.42,
2018-02-16 15:30:00,3.42,
2018-02-16 15:45:00,4.0,
2018-02-16 16:00:00,3.85,
2018-02-16 16:15:00,3.49,
2018-02-16 16:30:00,3.42,
2018-02-16 16:45:00,4.0,
2018-02-16 17:00:00,4.03,
2018-02-16 17:15:00,3.35,
2018-02-16 17:30:00,3.31,
2018-02-16 17:45:00,3.31,
2018-02-16 18:00:00,3.28,
2018-02-16 18:15:00,3.13,
2018-02-16 18:30:00,3.13,
2018-02-16 18:45:00,4.07,
2018-02-16 19:00:00,3.78,
2018-02-16 19:15:00,4.07,
2018-02-16 19:30:00,3.82,
2018-02-16 19:45:00,3.2,
2018-02-16 20:00:00,3.28,
2018-02-16 20:15:00,3.31,
2018-02-16 20:30:00,3.24,
2018-02-16 20:45:00,3.24,
2018-02-16 21:00:00,3.28,
2018-02-16 21:15:00,3.2,
2018-02-16 21:30:00,3.71,
2018-02-16 21:45:00,4.14,
2018-02-16 22:00:00,3.89,
2018-02-16 22:15:00,3.82,
2018-02-16 22:30:00,3.13,
2018-02-16 22:45:00,3.13,
2018-02-16 23:00:00,3.1,
2018-02-16 23:15:00,3.06,
2018-02-16 23:30:00,3.1,
2018-02-16 23:45:00,3.49,
2018-02-17 00:00:00,4.0,
2018-02-17 00:15:00,3.17,
2018-02-17 00:30:00,3.1,
2018-02-17 00:45:00,3.1,
2018-02-17 01:00:00,3.67,
2018-02-17 01:15:00,3.71,
2018-02-17 01:30:00,3.2,
2018-02-17 01:45:00,3.13,
2018-02-17 02:00:00,3.17,
2018-02-17 02:15:00,3.74,
2018-02-17 02:30:00,3.74,
2018-02-17 02:45:00,3.24,
2018-02-17 03:00:00,3.17,
2018-02-17 03:15:00,3.17,
2018-02-17 03:30:00,3.17,
2018-02-17 03:45:00,3.2,
2018-02-17 04:00:00,3.24,
2018-02-17 04:15:00,3.71,
2018-02-17 04:30:00,4.39,
2018-02-17 04:45:00,3.82,
2018-02-17 05:00:00,3.2,
2018-02-17 05:15:00,3.2,
2018-02-17 05:30:00,3.17,
2018-02-17 05:45:00,3.17,
2018-02-17 06:00:00,3.13,
2018-02-17 06:15:00,3.13,
2018-02-17 06:30:00,3.2,
2018-02-17 06:45:00,3.35,
2018-02-17 07:00:00,3.85,
2018-02-17 07:15:00,3.78,
2018-02-17 07:30:00,3.85,
2018-02-17 07:45:00,3.17,
2018-02-17 08:00:00,3.13,
2018-02-17 08:15:00,3.13,
2018-02-17 08:30:00,3.17,
2018-02-17 08:45:00,3.2,
2018-02-17 09:00:00,3.49,
2018-02-17 09:15:00,4.03,
2018-02-17 09:30:00,4.03,
2018-02-17 09:45:00,3.53,
2018-02-17 10:00:00,3.49,
2018-02-17 10:15:00,3.56,
2018-02-17 10:30:00,3.49,
2018-02-17 10:45:00,3.49,
2018-02-17 11:00:00,3.74,
2018-02-17 11:15:00,4.07,
2018-02-17 11:30:00,3.31,
2018-02-17 11:45:00,3.96,
2018-02-17 12:00:00,3.82,
2018-02-17 12:15:00,3.49,
2018-02-17 12:30:00,3.49,
2018-02-17 12:45:00,3.53,
2018-02-17 13:00:00,3.56,
2018-02-17 13:15:00,3.56,
2018-02-17 13:30:00,3.49,
2018-02-17 13:45:00,3.49,
2018-02-17 14:00:00,3.6,
2018-02-17 14:15:00,4.57,
2018-02-17 14:30:00,4.79,
2018-02-17 14:45:00,3.49,
2018-02-17 15:00:00,3.49,
2018-02-17 15:15:00,3.53,
2018-02-17 15:30:00,3.53,
2018-02-17 15:45:00,3.6,
2018-02-17 16:00:00,3.53,
2018-02-17 16:15:00,3.49,
2018-02-17 16:30:00,3.64,
2018-02-17 16:45:00,4.21,
2018-02-17 17:00:00,3.89,
2018-02-17 17:15:00,3.92,
2018-02-17 17:30:00,4.18,
2018-02-17 17:45:00,3.46,
2018-02-17 18:00:00,3.46,
2018-02-17 18:15:00,3.31,
2018-02-17 18:30:00,3.35,
2018-02-17 18:45:00,3.42,
2018-02-17 19:00:00,3.85,
2018-02-17 19:15:00,4.14,
2018-02-17 19:30:00,3.38,
2018-02-17 19:45:00,3.46,
2018-02-17 20:00:00,3.35,
2018-02-17 20:15:00,3.38,
2018-02-17 20:30:00,3.92,
2018-02-17 20:45:00,4.21,
2018-02-17 21:00:00,3.38,
2018-02-17 21:15:00,3.6,
2018-02-17 21:30:00,4.25,
2018-02-17 21:45:00,3.67,
2018-02-17 22:00:00,3.38,
2018-02-17 22:15:00,3.31,
2018-02-17 22:30:00,3.1,
2018-02-17 22:45:00,3.1,
2018-02-17 23:00:00,3.1,
2018-02-17 23:15:00,3.06,
2018-02-17 23:30:00,3.06,
2018-02-17 23:45:00,3.78,
2018-02-18 00:00:00,3.53,
2018-02-18 00:15:00,3.6,
2018-02-18 00:30:00,3.1,
2018-02-18 00:45:00,3.13,
2018-02-18 01:00:00,3.17,
2018-02-18 01:15:00,3.1,
2018-02-18 01:30:00,3.13,
2018-02-18 01:45:00,3.13,
2018-02-18 02:00:00,3.42,
2018-02-18 02:15:00,3.92,
2018-02-18 02:30:00,3.17,
2018-02-18 02:45:00,3.2,
2018-02-18 03:00:00,3.96,
2018-02-18 03:15:00,3.28,
2018-02-18 03:30:00,3.2,
2018-02-18 03:45:00,3.13,
2018-02-18 04:00:00,3.13,
2018-02-18 04:15:00,3.56,
2018-02-18 04:30:00,3.89,
2018-02-18 04:45:00,3.17,
2018-02-18 05:00:00,3.13,
2018-02-18 05:15:00,3.1,
2018-02-18 05:30:00,3.1,
2018-02-18 05:45:00,3.64,
2018-02-18 06:00:00,3.6,
2018-02-18 06:15:00,3.06,
2018-02-18 06:30:00,3.28,
2018-02-18 06:45:00,3.82,
2018-02-18 07:00:00,3.35,
2018-02-18 07:15:00,3.13,
2018-02-18 07:30:00,3.06,
2018-02-18 07:45:00,3.1,
2018-02-18 08:00:00,3.06,
2018-02-18 08:15:00,3.13,
2018-02-18 08:30:00,3.2,
2018-02-18 08:45:00,3.74,
2018-02-18 09:00:00,4.46,
2018-02-18 09:15:00,4.03,
2018-02-18 09:30:00,3.46,
2018-02-18 09:45:00,3.49,
2018-02-18 10:00:00,3.53,
2018-02-18 10:15:00,3.49,
2018-02-18 10:30:00,3.42,
2018-02-18 10:45:00,3.42,
2018-02-18 11:00:00,3.49,
2018-02-18 11:15:00,3.28,
2018-02-18 11:30:00,3.78,
2018-02-18 11:45:00,3.85,
2018-02-18 12:00:00,3.35,
2018-02-18 12:15:00,3.85,
2018-02-18 12:30:00,4.18,
2018-02-18 12:45:00,3.46,
2018-02-18 13:00:00,3.49,
2018-02-18 13:15:00,3.42,
2018-02-18 13:30:00,3.42,
2018-02-18 13:45:00,3.46,
2018-02-18 14:00:00,3.78,
2018-02-18 14:15:00,4.21,
2018-02-18 14:30:00,3.49,
2018-02-18 14:45:00,3.42,
2018-02-18 15:00:00,3.53,
2018-02-18 15:15:00,3.46,
2018-02-18 15:30:00,3.38,
2018-02-18 15:45:00,4.28,
2018-02-18 16:00:00,3.92,
2018-02-18 16:15:00,3.64,
2018-02-18 16:30:00,3.6,
2018-02-18 16:45:00,4.28,
2018-02-18 17:00:00,3.85,
2018-02-18 17:15:00,3.56,
2018-02-18 17:30:00,3.6,
2018-02-18 17:45:00,3.53,
2018-02-18 18:00:00,3.53,
2018-02-18 18:15:00,3.42,
2018-02-18 18:30:00,3.38,
2018-02-18 18:45:00,3.56,
2018-02-18 19:00:00,3.71,
2018-02-18 19:15:00,4.28,
2018-02-18 19:30:00,4.32,
2018-02-18 19:45:00,3.85,
2018-02-18 20:00:00,3.53,
2018-02-18 20:15:00,3.56,
2018-02-18 20:30:00,3.53,
2018-02-18 20:45:00,3.53,
2018-02-18 21:00:00,3.56,
2018-02-18 21:15:00,3.56,
2018-02-18 21:30:00,3.96,
2018-02-18 21:45:00,4.32,
2018-02-18 22:00:00,3.64,
2018-02-18 22:15:00,3.6,
2018-02-18 22:30:00,4.07,
2018-02-18 22:45:00,3.31,
2018-02-18 23:00:00,3.24,
2018-02-18 23:15:00,3.24,
2018-02-18 23:30:00,3.17,
2018-02-18 23:45:00,3.24,
2018-02-19 00:00:00,103.1,
2018-02-19 00:15:00,3.96,
2018-02-19 00:30:00,3.35,
2018-02-19 00:45:00,3.28,
2018-02-19 01:00:00,3.28,
2018-02-19 01:15:00,3.28,
2018-02-19 01:30:00,3.38,
2018-02-19 01:45:00,4.07,
2018-02-19 02:00:00,3.38,
2018-02-19 02:15:00,3.24,
2018-02-19 02:30:00,3.56,
2018-02-19 02:45:00,4.0,
2018-02-19 03:00:00,3.42,
2018-02-19 03:15:00,3.28,
2018-02-19 03:30:00,3.28,
2018-02-19 03:45:00,3.24,
2018-02-19 04:00:00,3.31,
2018-02-19 04:15:00,3.24,
2018-02-19 04:30:00,3.24,
2018-02-19 04:45:00,3.6,
2018-02-19 05:00:00,4.25,
2018-02-19 05:15:00,3.96,
2018-02-19 05:30:00,3.28,
2018-02-19 05:45:00,3.24,
2018-02-19 06:00:00,3.2,
2018-02-19 06:15:00,3.2,
2018-02-19 06:30:00,3.46,
2018-02-19 06:45:00,3.38,
2018-02-19 07:00:00,3.35,
2018-02-19 07:15:00,3.28,
2018-02-19 07:30:00,5.0,
2018-02-19 07:45:00,6.12,
2018-02-19 08:00:00,8.14,
2018-02-19 08:15:00,37.04,
2018-02-19 08:30:00,59.0,
2018-02-19 08:45:00,74.48,
2018-02-19 09:00:00,66.96,
2018-02-19 09:15:00,62.1,
2018-02-19 09:30:00,76.14,
2018-02-19 09:45:00,59.54,
2018-02-19 10:00:00,75.28,
2018-02-19 10:15:00,54.61,
2018-02-19 10:30:00,76.14,
2018-02-19 10:45:00,64.76,
2018-02-19 11:00:00,67.25,
2018-02-19 11:15:00,76.61,
2018-02-19 11:30:00,61.49,
2018-02-19 11:45:00,89.32,
2018-02-19 12:00:00,58.28,
2018-02-19 12:15:00,6.95,
2018-02-19 12:30:00,7.31,
2018-02-19 12:45:00,7.34,
2018-02-19 13:00:00,8.64,
2018-02-19 13:15:00,61.67,
2018-02-19 13:30:00,60.3,
2018-02-19 13:45:00,53.75,
2018-02-19 14:00:00,70.56,
2018-02-19 14:15:00,57.64,
2018-02-19 14:30:00,58.54,
2018-02-19 14:45:00,78.77,
2018-02-19 15:00:00,59.51,
2018-02-19 15:15:00,58.07,
2018-02-19 15:30:00,70.96,
2018-02-19 15:45:00,63.5,
2018-02-19 16:00:00,63.83,
2018-02-19 16:15:00,71.53,
2018-02-19 16:30:00,72.61,
2018-02-19 16:45:00,82.51,
2018-02-19 17:00:00,91.73,
2018-02-19 17:15:00,87.19,
2018-02-19 17:30:00,78.73,
2018-02-19 17:45:00,44.78,
2018-02-19 18:00:00,41.83,
2018-02-19 18:15:00,54.76,
2018-02-19 18:30:00,60.7,
2018-02-19 18:45:00,67.97,
2018-02-19 19:00:00,60.84,
2018-02-19 19:15:00,58.18,
2018-02-19 19:30:00,64.87,
2018-02-19 19:45:00,67.61,
2018-02-19 20:00:00,100.98,
2018-02-19 20:15:00,77.8,
2018-02-19 20:30:00,55.76,
2018-02-19 20:45:00,50.62,
2018-02-19 21:00:00,58.93,
2018-02-19 21:15:00,69.48,
2018-02-19 21:30:00,56.59,
2018-02-19 21:45:00,66.96,
2018-02-19 22:00:00,73.66,
2018-02-19 22:15:00,92.38,
2018-02-19 22:30:00,83.41,
2018-02-19 22:45:00,87.52,
2018-02-19 23:00:00,78.55,
2018-02-19 23:15:00,84.2,
2018-02-19 23:30:00,84.6,
2018-02-19 23:45:00,79.52,
2018-02-20 00:00:00,82.48,
2018-02-20 00:15:00,81.83,
2018-02-20 00:30:00,98.32,
2018-02-20 00:45:00,73.12,
2018-02-20 01:00:00,102.64,
2018-02-20 01:15:00,70.45,
2018-02-20 01:30:00,10.62,
2018-02-20 01:45:00,6.41,
2018-02-20 02:00:00,5.87,
2018-02-20 02:15:00,5.83,
2018-02-20 02:30:00,5.83,
2018-02-20 02:45:00,5.9,
2018-02-20 03:00:00,5.83,
2018-02-20 03:15:00,5.76,
2018-02-20 03:30:00,5.83,
2018-02-20 03:45:00,5.83,
2018-02-20 04:00:00,6.16,
2018-02-20 04:15:00,5.83,
2018-02-20 04:30:00,5.83,
2018-02-20 04:45:00,5.72,
2018-02-20 05:00:00,5.83,
2018-02-20 05:15:00,5.83,
2018-02-20 05:30:00,5.87,
2018-02-20 05:45:00,5.8,
2018-02-20 06:00:00,5.8,
2018-02-20 06:15:00,4.97,
2018-02-20 06:30:00,4.72,
2018-02-20 06:45:00,4.68,
2018-02-20 07:00:00,4.68,
2018-02-20 07:15:00,4.68,
2018-02-20 07:30:00,5.47,
2018-02-20 07:45:00,6.95,
2018-02-20 08:00:00,6.84,
2018-02-20 08:15:00,46.94,
2018-02-20 08:30:00,58.39,
2018-02-20 08:45:00,74.45,
2018-02-20 09:00:00,75.31,
2018-02-20 09:15:00,140.9,
2018-02-20 09:30:00,84.17,
2018-02-20 09:45:00,116.82,
2018-02-20 10:00:00,104.36,
2018-02-20 10:15:00,134.46,
2018-02-20 10:30:00,87.8,
2018-02-20 10:45:00,116.53,
2018-02-20 11:00:00,61.24,
2018-02-20 11:15:00,106.45,
2018-02-20 11:30:00,120.6,
2018-02-20 11:45:00,52.52,
2018-02-20 12:00:00,88.2,
2018-02-20 12:15:00,12.42,
2018-02-20 12:30:00,7.42,
2018-02-20 12:45:00,7.38,
2018-02-20 13:00:00,8.17,
2018-02-20 13:15:00,44.64,
2018-02-20 13:30:00,73.12,
2018-02-20 13:45:00,110.95,
2018-02-20 14:00:00,94.64,
2018-02-20 14:15:00,119.09,
2018-02-20 14:30:00,67.43,
2018-02-20 14:45:00,111.24,
2018-02-20 15:00:00,99.58,
2018-02-20 15:15:00,83.74,
2018-02-20 15:30:00,102.31,
2018-02-20 15:45:00,100.66,
2018-02-20 16:00:00,69.8,
2018-02-20 16:15:00,123.19,
2018-02-20 16:30:00,84.64,
2018-02-20 16:45:00,64.19,
2018-02-20 17:00:00,104.36,
2018-02-20 17:15:00,108.54,
2018-02-20 17:30:00,79.85,
2018-02-20 17:45:00,98.35,
2018-02-20 18:00:00,75.71,
2018-02-20 18:15:00,108.97,
2018-02-20 18:30:00,94.75,
2018-02-20 18:45:00,117.65,
2018-02-20 19:00:00,92.63,
2018-02-20 19:15:00,112.18,
2018-02-20 19:30:00,98.57,
2018-02-20 19:45:00,105.12,
2018-02-20 20:00:00,104.15,
2018-02-20 20:15:00,68.69,
2018-02-20 20:30:00,113.65,
2018-02-20 20:45:00,72.07,
2018-02-20 21:00:00,42.48,
2018-02-20 21:15:00,41.11,
2018-02-20 21:30:00,39.71,
2018-02-20 21:45:00,86.65,
2018-02-20 22:00:00,52.13,
2018-02-20 22:15:00,69.41,
2018-02-20 22:30:00,72.0,
2018-02-20 22:45:00,38.66,
2018-02-20 23:00:00,61.63,
2018-02-20 23:15:00,98.35,
2018-02-20 23:30:00,76.36,
2018-02-20 23:45:00,97.92,
2018-02-21 00:00:00,70.85,
2018-02-21 00:15:00,95.9,
2018-02-21 00:30:00,84.28,
2018-02-21 00:45:00,84.31,
2018-02-21 01:00:00,97.31,
2018-02-21 01:15:00,37.33,
2018-02-21 01:30:00,6.19,
2018-02-21 01:45:00,6.01,
2018-02-21 02:00:00,5.94,
2018-02-21 02:15:00,5.87,
2018-02-21 02:30:00,5.87,
2018-02-21 02:45:00,5.83,
2018-02-21 03:00:00,5.87,
2018-02-21 03:15:00,5.87,
2018-02-21 03:30:00,5.8,
2018-02-21 03:45:00,5.22,
2018-02-21 04:00:00,4.46,
2018-02-21 04:15:00,4.0,
2018-02-21 04:30:00,3.92,
2018-02-21 04:45:00,3.92,
2018-02-21 05:00:00,3.92,
2018-02-21 05:15:00,3.92,
2018-02-21 05:30:00,3.92,
2018-02-21 05:45:00,3.96,
2018-02-21 06:00:00,3.92,
2018-02-21 06:15:00,4.28,
2018-02-21 06:30:00,5.76,
2018-02-21 06:45:00,4.9,
2018-02-21 07:00:00,3.85,
2018-02-21 07:15:00,3.82,
2018-02-21 07:30:00,4.32,
2018-02-21 07:45:00,6.41,
2018-02-21 08:00:00,6.73,
2018-02-21 08:15:00,36.5,
2018-02-21 08:30:00,91.98,
2018-02-21 08:45:00,72.5,
2018-02-21 09:00:00,55.26,
2018-02-21 09:15:00,60.59,
2018-02-21 09:30:00,83.7,
2018-02-21 09:45:00,80.78,
2018-02-21 10:00:00,68.29,
2018-02-21 10:15:00,73.55,
2018-02-21 10:30:00,62.86,
2018-02-21 10:45:00,61.31,
2018-02-21 11:00:00,96.16,
2018-02-21 11:15:00,83.16,
2018-02-21 11:30:00,90.07,
2018-02-21 11:45:00,67.43,
2018-02-21 12:00:00,59.83,
2018-02-21 12:15:00,24.37,
2018-02-21 12:30:00,7.34,
2018-02-21 12:45:00,7.45,
2018-02-21 13:00:00,8.17,
2018-02-21 13:15:00,41.08,
2018-02-21 13:30:00,65.84,
2018-02-21 13:45:00,66.2,
2018-02-21 14:00:00,104.62,
2018-02-21 14:15:00,73.66,
2018-02-21 14:30:00,134.71,
2018-02-21 14:45:00,117.04,
2018-02-21 15:00:00,101.95,
2018-02-21 15:15:00,132.52,
2018-02-21 15:30:00,93.6,
2018-02-21 15:45:00,103.5,
2018-02-21 16:00:00,124.42,
2018-02-21 16:15:00,91.19,
2018-02-21 16:30:00,132.62,
2018-02-21 16:45:00,115.81,
2018-02-21 17:00:00,87.34,
2018-02-21 17:15:00,99.86,
2018-02-21 17:30:00,108.4,
2018-02-21 17:45:00,71.93,
2018-02-21 18:00:00,71.1,
2018-02-21 18:15:00,75.92,
2018-02-21 18:30:00,58.93,
2018-02-21 18:45:00,63.79,
2018-02-21 19:00:00,67.82,
2018-02-21 19:15:00,84.2,
2018-02-21 19:30:00,71.1,
2018-02-21 19:45:00,65.41,
2018-02-21 20:00:00,94.25,
2018-02-21 20:15:00,70.09,
2018-02-21 20:30:00,97.42,
2018-02-21 20:45:00,77.36,
2018-02-21 21:00:00,94.21,
2018-02-21 21:15:00,83.7,
2018-02-21 21:30:00,84.67,
2018-02-21 21:45:00,93.35,
2018-02-21 22:00:00,59.62,
2018-02-21 22:15:00,51.77,
2018-02-21 22:30:00,52.85,
2018-02-21 22:45:00,71.42,
2018-02-21 23:00:00,66.78,
2018-02-21 23:15:00,73.91,
2018-02-21 23:30:00,88.2,
2018-02-21 23:45:00,75.46,
2018-02-22 00:00:00,41.33,
2018-02-22 00:15:00,75.85,
2018-02-22 00:30:00,86.94,
2018-02-22 00:45:00,66.92,
2018-02-22 01:00:00,90.18,
2018-02-22 01:15:00,74.81,
2018-02-22 01:30:00,13.54,
2018-02-22 01:45:00,5.65,
2018-02-22 02:00:00,6.05,
2018-02-22 02:15:00,6.08,
2018-02-22 02:30:00,6.05,
2018-02-22 02:45:00,5.98,
2018-02-22 03:00:00,5.9,
2018-02-22 03:15:00,6.01,
2018-02-22 03:30:00,5.94,
2018-02-22 03:45:00,5.9,
2018-02-22 04:00:00,5.94,
2018-02-22 04:15:00,5.4,
2018-02-22 04:30:00,4.25,
2018-02-22 04:45:00,3.96,
2018-02-22 05:00:00,3.96,
2018-02-22 05:15:00,4.0,
2018-02-22 05:30:00,3.96,
2018-02-22 05:45:00,4.0,
2018-02-22 06:00:00,3.96,
2018-02-22 06:15:00,3.92,
2018-02-22 06:30:00,4.46,
2018-02-22 06:45:00,5.0,
2018-02-22 07:00:00,4.86,
2018-02-22 07:15:00,4.39,
2018-02-22 07:30:00,4.03,
2018-02-22 07:45:00,7.16,
2018-02-22 08:00:00,7.78,
2018-02-22 08:15:00,44.78,
2018-02-22 08:30:00,80.24,
2018-02-22 08:45:00,103.39,
2018-02-22 09:00:00,140.29,
2018-02-22 09:15:00,91.4,
2018-02-22 09:30:00,104.36,
2018-02-22 09:45:00,112.97,
2018-02-22 10:00:00,86.15,
2018-02-22 10:15:00,123.3,
2018-02-22 10:30:00,121.93,
2018-02-22 10:45:00,89.1,
2018-02-22 11:00:00,86.65,
2018-02-22 11:15:00,104.54,
2018-02-22 11:30:00,114.7,
2018-02-22 11:45:00,84.46,
2018-02-22 12:00:00,92.02,
2018-02-22 12:15:00,18.86,
2018-02-22 12:30:00,8.14,
2018-02-22 12:45:00,8.57,
2018-02-22 13:00:00,11.3,
2018-02-22 13:15:00,89.86,
2018-02-22 13:30:00,113.94,
2018-02-22 13:45:00,69.37,
2018-02-22 14:00:00,110.48,
2018-02-22 14:15:00,109.4,
2018-02-22 14:30:00,68.94,
2018-02-22 14:45:00,118.19,
2018-02-22 15:00:00,111.02,
2018-02-22 15:15:00,64.3,
2018-02-22 15:30:00,96.8,
2018-02-22 15:45:00,108.14,
2018-02-22 16:00:00,82.22,
2018-02-22 16:15:00,97.16,
2018-02-22 16:30:00,106.85,
2018-02-22 16:45:00,102.82,
2018-02-22 17:00:00,79.81,
2018-02-22 17:15:00,110.27,
2018-02-22 17:30:00,121.28,
2018-02-22 17:45:00,83.2,
2018-02-22 18:00:00,54.22,
2018-02-22 18:15:00,76.54,
2018-02-22 18:30:00,131.54,
2018-02-22 18:45:00,109.62,
2018-02-22 19:00:00,111.71,
2018-02-22 19:15:00,130.86,
2018-02-22 19:30:00,119.95,
2018-02-22 19:45:00,99.47,
2018-02-22 20:00:00,91.01,
2018-02-22 20:15:00,107.93,
2018-02-22 20:30:00,92.59,
2018-02-22 20:45:00,107.14,
2018-02-22 21:00:00,100.87,
2018-02-22 21:15:00,113.51,
2018-02-22 21:30:00,102.28,
2018-02-22 21:45:00,57.67,
2018-02-22 22:00:00,64.15,
2018-02-22 22:15:00,93.89,
2018-02-22 22:30:00,51.16,
2018-02-22 22:45:00,90.22,
2018-02-22 23:00:00,66.02,
2018-02-22 23:15:00,48.38,
2018-02-22 23:30:00,37.91,
2018-02-22 23:45:00,47.2,
2018-02-23 00:00:00,89.57,
2018-02-23 00:15:00,41.36,
2018-02-23 00:30:00,44.93,
2018-02-23 00:45:00,39.17,
2018-02-23 01:00:00,39.56,
2018-02-23 01:15:00,29.09,
2018-02-23 01:30:00,8.03,
2018-02-23 01:45:00,6.44,
2018-02-23 02:00:00,6.12,
2018-02-23 02:15:00,6.01,
2018-02-23 02:30:00,6.08,
2018-02-23 02:45:00,6.12,
2018-02-23 03:00:00,5.98,
2018-02-23 03:15:00,5.94,
2018-02-23 03:30:00,5.94,
2018-02-23 03:45:00,6.01,
2018-02-23 04:00:00,5.9,
2018-02-23 04:15:00,5.9,
2018-02-23 04:30:00,5.9,
2018-02-23 04:45:00,5.9,
2018-02-23 05:00:00,5.94,
2018-02-23 05:15:00,4.86,
2018-02-23 05:30:00,4.5,
2018-02-23 05:45:00,4.03,
2018-02-23 06:00:00,4.03,
2018-02-23 06:15:00,4.07,
2018-02-23 06:30:00,4.07,
2018-02-23 06:45:00,4.03,
2018-02-23 07:00:00,4.07,
2018-02-23 07:15:00,4.07,
2018-02-23 07:30:00,4.82,
2018-02-23 07:45:00,8.03,
2018-02-23 08:00:00,9.0,
2018-02-23 08:15:00,37.26,
2018-02-23 08:30:00,62.53,
2018-02-23 08:45:00,61.31,
2018-02-23 09:00:00,135.14,
2018-02-23 09:15:00,106.16,
2018-02-23 09:30:00,77.29,
2018-02-23 09:45:00,123.34,
2018-02-23 10:00:00,66.64,
2018-02-23 10:15:00,85.36,
2018-02-23 10:30:00,103.86,
2018-02-23 10:45:00,73.62,
2018-02-23 11:00:00,66.31,
2018-02-23 11:15:00,68.08,
2018-02-23 11:30:00,109.04,
2018-02-23 11:45:00,109.22,
2018-02-23 12:00:00,125.6,
2018-02-23 12:15:00,43.02,
2018-02-23 12:30:00,7.49,
2018-02-23 12:45:00,7.88,
2018-02-23 13:00:00,7.96,
2018-02-23 13:15:00,72.76,
2018-02-23 13:30:00,79.13,
2018-02-23 13:45:00,91.3,
2018-02-23 14:00:00,64.91,
2018-02-23 14:15:00,138.06,
2018-02-23 14:30:00,74.2,
2018-02-23 14:45:00,79.02,
2018-02-23 15:00:00,64.76,
2018-02-23 15:15:00,64.76,
2018-02-23 15:30:00,62.24,
2018-02-23 15:45:00,66.53,
2018-02-23 16:00:00,69.19,
2018-02-23 16:15:00,58.79,
2018-02-23 16:30:00,73.51,
2018-02-23 16:45:00,66.38,
2018-02-23 17:00:00,60.3,
2018-02-23 17:15:00,58.1,
2018-02-23 17:30:00,60.19,
2018-02-23 17:45:00,52.27,
2018-02-23 18:00:00,44.96,
2018-02-23 18:15:00,57.89,
2018-02-23 18:30:00,65.09,
2018-02-23 18:45:00,62.64,
2018-02-23 19:00:00,61.09,
2018-02-23 19:15:00,51.34,
2018-02-23 19:30:00,53.75,
2018-02-23 19:45:00,48.06,
2018-02-23 20:00:00,52.24,
2018-02-23 20:15:00,50.58,
2018-02-23 20:30:00,45.14,
2018-02-23 20:45:00,45.97,
2018-02-23 21:00:00,38.27,
2018-02-23 21:15:00,37.51,
2018-02-23 21:30:00,34.92,
2018-02-23 21:45:00,35.32,
2018-02-23 22:00:00,38.05,
2018-02-23 22:15:00,72.79,
2018-02-23 22:30:00,77.4,
2018-02-23 22:45:00,79.27,
2018-02-23 23:00:00,56.56,
2018-02-23 23:15:00,89.57,
2018-02-23 23:30:00,89.21,
2018-02-23 23:45:00,80.89,
2018-02-24 00:00:00,54.0,
2018-02-24 00:15:00,70.45,
2018-02-24 00:30:00,89.39,
2018-02-24 00:45:00,82.3,
2018-02-24 01:00:00,73.94,
2018-02-24 01:15:00,61.2,
2018-02-24 01:30:00,6.7,
2018-02-24 01:45:00,6.23,
2018-02-24 02:00:00,6.08,
2018-02-24 02:15:00,5.98,
2018-02-24 02:30:00,6.05,
2018-02-24 02:45:00,6.01,
2018-02-24 03:00:00,5.98,
2018-02-24 03:15:00,5.94,
2018-02-24 03:30:00,5.94,
2018-02-24 03:45:00,6.01,
2018-02-24 04:00:00,5.87,
2018-02-24 04:15:00,5.94,
2018-02-24 04:30:00,5.87,
2018-02-24 04:45:00,5.94,
2018-02-24 05:00:00,5.9,
2018-02-24 05:15:00,5.87,
2018-02-24 05:30:00,5.9,
2018-02-24 05:45:00,5.87,
2018-02-24 06:00:00,5.94,
2018-02-24 06:15:00,5.62,
2018-02-24 06:30:00,4.82,
2018-02-24 06:45:00,4.79,
2018-02-24 07:00:00,3.96,
2018-02-24 07:15:00,4.0,
2018-02-24 07:30:00,4.0,
2018-02-24 07:45:00,5.47,
2018-02-24 08:00:00,5.4,
2018-02-24 08:15:00,35.64,
2018-02-24 08:30:00,79.85,
2018-02-24 08:45:00,45.11,
2018-02-24 09:00:00,63.11,
2018-02-24 09:15:00,88.38,
2018-02-24 09:30:00,76.03,
2018-02-24 09:45:00,51.3,
2018-02-24 10:00:00,88.78,
2018-02-24 10:15:00,76.21,
2018-02-24 10:30:00,51.8,
2018-02-24 10:45:00,88.6,
2018-02-24 11:00:00,77.33,
2018-02-24 11:15:00,56.02,
2018-02-24 11:30:00,88.99,
2018-02-24 11:45:00,71.68,
2018-02-24 12:00:00,47.7,
2018-02-24 12:15:00,6.19,
2018-02-24 12:30:00,5.8,
2018-02-24 12:45:00,4.25,
2018-02-24 13:00:00,4.25,
2018-02-24 13:15:00,24.84,
2018-02-24 13:30:00,85.43,
2018-02-24 13:45:00,77.29,
2018-02-24 14:00:00,45.36,
2018-02-24 14:15:00,84.31,
2018-02-24 14:30:00,72.9,
2018-02-24 14:45:00,57.24,
2018-02-24 15:00:00,85.07,
2018-02-24 15:15:00,38.63,
2018-02-24 15:30:00,36.47,
2018-02-24 15:45:00,54.76,
2018-02-24 16:00:00,58.79,
2018-02-24 16:15:00,70.99,
2018-02-24 16:30:00,83.56,
2018-02-24 16:45:00,77.33,
2018-02-24 17:00:00,82.91,
2018-02-24 17:15:00,67.68,
2018-02-24 17:30:00,89.32,
2018-02-24 17:45:00,71.32,
2018-02-24 18:00:00,88.09,
2018-02-24 18:15:00,70.42,
2018-02-24 18:30:00,84.64,
2018-02-24 18:45:00,76.72,
2018-02-24 19:00:00,89.35,
2018-02-24 19:15:00,69.88,
2018-02-24 19:30:00,40.03,
2018-02-24 19:45:00,90.58,
2018-02-24 20:00:00,88.02,
2018-02-24 20:15:00,79.31,
2018-02-24 20:30:00,86.87,
2018-02-24 20:45:00,66.67,
2018-02-24 21:00:00,77.87,
2018-02-24 21:15:00,89.14,
2018-02-24 21:30:00,74.34,
2018-02-24 21:45:00,93.31,
2018-02-24 22:00:00,57.53,
2018-02-24 22:15:00,88.88,
2018-02-24 22:30:00,78.95,
2018-02-24 22:45:00,91.19,
2018-02-24 23:00:00,81.65,
2018-02-24 23:15:00,81.54,
2018-02-24 23:30:00,86.83,
2018-02-24 23:45:00,70.13,
2018-02-25 00:00:00,3.85,
2018-02-25 00:15:00,67.18,
2018-02-25 00:30:00,60.98,
2018-02-25 00:45:00,34.74,
2018-02-25 01:00:00,40.39,
2018-02-25 01:15:00,13.46,
2018-02-25 01:30:00,5.44,
2018-02-25 01:45:00,5.87,
2018-02-25 02:00:00,5.83,
2018-02-25 02:15:00,5.9,
2018-02-25 02:30:00,5.87,
2018-02-25 02:45:00,5.87,
2018-02-25 03:00:00,5.83,
2018-02-25 03:15:00,5.87,
2018-02-25 03:30:00,5.69,
2018-02-25 03:45:00,4.32,
2018-02-25 04:00:00,3.96,
2018-02-25 04:15:00,3.96,
2018-02-25 04:30:00,4.03,
2018-02-25 04:45:00,3.96,
2018-02-25 05:00:00,3.96,
2018-02-25 05:15:00,3.92,
2018-02-25 05:30:00,3.92,
2018-02-25 05:45:00,4.03,
2018-02-25 06:00:00,4.68,
2018-02-25 06:15:00,4.18,
2018-02-25 06:30:00,3.96,
2018-02-25 06:45:00,4.46,
2018-02-25 07:00:00,4.54,
2018-02-25 07:15:00,3.89,
2018-02-25 07:30:00,3.85,
2018-02-25 07:45:00,3.85,
2018-02-25 08:00:00,3.96,
2018-02-25 08:15:00,3.89,
2018-02-25 08:30:00,4.5,
2018-02-25 08:45:00,4.43,
2018-02-25 09:00:00,4.14,
2018-02-25 09:15:00,4.32,
2018-02-25 09:30:00,4.28,
2018-02-25 09:45:00,4.28,
2018-02-25 10:00:00,4.97,
2018-02-25 10:15:00,4.54,
2018-02-25 10:30:00,4.32,
2018-02-25 10:45:00,4.25,
2018-02-25 11:00:00,4.28,
2018-02-25 11:15:00,4.14,
2018-02-25 11:30:00,4.68,
2018-02-25 11:45:00,4.72,
2018-02-25 12:00:00,4.14,
2018-02-25 12:15:00,4.28,
2018-02-25 12:30:00,4.28,
2018-02-25 12:45:00,4.32,
2018-02-25 13:00:00,4.5,
2018-02-25 13:15:00,5.18,
2018-02-25 13:30:00,4.39,
2018-02-25 13:45:00,4.21,
2018-02-25 14:00:00,4.21,
2018-02-25 14:15:00,4.25,
2018-02-25 14:30:00,4.68,
2018-02-25 14:45:00,5.0,
2018-02-25 15:00:00,4.25,
2018-02-25 15:15:00,4.21,
2018-02-25 15:30:00,4.25,
2018-02-25 15:45:00,4.18,
2018-02-25 16:00:00,4.18,
2018-02-25 16:15:00,4.21,
2018-02-25 16:30:00,4.21,
2018-02-25 16:45:00,4.61,
2018-02-25 17:00:00,4.9,
2018-02-25 17:15:00,4.32,
2018-02-25 17:30:00,4.64,
2018-02-25 17:45:00,4.97,
2018-02-25 18:00:00,4.28,
2018-02-25 18:15:00,3.96,
2018-02-25 18:30:00,3.96,
2018-02-25 18:45:00,4.07,
2018-02-25 19:00:00,4.1,
2018-02-25 19:15:00,4.18,
2018-02-25 19:30:00,4.07,
2018-02-25 19:45:00,4.1,
2018-02-25 20:00:00,5.08,
2018-02-25 20:15:00,4.21,
2018-02-25 20:30:00,4.72,
2018-02-25 20:45:00,4.93,
2018-02-25 21:00:00,4.25,
2018-02-25 21:15:00,4.1,
2018-02-25 21:30:00,4.1,
2018-02-25 21:45:00,4.14,
2018-02-25 22:00:00,4.1,
2018-02-25 22:15:00,3.96,
2018-02-25 22:30:00,3.82,
2018-02-25 22:45:00,4.0,
2018-02-25 23:00:00,4.75,
2018-02-25 23:15:00,4.07,
2018-02-25 23:30:00,4.39,
2018-02-25 23:45:00,4.57,
2018-02-26 00:00:00,5.72,
2018-02-26 00:15:00,3.85,
2018-02-26 00:30:00,3.82,
2018-02-26 00:45:00,3.78,
2018-02-26 01:00:00,3.85,
2018-02-26 01:15:00,3.85,
2018-02-26 01:30:00,3.89,
2018-02-26 01:45:00,3.89,
2018-02-26 02:00:00,3.85,
2018-02-26 02:15:00,3.85,
2018-02-26 02:30:00,5.54,
2018-02-26 02:45:00,4.75,
2018-02-26 03:00:00,3.85,
2018-02-26 03:15:00,3.82,
2018-02-26 03:30:00,3.82,
2018-02-26 03:45:00,3.82,
2018-02-26 04:00:00,3.82,
2018-02-26 04:15:00,3.85,
2018-02-26 04:30:00,3.82,
2018-02-26 04:45:00,3.85,
2018-02-26 05:00:00,4.03,
2018-02-26 05:15:00,4.97,
2018-02-26 05:30:00,5.29,
2018-02-26 05:45:00,4.32,
2018-02-26 06:00:00,3.78,
2018-02-26 06:15:00,3.78,
2018-02-26 06:30:00,3.85,
2018-02-26 06:45:00,3.92,
2018-02-26 07:00:00,3.82,
2018-02-26 07:15:00,3.78,
2018-02-26 07:30:00,4.82,
2018-02-26 07:45:00,6.84,
2018-02-26 08:00:00,7.31,
2018-02-26 08:15:00,26.82,
2018-02-26 08:30:00,56.81,
2018-02-26 08:45:00,67.18,
2018-02-26 09:00:00,55.58,
2018-02-26 09:15:00,56.23,
2018-02-26 09:30:00,60.08,
2018-02-26 09:45:00,63.11,
2018-02-26 10:00:00,53.35,
2018-02-26 10:15:00,100.55,
2018-02-26 10:30:00,67.28,
2018-02-26 10:45:00,66.6,
2018-02-26 11:00:00,103.82,
2018-02-26 11:15:00,82.76,
2018-02-26 11:30:00,59.83,
2018-02-26 11:45:00,60.62,
2018-02-26 12:00:00,64.62,
2018-02-26 12:15:00,10.22,
2018-02-26 12:30:00,6.16,
2018-02-26 12:45:00,6.88,
2018-02-26 13:00:00,6.66,
2018-02-26 13:15:00,39.49,
2018-02-26 13:30:00,59.4,
2018-02-26 13:45:00,50.8,
2018-02-26 14:00:00,57.53,
2018-02-26 14:15:00,52.02,
2018-02-26 14:30:00,58.82,
2018-02-26 14:45:00,46.15,
2018-02-26 15:00:00,46.55,
2018-02-26 15:15:00,47.38,
2018-02-26 15:30:00,57.78,
2018-02-26 15:45:00,53.42,
2018-02-26 16:00:00,50.87,
2018-02-26 16:15:00,44.1,
2018-02-26 16:30:00,34.09,
2018-02-26 16:45:00,35.57,
2018-02-26 17:00:00,36.0,
2018-02-26 17:15:00,44.17,
2018-02-26 17:30:00,56.09,
2018-02-26 17:45:00,34.7,
2018-02-26 18:00:00,32.69,
2018-02-26 18:15:00,45.5,
2018-02-26 18:30:00,62.96,
2018-02-26 18:45:00,65.56,
2018-02-26 19:00:00,62.35,
2018-02-26 19:15:00,63.36,
2018-02-26 19:30:00,60.73,
2018-02-26 19:45:00,60.48,
2018-02-26 20:00:00,62.03,
2018-02-26 20:15:00,61.56,
2018-02-26 20:30:00,61.38,
2018-02-26 20:45:00,65.05,
2018-02-26 21:00:00,40.54,
2018-02-26 21:15:00,8.39,
2018-02-26 21:30:00,6.52,
2018-02-26 21:45:00,6.26,
2018-02-26 22:00:00,6.19,
2018-02-26 22:15:00,6.01,
2018-02-26 22:30:00,5.76,
2018-02-26 22:45:00,5.76,
2018-02-26 23:00:00,5.76,
2018-02-26 23:15:00,5.72,
2018-02-26 23:30:00,5.72,
2018-02-26 23:45:00,5.76,
2018-02-27 00:00:00,5.94,
2018-02-27 00:15:00,5.76,
2018-02-27 00:30:00,5.8,
2018-02-27 00:45:00,5.72,
2018-02-27 01:00:00,5.72,
2018-02-27 01:15:00,5.72,
2018-02-27 01:30:00,5.8,
2018-02-27 01:45:00,4.72,
2018-02-27 02:00:00,3.85,
2018-02-27 02:15:00,3.89,
2018-02-27 02:30:00,3.89,
2018-02-27 02:45:00,3.89,
2018-02-27 03:00:00,3.89,
2018-02-27 03:15:00,3.89,
2018-02-27 03:30:00,3.85,
2018-02-27 03:45:00,3.89,
2018-02-27 04:00:00,4.0,
2018-02-27 04:15:00,4.61,
2018-02-27 04:30:00,4.39,
2018-02-27 04:45:00,3.89,
2018-02-27 05:00:00,4.28,
2018-02-27 05:15:00,4.68,
2018-02-27 05:30:00,3.82,
2018-02-27 05:45:00,3.85,
2018-02-27 06:00:00,3.82,
2018-02-27 06:15:00,3.85,
2018-02-27 06:30:00,3.85,
2018-02-27 06:45:00,3.85,
2018-02-27 07:00:00,4.36,
2018-02-27 07:15:00,4.54,
2018-02-27 07:30:00,4.32,
2018-02-27 07:45:00,6.48,
2018-02-27 08:00:00,6.88,
2018-02-27 08:15:00,41.58,
2018-02-27 08:30:00,61.7,
2018-02-27 08:45:00,69.16,
2018-02-27 09:00:00,72.61,
2018-02-27 09:15:00,74.3,
2018-02-27 09:30:00,70.31,
2018-02-27 09:45:00,72.4,
2018-02-27 10:00:00,72.25,
2018-02-27 10:15:00,69.66,
2018-02-27 10:30:00,66.02,
2018-02-27 10:45:00,68.11,
2018-02-27 11:00:00,66.6,
2018-02-27 11:15:00,68.18,
2018-02-27 11:30:00,63.72,
2018-02-27 11:45:00,58.54,
2018-02-27 12:00:00,51.34,
2018-02-27 12:15:00,9.94,
2018-02-27 12:30:00,7.24,
2018-02-27 12:45:00,7.27,
2018-02-27 13:00:00,7.52,
2018-02-27 13:15:00,49.72,
2018-02-27 13:30:00,50.62,
2018-02-27 13:45:00,56.74,
2018-02-27 14:00:00,52.16,
2018-02-27 14:15:00,48.71,
2018-02-27 14:30:00,48.46,
2018-02-27 14:45:00,49.9,
2018-02-27 15:00:00,57.28,
2018-02-27 15:15:00,57.31,
2018-02-27 15:30:00,48.56,
2018-02-27 15:45:00,46.62,
2018-02-27 16:00:00,70.99,
2018-02-27 16:15:00,51.41,
2018-02-27 16:30:00,53.96,
2018-02-27 16:45:00,55.62,
2018-02-27 17:00:00,44.6,
2018-02-27 17:15:00,40.79,
2018-02-27 17:30:00,37.91,
2018-02-27 17:45:00,31.72,
2018-02-27 18:00:00,30.92,
2018-02-27 18:15:00,43.74,
2018-02-27 18:30:00,54.0,
2018-02-27 18:45:00,46.58,
2018-02-27 19:00:00,54.86,
2018-02-27 19:15:00,99.61,
2018-02-27 19:30:00,108.4,
2018-02-27 19:45:00,121.93,
2018-02-27 20:00:00,53.68,
2018-02-27 20:15:00,59.18,
2018-02-27 20:30:00,94.97,
2018-02-27 20:45:00,126.97,
2018-02-27 21:00:00,70.34,
2018-02-27 21:15:00,20.3,
2018-02-27 21:30:00,6.98,
2018-02-27 21:45:00,6.55,
2018-02-27 22:00:00,6.48,
2018-02-27 22:15:00,6.34,
2018-02-27 22:30:00,6.16,
2018-02-27 22:45:00,6.01,
2018-02-27 23:00:00,6.01,
2018-02-27 23:15:00,5.98,
2018-02-27 23:30:00,5.9,
2018-02-27 23:45:00,5.94,
2018-02-28 00:00:00,5.29,
2018-02-28 00:15:00,5.94,
2018-02-28 00:30:00,5.98,
2018-02-28 00:45:00,6.05,
2018-02-28 01:00:00,6.01,
2018-02-28 01:15:00,5.98,
2018-02-28 01:30:00,5.94,
2018-02-28 01:45:00,5.98,
2018-02-28 02:00:00,5.0,
2018-02-28 02:15:00,4.1,
2018-02-28 02:30:00,4.1,
2018-02-28 02:45:00,4.1,
2018-02-28 03:00:00,4.14,
2018-02-28 03:15:00,4.18,
2018-02-28 03:30:00,4.1,
2018-02-28 03:45:00,4.1,
2018-02-28 04:00:00,4.1,
2018-02-28 04:15:00,4.1,
2018-02-28 04:30:00,4.46,
2018-02-28 04:45:00,4.82,
2018-02-28 05:00:00,4.86,
2018-02-28 05:15:00,4.68,
2018-02-28 05:30:00,4.1,
2018-02-28 05:45:00,4.18,
2018-02-28 06:00:00,4.1,
2018-02-28 06:15:00,4.1,
2018-02-28 06:30:00,4.1,
2018-02-28 06:45:00,4.1,
2018-02-28 07:00:00,4.14,
2018-02-28 07:15:00,4.1,
2018-02-28 07:30:00,5.47,
2018-02-28 07:45:00,6.73,
2018-02-28 08:00:00,8.64,
2018-02-28 08:15:00,44.86,
2018-02-28 08:30:00,108.94,
2018-02-28 08:45:00,107.1,
2018-02-28 09:00:00,100.91,
2018-02-28 09:15:00,121.46,
2018-02-28 09:30:00,83.3,
2018-02-28 09:45:00,127.91,
2018-02-28 10:00:00,66.74,
2018-02-28 10:15:00,93.2,
2018-02-28 10:30:00,134.53,
2018-02-28 10:45:00,75.13,
2018-02-28 11:00:00,113.72,
2018-02-28 11:15:00,116.06,
2018-02-28 11:30:00,56.45,
2018-02-28 11:45:00,61.96,
2018-02-28 12:00:00,70.67,
2018-02-28 12:15:00,11.34,
2018-02-28 12:30:00,7.96,
2018-02-28 12:45:00,11.38,
2018-02-28 13:00:00,11.3,
2018-02-28 13:15:00,64.8,
2018-02-28 13:30:00,50.69,
2018-02-28 13:45:00,47.41,
2018-02-28 14:00:00,63.86,
2018-02-28 14:15:00,64.51,
2018-02-28 14:30:00,56.38,
2018-02-28 14:45:00,66.89,
2018-02-28 15:00:00,97.88,
2018-02-28 15:15:00,116.35,
2018-02-28 15:30:00,127.76,
2018-02-28 15:45:00,89.64,
2018-02-28 16:00:00,113.94,
2018-02-28 16:15:00,107.17,
2018-02-28 16:30:00,106.52,
2018-02-28 16:45:00,126.29,
2018-02-28 17:00:00,90.43,
2018-02-28 17:15:00,120.2,
2018-02-28 17:30:00,104.62,
2018-02-28 17:45:00,33.52,
2018-02-28 18:00:00,32.44,
2018-02-28 18:15:00,59.11,
2018-02-28 18:30:00,135.9,
2018-02-28 18:45:00,78.26,
2018-02-28 19:00:00,98.1,
2018-02-28 19:15:00,134.6,
2018-02-28 19:30:00,64.12,
2018-02-28 19:45:00,47.88,
2018-02-28 20:00:00,42.91,
2018-02-28 20:15:00,49.0,
2018-02-28 20:30:00,52.2,
2018-02-28 20:45:00,51.19,
2018-02-28 21:00:00,57.64,
2018-02-28 21:15:00,24.41,
2018-02-28 21:30:00,6.16,
2018-02-28 21:45:00,5.8,
2018-02-28 22:00:00,5.87,
2018-02-28 22:15:00,5.69,
2018-02-28 22:30:00,5.4,
2018-02-28 22:45:00,5.36,
2018-02-28 23:00:00,5.33,
2018-02-28 23:15:00,5.33,
2018-02-28 23:30:00,5.29,
2018-02-28 23:45:00,5.29,
2018-03-01 00:00:00,3.2,
2018-03-01 00:15:00,5.22,
2018-03-01 00:30:00,5.33,
2018-03-01 00:45:00,4.43,
2018-03-01 01:00:00,3.92,
2018-03-01 01:15:00,3.64,
2018-03-01 01:30:00,3.67,
2018-03-01 01:45:00,3.67,
2018-03-01 02:00:00,3.67,
2018-03-01 02:15:00,3.67,
2018-03-01 02:30:00,3.64,
2018-03-01 02:45:00,3.67,
2018-03-01 03:00:00,3.82,
2018-03-01 03:15:00,4.32,
2018-03-01 03:30:00,4.5,
2018-03-01 03:45:00,4.07,
2018-03-01 04:00:00,3.67,
2018-03-01 04:15:00,3.71,
2018-03-01 04:30:00,3.78,
2018-03-01 04:45:00,3.74,
2018-03-01 05:00:00,3.67,
2018-03-01 05:15:00,3.67,
2018-03-01 05:30:00,3.67,
2018-03-01 05:45:00,4.21,
2018-03-01 06:00:00,4.1,
2018-03-01 06:15:00,3.67,
2018-03-01 06:30:00,3.78,
2018-03-01 06:45:00,4.32,
2018-03-01 07:00:00,3.92,
2018-03-01 07:15:00,3.56,
2018-03-01 07:30:00,3.6,
2018-03-01 07:45:00,3.64,
2018-03-01 08:00:00,6.37,
2018-03-01 08:15:00,26.86,
2018-03-01 08:30:00,29.23,
2018-03-01 08:45:00,30.38,
2018-03-01 09:00:00,34.31,
2018-03-01 09:15:00,31.25,
2018-03-01 09:30:00,31.54,
2018-03-01 09:45:00,35.42,
2018-03-01 10:00:00,48.42,
2018-03-01 10:15:00,72.79,
2018-03-01 10:30:00,77.4,
2018-03-01 10:45:00,75.31,
2018-03-01 11:00:00,86.62,
2018-03-01 11:15:00,81.43,
2018-03-01 11:30:00,37.37,
2018-03-01 11:45:00,36.58,
2018-03-01 12:00:00,40.97,
2018-03-01 12:15:00,22.86,
2018-03-01 12:30:00,22.14,
2018-03-01 12:45:00,22.0,
2018-03-01 13:00:00,22.18,
2018-03-01 13:15:00,30.89,
2018-03-01 13:30:00,32.54,
2018-03-01 13:45:00,34.16,
2018-03-01 14:00:00,33.8,
2018-03-01 14:15:00,32.58,
2018-03-01 14:30:00,30.74,
2018-03-01 14:45:00,33.8,
2018-03-01 15:00:00,34.02,
2018-03-01 15:15:00,34.6,
2018-03-01 15:30:00,34.67,
2018-03-01 15:45:00,33.34,
2018-03-01 16:00:00,34.78,
2018-03-01 16:15:00,41.94,
2018-03-01 16:30:00,37.37,
2018-03-01 16:45:00,33.3,
2018-03-01 17:00:00,34.52,
2018-03-01 17:15:00,12.38,
2018-03-01 17:30:00,4.86,
2018-03-01 17:45:00,5.58,
2018-03-01 18:00:00,5.36,
2018-03-01 18:15:00,7.49,
2018-03-01 18:30:00,5.18,
2018-03-01 18:45:00,5.29,
2018-03-01 19:00:00,5.44,
2018-03-01 19:15:00,5.4,
2018-03-01 19:30:00,5.33,
2018-03-01 19:45:00,5.33,
2018-03-01 20:00:00,5.36,
2018-03-01 20:15:00,5.36,
2018-03-01 20:30:00,5.33,
2018-03-01 20:45:00,4.21,
2018-03-01 21:00:00,3.85,
2018-03-01 21:15:00,3.53,
2018-03-01 21:30:00,3.49,
2018-03-01 21:45:00,3.49,
2018-03-01 22:00:00,3.49,
2018-03-01 22:15:00,3.38,
2018-03-01 22:30:00,3.31,
2018-03-01 22:45:00,3.6,
2018-03-01 23:00:00,4.54,
2018-03-01 23:15:00,3.78,
2018-03-01 23:30:00,3.17,
2018-03-01 23:45:00,3.28,
2018-03-02 00:00:00,4.36,
2018-03-02 00:15:00,3.2,
2018-03-02 00:30:00,3.28,
2018-03-02 00:45:00,3.28,
2018-03-02 01:00:00,3.28,
2018-03-02 01:15:00,3.24,
2018-03-02 01:30:00,3.38,
2018-03-02 01:45:00,3.85,
2018-03-02 02:00:00,4.32,
2018-03-02 02:15:00,4.07,
2018-03-02 02:30:00,3.38,
2018-03-02 02:45:00,3.24,
2018-03-02 03:00:00,3.24,
2018-03-02 03:15:00,3.35,
2018-03-02 03:30:00,3.28,
2018-03-02 03:45:00,3.31,
2018-03-02 04:00:00,3.28,
2018-03-02 04:15:00,3.6,
2018-03-02 04:30:00,3.92,
2018-03-02 04:45:00,3.38,
2018-03-02 05:00:00,3.31,
2018-03-02 05:15:00,3.24,
2018-03-02 05:30:00,3.24,
2018-03-02 05:45:00,3.28,
2018-03-02 06:00:00,3.2,
2018-03-02 06:15:00,3.28,
2018-03-02 06:30:00,3.35,
2018-03-02 06:45:00,3.96,
2018-03-02 07:00:00,3.92,
2018-03-02 07:15:00,3.78,
2018-03-02 07:30:00,3.2,
2018-03-02 07:45:00,3.24,
2018-03-02 08:00:00,12.53,
2018-03-02 08:15:00,29.41,
2018-03-02 08:30:00,79.49,
2018-03-02 08:45:00,87.52,
2018-03-02 09:00:00,66.2,
2018-03-02 09:15:00,107.39,
2018-03-02 09:30:00,56.41,
2018-03-02 09:45:00,34.42,
2018-03-02 10:00:00,60.01,
2018-03-02 10:15:00,91.76,
2018-03-02 10:30:00,83.05,
2018-03-02 10:45:00,41.76,
2018-03-02 11:00:00,43.16,
2018-03-02 11:15:00,37.51,
2018-03-02 11:30:00,44.78,
2018-03-02 11:45:00,38.34,
2018-03-02 12:00:00,41.72,
2018-03-02 12:15:00,12.96,
2018-03-02 12:30:00,4.75,
2018-03-02 12:45:00,4.75,
2018-03-02 13:00:00,4.75,
2018-03-02 13:15:00,19.4,
2018-03-02 13:30:00,44.93,
2018-03-02 13:45:00,90.86,
2018-03-02 14:00:00,84.71,
2018-03-02 14:15:00,84.06,
2018-03-02 14:30:00,85.28,
2018-03-02 14:45:00,79.85,
2018-03-02 15:00:00,85.97,
2018-03-02 15:15:00,29.92,
2018-03-02 15:30:00,26.39,
2018-03-02 15:45:00,26.28,
2018-03-02 16:00:00,26.57,
2018-03-02 16:15:00,26.42,
2018-03-02 16:30:00,26.96,
2018-03-02 16:45:00,27.54,
2018-03-02 17:00:00,26.93,
2018-03-02 17:15:00,26.53,
2018-03-02 17:30:00,26.93,
2018-03-02 17:45:00,26.68,
2018-03-02 18:00:00,26.6,
2018-03-02 18:15:00,26.21,
2018-03-02 18:30:00,27.76,
2018-03-02 18:45:00,29.63,
2018-03-02 19:00:00,29.81,
2018-03-02 19:15:00,33.12,
2018-03-02 19:30:00,37.62,
2018-03-02 19:45:00,73.55,
2018-03-02 20:00:00,61.45,
2018-03-02 20:15:00,79.13,
2018-03-02 20:30:00,62.71,
2018-03-02 20:45:00,40.07,
2018-03-02 21:00:00,35.24,
2018-03-02 21:15:00,40.68,
2018-03-02 21:30:00,37.19,
2018-03-02 21:45:00,37.08,
2018-03-02 22:00:00,18.58,
2018-03-02 22:15:00,4.68,
2018-03-02 22:30:00,4.18,
2018-03-02 22:45:00,5.18,
2018-03-02 23:00:00,5.22,
2018-03-02 23:15:00,5.18,
2018-03-02 23:30:00,5.11,
2018-03-02 23:45:00,5.0,
2018-03-03 00:00:00,2.99,
2018-03-03 00:15:00,3.38,
2018-03-03 00:30:00,3.35,
2018-03-03 00:45:00,3.42,
2018-03-03 01:00:00,3.35,
2018-03-03 01:15:00,3.38,
2018-03-03 01:30:00,3.38,
2018-03-03 01:45:00,3.38,
2018-03-03 02:00:00,3.38,
2018-03-03 02:15:00,3.92,
2018-03-03 02:30:00,3.74,
2018-03-03 02:45:00,4.03,
2018-03-03 03:00:00,3.71,
2018-03-03 03:15:00,3.42,
2018-03-03 03:30:00,3.38,
2018-03-03 03:45:00,3.42,
2018-03-03 04:00:00,3.38,
2018-03-03 04:15:00,3.42,
2018-03-03 04:30:00,3.42,
2018-03-03 04:45:00,3.78,
2018-03-03 05:00:00,3.89,
2018-03-03 05:15:00,3.46,
2018-03-03 05:30:00,3.85,
2018-03-03 05:45:00,3.85,
2018-03-03 06:00:00,3.42,
2018-03-03 06:15:00,3.35,
2018-03-03 06:30:00,3.46,
2018-03-03 06:45:00,3.35,
2018-03-03 07:00:00,3.31,
2018-03-03 07:15:00,3.31,
2018-03-03 07:30:00,3.85,
2018-03-03 07:45:00,3.85,
2018-03-03 08:00:00,3.38,
2018-03-03 08:15:00,26.64,
2018-03-03 08:30:00,38.16,
2018-03-03 08:45:00,33.26,
2018-03-03 09:00:00,38.63,
2018-03-03 09:15:00,39.53,
2018-03-03 09:30:00,37.69,
2018-03-03 09:45:00,34.49,
2018-03-03 10:00:00,32.0,
2018-03-03 10:15:00,36.5,
2018-03-03 10:30:00,33.05,
2018-03-03 10:45:00,35.03,
2018-03-03 11:00:00,32.36,
2018-03-03 11:15:00,31.64,
2018-03-03 11:30:00,35.96,
2018-03-03 11:45:00,34.09,
2018-03-03 12:00:00,38.74,
2018-03-03 12:15:00,6.55,
2018-03-03 12:30:00,4.18,
2018-03-03 12:45:00,4.57,
2018-03-03 13:00:00,4.1,
2018-03-03 13:15:00,21.92,
2018-03-03 13:30:00,39.28,
2018-03-03 13:45:00,37.55,
2018-03-03 14:00:00,44.96,
2018-03-03 14:15:00,36.32,
2018-03-03 14:30:00,65.41,
2018-03-03 14:45:00,76.9,
2018-03-03 15:00:00,79.16,
2018-03-03 15:15:00,43.13,
2018-03-03 15:30:00,67.82,
2018-03-03 15:45:00,85.93,
2018-03-03 16:00:00,43.99,
2018-03-03 16:15:00,34.96,
2018-03-03 16:30:00,30.78,
2018-03-03 16:45:00,30.96,
2018-03-03 17:00:00,18.76,
2018-03-03 17:15:00,4.5,
2018-03-03 17:30:00,5.54,
2018-03-03 17:45:00,5.08,
2018-03-03 18:00:00,5.04,
2018-03-03 18:15:00,4.86,
2018-03-03 18:30:00,4.79,
2018-03-03 18:45:00,4.93,
2018-03-03 19:00:00,4.93,
2018-03-03 19:15:00,4.97,
2018-03-03 19:30:00,5.0,
2018-03-03 19:45:00,4.86,
2018-03-03 20:00:00,3.38,
2018-03-03 20:15:00,3.17,
2018-03-03 20:30:00,3.2,
2018-03-03 20:45:00,3.17,
2018-03-03 21:00:00,3.2,
2018-03-03 21:15:00,3.17,
2018-03-03 21:30:00,3.17,
2018-03-03 21:45:00,3.2,
2018-03-03 22:00:00,3.2,
2018-03-03 22:15:00,3.56,
2018-03-03 22:30:00,3.31,
2018-03-03 22:45:00,2.92,
2018-03-03 23:00:00,2.95,
2018-03-03 23:15:00,2.84,
2018-03-03 23:30:00,3.38,
2018-03-03 23:45:00,3.38,
2018-03-04 00:00:00,3.02,
2018-03-04 00:15:00,3.06,
2018-03-04 00:30:00,2.99,
2018-03-04 00:45:00,3.02,
2018-03-04 01:00:00,3.31,
2018-03-04 01:15:00,3.53,
2018-03-04 01:30:00,3.1,
2018-03-04 01:45:00,3.02,
2018-03-04 02:00:00,3.06,
2018-03-04 02:15:00,3.06,
2018-03-04 02:30:00,3.06,
2018-03-04 02:45:00,3.1,
2018-03-04 03:00:00,3.42,
2018-03-04 03:15:00,3.56,
2018-03-04 03:30:00,3.06,
2018-03-04 03:45:00,3.38,
2018-03-04 04:00:00,3.64,
2018-03-04 04:15:00,3.13,
2018-03-04 04:30:00,3.06,
2018-03-04 04:45:00,3.1,
2018-03-04 05:00:00,3.06,
2018-03-04 05:15:00,3.13,
2018-03-04 05:30:00,3.06,
2018-03-04 05:45:00,3.02,
2018-03-04 06:00:00,3.06,
2018-03-04 06:15:00,3.6,
2018-03-04 06:30:00,3.42,
2018-03-04 06:45:00,3.6,
2018-03-04 07:00:00,3.35,
2018-03-04 07:15:00,3.02,
2018-03-04 07:30:00,3.06,
2018-03-04 07:45:00,3.1,
2018-03-04 08:00:00,3.06,
2018-03-04 08:15:00,3.02,
2018-03-04 08:30:00,3.1,
2018-03-04 08:45:00,3.1,
2018-03-04 09:00:00,3.28,
2018-03-04 09:15:00,3.35,
2018-03-04 09:30:00,3.96,
2018-03-04 09:45:00,5.04,
2018-03-04 10:00:00,3.85,
2018-03-04 10:15:00,3.38,
2018-03-04 10:30:00,3.31,
2018-03-04 10:45:00,3.28,
2018-03-04 11:00:00,3.31,
2018-03-04 11:15:00,3.13,
2018-03-04 11:30:00,3.24,
2018-03-04 11:45:00,3.13,
2018-03-04 12:00:00,3.13,
2018-03-04 12:15:00,3.28,
2018-03-04 12:30:00,3.28,
2018-03-04 12:45:00,3.82,
2018-03-04 13:00:00,3.82,
2018-03-04 13:15:00,3.24,
2018-03-04 13:30:00,3.24,
2018-03-04 13:45:00,3.2,
2018-03-04 14:00:00,3.28,
2018-03-04 14:15:00,3.28,
2018-03-04 14:30:00,3.46,
2018-03-04 14:45:00,3.96,
2018-03-04 15:00:00,3.42,
2018-03-04 15:15:00,3.28,
2018-03-04 15:30:00,3.31,
2018-03-04 15:45:00,3.24,
2018-03-04 16:00:00,3.92,
2018-03-04 16:15:00,3.64,
2018-03-04 16:30:00,3.28,
2018-03-04 16:45:00,3.31,
2018-03-04 17:00:00,3.28,
2018-03-04 17:15:00,3.31,
2018-03-04 17:30:00,3.28,
2018-03-04 17:45:00,3.31,
2018-03-04 18:00:00,3.35,
2018-03-04 18:15:00,3.13,
2018-03-04 18:30:00,3.13,
2018-03-04 18:45:00,3.24,
2018-03-04 19:00:00,4.86,
2018-03-04 19:15:00,4.14,
2018-03-04 19:30:00,3.31,
2018-03-04 19:45:00,3.31,
2018-03-04 20:00:00,3.31,
2018-03-04 20:15:00,3.31,
2018-03-04 20:30:00,3.31,
2018-03-04 20:45:00,3.35,
2018-03-04 21:00:00,3.31,
2018-03-04 21:15:00,3.31,
2018-03-04 21:30:00,3.31,
2018-03-04 21:45:00,3.35,
2018-03-04 22:00:00,3.74,
2018-03-04 22:15:00,3.82,
2018-03-04 22:30:00,3.92,
2018-03-04 22:45:00,3.13,
2018-03-04 23:00:00,3.02,
2018-03-04 23:15:00,3.02,
2018-03-04 23:30:00,3.06,
2018-03-04 23:45:00,3.02,
2018-03-05 00:00:00,6.73,
2018-03-05 00:15:00,2.99,
2018-03-05 00:30:00,3.06,
2018-03-05 00:45:00,3.1,
2018-03-05 01:00:00,3.02,
2018-03-05 01:15:00,3.53,
2018-03-05 01:30:00,3.53,
2018-03-05 01:45:00,3.67,
2018-03-05 02:00:00,3.17,
2018-03-05 02:15:00,3.06,
2018-03-05 02:30:00,3.02,
2018-03-05 02:45:00,3.02,
2018-03-05 03:00:00,3.02,
2018-03-05 03:15:00,3.02,
2018-03-05 03:30:00,3.13,
2018-03-05 03:45:00,3.06,
2018-03-05 04:00:00,3.1,
2018-03-05 04:15:00,3.6,
2018-03-05 04:30:00,3.35,
2018-03-05 04:45:00,3.13,
2018-03-05 05:00:00,3.06,
2018-03-05 05:15:00,3.64,
2018-03-05 05:30:00,3.13,
2018-03-05 05:45:00,3.02,
2018-03-05 06:00:00,3.02,
2018-03-05 06:15:00,3.1,
2018-03-05 06:30:00,3.06,
2018-03-05 06:45:00,3.1,
2018-03-05 07:00:00,3.13,
2018-03-05 07:15:00,3.6,
2018-03-05 07:30:00,3.64,
2018-03-05 07:45:00,3.85,
2018-03-05 08:00:00,4.1,
2018-03-05 08:15:00,41.9,
2018-03-05 08:30:00,78.23,
2018-03-05 08:45:00,90.5,
2018-03-05 09:00:00,56.99,
2018-03-05 09:15:00,56.88,
2018-03-05 09:30:00,50.26,
2018-03-05 09:45:00,56.05,
2018-03-05 10:00:00,50.29,
2018-03-05 10:15:00,63.25,
2018-03-05 10:30:00,78.8,
2018-03-05 10:45:00,115.16,
2018-03-05 11:00:00,88.7,
2018-03-05 11:15:00,118.55,
2018-03-05 11:30:00,68.33,
2018-03-05 11:45:00,69.3,
2018-03-05 12:00:00,88.6,
2018-03-05 12:15:00,10.76,
2018-03-05 12:30:00,6.88,
2018-03-05 12:45:00,7.56,
2018-03-05 13:00:00,7.52,
2018-03-05 13:15:00,54.22,
2018-03-05 13:30:00,113.15,
2018-03-05 13:45:00,74.84,
2018-03-05 14:00:00,112.72,
2018-03-05 14:15:00,78.66,
2018-03-05 14:30:00,123.66,
2018-03-05 14:45:00,52.13,
2018-03-05 15:00:00,46.62,
2018-03-05 15:15:00,47.23,
2018-03-05 15:30:00,91.04,
2018-03-05 15:45:00,121.75,
2018-03-05 16:00:00,146.88,
2018-03-05 16:15:00,74.27,
2018-03-05 16:30:00,61.09,
2018-03-05 16:45:00,60.95,
2018-03-05 17:00:00,63.65,
2018-03-05 17:15:00,47.99,
2018-03-05 17:30:00,43.52,
2018-03-05 17:45:00,30.82,
2018-03-05 18:00:00,31.25,
2018-03-05 18:15:00,39.31,
2018-03-05 18:30:00,56.99,
2018-03-05 18:45:00,53.03,
2018-03-05 19:00:00,47.74,
2018-03-05 19:15:00,44.24,
2018-03-05 19:30:00,61.88,
2018-03-05 19:45:00,71.64,
2018-03-05 20:00:00,65.66,
2018-03-05 20:15:00,99.61,
2018-03-05 20:30:00,80.42,
2018-03-05 20:45:00,95.58,
2018-03-05 21:00:00,102.56,
2018-03-05 21:15:00,21.28,
2018-03-05 21:30:00,7.06,
2018-03-05 21:45:00,7.45,
2018-03-05 22:00:00,7.42,
2018-03-05 22:15:00,7.27,
2018-03-05 22:30:00,6.91,
2018-03-05 22:45:00,6.8,
2018-03-05 23:00:00,6.77,
2018-03-05 23:15:00,6.8,
2018-03-05 23:30:00,6.77,
2018-03-05 23:45:00,6.7,
2018-03-06 00:00:00,4.79,
2018-03-06 00:15:00,6.7,
2018-03-06 00:30:00,6.77,
2018-03-06 00:45:00,6.73,
2018-03-06 01:00:00,6.77,
2018-03-06 01:15:00,6.73,
2018-03-06 01:30:00,6.8,
2018-03-06 01:45:00,6.8,
2018-03-06 02:00:00,6.77,
2018-03-06 02:15:00,6.77,
2018-03-06 02:30:00,5.87,
2018-03-06 02:45:00,4.79,
2018-03-06 03:00:00,4.75,
2018-03-06 03:15:00,4.68,
2018-03-06 03:30:00,4.64,
2018-03-06 03:45:00,4.64,
2018-03-06 04:00:00,4.72,
2018-03-06 04:15:00,4.68,
2018-03-06 04:30:00,4.64,
2018-03-06 04:45:00,4.68,
2018-03-06 05:00:00,5.15,
2018-03-06 05:15:00,5.65,
2018-03-06 05:30:00,5.65,
2018-03-06 05:45:00,5.36,
2018-03-06 06:00:00,4.64,
2018-03-06 06:15:00,4.61,
2018-03-06 06:30:00,4.61,
2018-03-06 06:45:00,4.64,
2018-03-06 07:00:00,4.82,
2018-03-06 07:15:00,6.26,
2018-03-06 07:30:00,7.34,
2018-03-06 07:45:00,7.7,
2018-03-06 08:00:00,9.11,
2018-03-06 08:15:00,39.35,
2018-03-06 08:30:00,82.98,
2018-03-06 08:45:00,108.68,
2018-03-06 09:00:00,120.89,
2018-03-06 09:15:00,92.92,
2018-03-06 09:30:00,104.4,
2018-03-06 09:45:00,128.41,
2018-03-06 10:00:00,79.34,
2018-03-06 10:15:00,60.88,
2018-03-06 10:30:00,60.8,
2018-03-06 10:45:00,71.21,
2018-03-06 11:00:00,57.53,
2018-03-06 11:15:00,63.58,
2018-03-06 11:30:00,72.47,
2018-03-06 11:45:00,59.0,
2018-03-06 12:00:00,66.24,
2018-03-06 12:15:00,22.0,
2018-03-06 12:30:00,24.44,
2018-03-06 12:45:00,19.37,
2018-03-06 13:00:00,28.58,
2018-03-06 13:15:00,49.07,
2018-03-06 13:30:00,63.04,
2018-03-06 13:45:00,72.22,
2018-03-06 14:00:00,81.5,
2018-03-06 14:15:00,52.27,
2018-03-06 14:30:00,50.44,
2018-03-06 14:45:00,61.7,
2018-03-06 15:00:00,67.03,
2018-03-06 15:15:00,74.63,
2018-03-06 15:30:00,90.25,
2018-03-06 15:45:00,73.69,
2018-03-06 16:00:00,74.34,
2018-03-06 16:15:00,75.46,
2018-03-06 16:30:00,83.09,
2018-03-06 16:45:00,77.76,
2018-03-06 17:00:00,114.91,
2018-03-06 17:15:00,75.67,
2018-03-06 17:30:00,82.98,
2018-03-06 17:45:00,57.96,
2018-03-06 18:00:00,57.85,
2018-03-06 18:15:00,49.25,
2018-03-06 18:30:00,48.28,
2018-03-06 18:45:00,63.14,
2018-03-06 19:00:00,59.9,
2018-03-06 19:15:00,64.4,
2018-03-06 19:30:00,57.17,
2018-03-06 19:45:00,64.19,
2018-03-06 20:00:00,59.33,
2018-03-06 20:15:00,55.98,
2018-03-06 20:30:00,62.39,
2018-03-06 20:45:00,58.18,
2018-03-06 21:00:00,37.76,
2018-03-06 21:15:00,21.38,
2018-03-06 21:30:00,8.1,
2018-03-06 21:45:00,5.36,
2018-03-06 22:00:00,5.36,
2018-03-06 22:15:00,5.08,
2018-03-06 22:30:00,4.93,
2018-03-06 22:45:00,4.86,
2018-03-06 23:00:00,4.86,
2018-03-06 23:15:00,4.82,
2018-03-06 23:30:00,4.82,
2018-03-06 23:45:00,4.79,
2018-03-07 00:00:00,3.06,
2018-03-07 00:15:00,4.86,
2018-03-07 00:30:00,4.9,
2018-03-07 00:45:00,4.39,
2018-03-07 01:00:00,3.53,
2018-03-07 01:15:00,3.17,
2018-03-07 01:30:00,3.13,
2018-03-07 01:45:00,3.24,
2018-03-07 02:00:00,3.13,
2018-03-07 02:15:00,3.13,
2018-03-07 02:30:00,3.17,
2018-03-07 02:45:00,3.17,
2018-03-07 03:00:00,3.2,
2018-03-07 03:15:00,3.24,
2018-03-07 03:30:00,3.71,
2018-03-07 03:45:00,4.39,
2018-03-07 04:00:00,3.53,
2018-03-07 04:15:00,3.2,
2018-03-07 04:30:00,3.17,
2018-03-07 04:45:00,3.17,
2018-03-07 05:00:00,3.17,
2018-03-07 05:15:00,3.17,
2018-03-07 05:30:00,3.24,
2018-03-07 05:45:00,3.17,
2018-03-07 06:00:00,3.17,
2018-03-07 06:15:00,3.46,
2018-03-07 06:30:00,3.71,
2018-03-07 06:45:00,3.49,
2018-03-07 07:00:00,3.82,
2018-03-07 07:15:00,3.64,
2018-03-07 07:30:00,3.82,
2018-03-07 07:45:00,4.72,
2018-03-07 08:00:00,32.87,
2018-03-07 08:15:00,54.72,
2018-03-07 08:30:00,85.68,
2018-03-07 08:45:00,100.87,
2018-03-07 09:00:00,90.11,
2018-03-07 09:15:00,99.9,
2018-03-07 09:30:00,86.58,
2018-03-07 09:45:00,111.67,
2018-03-07 10:00:00,96.12,
2018-03-07 10:15:00,58.93,
2018-03-07 10:30:00,94.14,
2018-03-07 10:45:00,109.73,
2018-03-07 11:00:00,85.18,
2018-03-07 11:15:00,97.2,
2018-03-07 11:30:00,61.31,
2018-03-07 11:45:00,51.66,
2018-03-07 12:00:00,49.25,
2018-03-07 12:15:00,14.44,
2018-03-07 12:30:00,6.44,
2018-03-07 12:45:00,6.95,
2018-03-07 13:00:00,6.48,
2018-03-07 13:15:00,62.96,
2018-03-07 13:30:00,102.28,
2018-03-07 13:45:00,57.02,
2018-03-07 14:00:00,88.34,
2018-03-07 14:15:00,87.44,
2018-03-07 14:30:00,122.87,
2018-03-07 14:45:00,100.44,
2018-03-07 15:00:00,86.04,
2018-03-07 15:15:00,127.12,
2018-03-07 15:30:00,85.68,
2018-03-07 15:45:00,96.44,
2018-03-07 16:00:00,88.09,
2018-03-07 16:15:00,94.75,
2018-03-07 16:30:00,105.62,
2018-03-07 16:45:00,110.88,
2018-03-07 17:00:00,88.16,
2018-03-07 17:15:00,102.02,
2018-03-07 17:30:00,95.83,
2018-03-07 17:45:00,75.78,
2018-03-07 18:00:00,84.35,
2018-03-07 18:15:00,11.27,
2018-03-07 18:30:00,7.02,
2018-03-07 18:45:00,6.08,
2018-03-07 19:00:00,6.23,
2018-03-07 19:15:00,6.01,
2018-03-07 19:30:00,5.29,
2018-03-07 19:45:00,5.36,
2018-03-07 20:00:00,5.26,
2018-03-07 20:15:00,5.22,
2018-03-07 20:30:00,5.29,
2018-03-07 20:45:00,5.22,
2018-03-07 21:00:00,5.26,
2018-03-07 21:15:00,5.29,
2018-03-07 21:30:00,5.26,
2018-03-07 21:45:00,5.36,
2018-03-07 22:00:00,5.29,
2018-03-07 22:15:00,5.08,
2018-03-07 22:30:00,4.82,
2018-03-07 22:45:00,4.82,
2018-03-07 23:00:00,3.71,
2018-03-07 23:15:00,3.1,
2018-03-07 23:30:00,3.02,
2018-03-07 23:45:00,3.06,
2018-03-08 00:00:00,4.86,
2018-03-08 00:15:00,3.06,
2018-03-08 00:30:00,3.17,
2018-03-08 00:45:00,3.1,
2018-03-08 01:00:00,3.1,
2018-03-08 01:15:00,3.1,
2018-03-08 01:30:00,3.71,
2018-03-08 01:45:00,3.71,
2018-03-08 02:00:00,3.1,
2018-03-08 02:15:00,3.1,
2018-03-08 02:30:00,3.1,
2018-03-08 02:45:00,3.13,
2018-03-08 03:00:00,3.2,
2018-03-08 03:15:00,3.78,
2018-03-08 03:30:00,3.2,
2018-03-08 03:45:00,3.06,
2018-03-08 04:00:00,3.1,
2018-03-08 04:15:00,3.13,
2018-03-08 04:30:00,3.56,
2018-03-08 04:45:00,3.67,
2018-03-08 05:00:00,3.1,
2018-03-08 05:15:00,3.1,
2018-03-08 05:30:00,3.13,
2018-03-08 05:45:00,3.06,
2018-03-08 06:00:00,3.1,
2018-03-08 06:15:00,3.06,
2018-03-08 06:30:00,3.74,
2018-03-08 06:45:00,3.24,
2018-03-08 07:00:00,3.06,
2018-03-08 07:15:00,2.95,
2018-03-08 07:30:00,4.82,
2018-03-08 07:45:00,5.76,
2018-03-08 08:00:00,5.98,
2018-03-08 08:15:00,62.35,
2018-03-08 08:30:00,94.28,
2018-03-08 08:45:00,104.36,
2018-03-08 09:00:00,96.37,
2018-03-08 09:15:00,93.13,
2018-03-08 09:30:00,121.57,
2018-03-08 09:45:00,110.77,
2018-03-08 10:00:00,108.04,
2018-03-08 10:15:00,115.45,
2018-03-08 10:30:00,100.44,
2018-03-08 10:45:00,109.19,
2018-03-08 11:00:00,53.35,
2018-03-08 11:15:00,50.47,
2018-03-08 11:30:00,52.06,
2018-03-08 11:45:00,77.44,
2018-03-08 12:00:00,48.17,
2018-03-08 12:15:00,12.92,
2018-03-08 12:30:00,9.18,
2018-03-08 12:45:00,9.61,
2018-03-08 13:00:00,9.68,
2018-03-08 13:15:00,59.36,
2018-03-08 13:30:00,63.04,
2018-03-08 13:45:00,65.95,
2018-03-08 14:00:00,61.06,
2018-03-08 14:15:00,73.04,
2018-03-08 14:30:00,58.61,
2018-03-08 14:45:00,75.67,
2018-03-08 15:00:00,65.74,
2018-03-08 15:15:00,69.44,
2018-03-08 15:30:00,57.38,
2018-03-08 15:45:00,56.3,
2018-03-08 16:00:00,69.88,
2018-03-08 16:15:00,54.83,
2018-03-08 16:30:00,63.79,
2018-03-08 16:45:00,73.66,
2018-03-08 17:00:00,66.24,
2018-03-08 17:15:00,66.89,
2018-03-08 17:30:00,58.64,
2018-03-08 17:45:00,38.05,
2018-03-08 18:00:00,34.31,
2018-03-08 18:15:00,33.88,
2018-03-08 18:30:00,37.4,
2018-03-08 18:45:00,37.4,
2018-03-08 19:00:00,45.83,
2018-03-08 19:15:00,58.54,
2018-03-08 19:30:00,38.09,
2018-03-08 19:45:00,37.04,
2018-03-08 20:00:00,36.79,
2018-03-08 20:15:00,37.01,
2018-03-08 20:30:00,49.5,
2018-03-08 20:45:00,63.29,
2018-03-08 21:00:00,37.76,
2018-03-08 21:15:00,8.86,
2018-03-08 21:30:00,5.54,
2018-03-08 21:45:00,5.47,
2018-03-08 22:00:00,5.51,
2018-03-08 22:15:00,5.4,
2018-03-08 22:30:00,5.08,
2018-03-08 22:45:00,5.0,
2018-03-08 23:00:00,4.93,
2018-03-08 23:15:00,4.93,
2018-03-08 23:30:00,4.93,
2018-03-08 23:45:00,4.86,
2018-03-09 00:00:00,3.74,
2018-03-09 00:15:00,4.93,
2018-03-09 00:30:00,4.97,
2018-03-09 00:45:00,4.93,
2018-03-09 01:00:00,4.93,
2018-03-09 01:15:00,4.9,
2018-03-09 01:30:00,4.93,
2018-03-09 01:45:00,5.04,
2018-03-09 02:00:00,4.93,
2018-03-09 02:15:00,4.97,
2018-03-09 02:30:00,4.97,
2018-03-09 02:45:00,4.93,
2018-03-09 03:00:00,5.08,
2018-03-09 03:15:00,5.0,
2018-03-09 03:30:00,4.97,
2018-03-09 03:45:00,5.04,
2018-03-09 04:00:00,4.97,
2018-03-09 04:15:00,5.08,
2018-03-09 04:30:00,5.04,
2018-03-09 04:45:00,4.97,
2018-03-09 05:00:00,4.97,
2018-03-09 05:15:00,5.0,
2018-03-09 05:30:00,5.04,
2018-03-09 05:45:00,5.0,
2018-03-09 06:00:00,4.93,
2018-03-09 06:15:00,4.97,
2018-03-09 06:30:00,4.97,
2018-03-09 06:45:00,5.0,
2018-03-09 07:00:00,4.97,
2018-03-09 07:15:00,5.15,
2018-03-09 07:30:00,6.34,
2018-03-09 07:45:00,6.84,
2018-03-09 08:00:00,9.61,
2018-03-09 08:15:00,61.56,
2018-03-09 08:30:00,64.66,
2018-03-09 08:45:00,95.9,
2018-03-09 09:00:00,76.57,
2018-03-09 09:15:00,65.34,
2018-03-09 09:30:00,64.76,
2018-03-09 09:45:00,59.69,
2018-03-09 10:00:00,68.22,
2018-03-09 10:15:00,68.72,
2018-03-09 10:30:00,68.15,
2018-03-09 10:45:00,56.09,
2018-03-09 11:00:00,55.15,
2018-03-09 11:15:00,54.5,
2018-03-09 11:30:00,50.44,
2018-03-09 11:45:00,49.64,
2018-03-09 12:00:00,48.06,
2018-03-09 12:15:00,12.13,
2018-03-09 12:30:00,7.06,
2018-03-09 12:45:00,7.38,
2018-03-09 13:00:00,7.63,
2018-03-09 13:15:00,31.03,
2018-03-09 13:30:00,45.97,
2018-03-09 13:45:00,48.17,
2018-03-09 14:00:00,47.09,
2018-03-09 14:15:00,53.75,
2018-03-09 14:30:00,54.83,
2018-03-09 14:45:00,59.22,
2018-03-09 15:00:00,55.15,
2018-03-09 15:15:00,45.58,
2018-03-09 15:30:00,41.8,
2018-03-09 15:45:00,53.32,
2018-03-09 16:00:00,50.94,
2018-03-09 16:15:00,54.4,
2018-03-09 16:30:00,56.23,
2018-03-09 16:45:00,53.32,
2018-03-09 17:00:00,48.85,
2018-03-09 17:15:00,48.46,
2018-03-09 17:30:00,42.37,
2018-03-09 17:45:00,35.1,
2018-03-09 18:00:00,29.48,
2018-03-09 18:15:00,6.77,
2018-03-09 18:30:00,4.5,
2018-03-09 18:45:00,4.25,
2018-03-09 19:00:00,4.14,
2018-03-09 19:15:00,4.25,
2018-03-09 19:30:00,4.14,
2018-03-09 19:45:00,4.18,
2018-03-09 20:00:00,4.14,
2018-03-09 20:15:00,4.18,
2018-03-09 20:30:00,4.18,
2018-03-09 20:45:00,4.1,
2018-03-09 21:00:00,4.14,
2018-03-09 21:15:00,4.21,
2018-03-09 21:30:00,4.14,
2018-03-09 21:45:00,4.21,
2018-03-09 22:00:00,4.18,
2018-03-09 22:15:00,4.03,
2018-03-09 22:30:00,3.85,
2018-03-09 22:45:00,3.82,
2018-03-09 23:00:00,3.82,
2018-03-09 23:15:00,3.74,
2018-03-09 23:30:00,3.74,
2018-03-09 23:45:00,3.74,
2018-03-10 00:00:00,3.06,
2018-03-10 00:15:00,3.38,
2018-03-10 00:30:00,3.02,
2018-03-10 00:45:00,3.1,
2018-03-10 01:00:00,3.06,
2018-03-10 01:15:00,3.06,
2018-03-10 01:30:00,3.13,
2018-03-10 01:45:00,3.06,
2018-03-10 02:00:00,3.1,
2018-03-10 02:15:00,3.06,
2018-03-10 02:30:00,3.06,
2018-03-10 02:45:00,3.13,
2018-03-10 03:00:00,3.74,
2018-03-10 03:15:00,3.49,
2018-03-10 03:30:00,3.06,
2018-03-10 03:45:00,3.13,
2018-03-10 04:00:00,3.13,
2018-03-10 04:15:00,3.02,
2018-03-10 04:30:00,3.1,
2018-03-10 04:45:00,3.1,
2018-03-10 05:00:00,3.1,
2018-03-10 05:15:00,3.13,
2018-03-10 05:30:00,3.06,
2018-03-10 05:45:00,3.1,
2018-03-10 06:00:00,3.1,
2018-03-10 06:15:00,3.17,
2018-03-10 06:30:00,3.78,
2018-03-10 06:45:00,3.1,
2018-03-10 07:00:00,3.1,
2018-03-10 07:15:00,3.1,
2018-03-10 07:30:00,3.1,
2018-03-10 07:45:00,3.28,
2018-03-10 08:00:00,3.28,
2018-03-10 08:15:00,5.69,
2018-03-10 08:30:00,6.95,
2018-03-10 08:45:00,7.67,
2018-03-10 09:00:00,27.0,
2018-03-10 09:15:00,28.22,
2018-03-10 09:30:00,29.27,
2018-03-10 09:45:00,28.44,
2018-03-10 10:00:00,28.26,
2018-03-10 10:15:00,24.95,
2018-03-10 10:30:00,9.68,
2018-03-10 10:45:00,9.83,
2018-03-10 11:00:00,8.32,
2018-03-10 11:15:00,7.38,
2018-03-10 11:30:00,9.43,
2018-03-10 11:45:00,9.47,
2018-03-10 12:00:00,6.44,
2018-03-10 12:15:00,5.94,
2018-03-10 12:30:00,6.37,
2018-03-10 12:45:00,7.81,
2018-03-10 13:00:00,10.73,
2018-03-10 13:15:00,10.62,
2018-03-10 13:30:00,10.91,
2018-03-10 13:45:00,26.78,
2018-03-10 14:00:00,28.44,
2018-03-10 14:15:00,28.76,
2018-03-10 14:30:00,29.09,
2018-03-10 14:45:00,28.58,
2018-03-10 15:00:00,29.2,
2018-03-10 15:15:00,30.35,
2018-03-10 15:30:00,29.3,
2018-03-10 15:45:00,32.04,
2018-03-10 16:00:00,34.92,
2018-03-10 16:15:00,36.18,
2018-03-10 16:30:00,36.54,
2018-03-10 16:45:00,35.93,
2018-03-10 17:00:00,26.03,
2018-03-10 17:15:00,4.43,
2018-03-10 17:30:00,4.25,
2018-03-10 17:45:00,4.21,
2018-03-10 18:00:00,4.25,
2018-03-10 18:15:00,4.03,
2018-03-10 18:30:00,4.07,
2018-03-10 18:45:00,4.1,
2018-03-10 19:00:00,4.14,
2018-03-10 19:15:00,4.18,
2018-03-10 19:30:00,4.21,
2018-03-10 19:45:00,4.25,
2018-03-10 20:00:00,4.18,
2018-03-10 20:15:00,4.18,
2018-03-10 20:30:00,4.18,
2018-03-10 20:45:00,4.21,
2018-03-10 21:00:00,4.25,
2018-03-10 21:15:00,4.18,
2018-03-10 21:30:00,4.21,
2018-03-10 21:45:00,4.14,
2018-03-10 22:00:00,4.0,
2018-03-10 22:15:00,3.31,
2018-03-10 22:30:00,3.13,
2018-03-10 22:45:00,3.13,
2018-03-10 23:00:00,3.1,
2018-03-10 23:15:00,3.06,
2018-03-10 23:30:00,3.1,
2018-03-10 23:45:00,3.02,
2018-03-11 00:00:00,3.82,
2018-03-11 00:15:00,3.06,
2018-03-11 00:30:00,3.1,
2018-03-11 00:45:00,3.74,
2018-03-11 01:00:00,3.46,
2018-03-11 01:15:00,3.1,
2018-03-11 01:30:00,3.1,
2018-03-11 01:45:00,3.17,
2018-03-11 02:00:00,3.1,
2018-03-11 02:15:00,3.13,
2018-03-11 02:30:00,3.13,
2018-03-11 02:45:00,3.13,
2018-03-11 03:00:00,3.2,
2018-03-11 03:15:00,3.17,
2018-03-11 03:30:00,3.1,
2018-03-11 03:45:00,3.42,
2018-03-11 04:00:00,3.74,
2018-03-11 04:15:00,3.2,
2018-03-11 04:30:00,3.1,
2018-03-11 04:45:00,3.13,
2018-03-11 05:00:00,3.13,
2018-03-11 05:15:00,3.13,
2018-03-11 05:30:00,3.17,
2018-03-11 05:45:00,3.17,
2018-03-11 06:00:00,3.1,
2018-03-11 06:15:00,3.1,
2018-03-11 06:30:00,3.13,
2018-03-11 06:45:00,3.24,
2018-03-11 07:00:00,3.78,
2018-03-11 07:15:00,3.1,
2018-03-11 07:30:00,3.06,
2018-03-11 07:45:00,3.28,
2018-03-11 08:00:00,3.31,
2018-03-11 08:15:00,15.8,
2018-03-11 08:30:00,25.99,
2018-03-11 08:45:00,27.76,
2018-03-11 09:00:00,30.49,
2018-03-11 09:15:00,31.07,
2018-03-11 09:30:00,34.74,
2018-03-11 09:45:00,33.16,
2018-03-11 10:00:00,34.34,
2018-03-11 10:15:00,33.84,
2018-03-11 10:30:00,31.0,
2018-03-11 10:45:00,31.79,
2018-03-11 11:00:00,30.02,
2018-03-11 11:15:00,30.06,
2018-03-11 11:30:00,30.1,
2018-03-11 11:45:00,29.84,
2018-03-11 12:00:00,29.56,
2018-03-11 12:15:00,24.08,
2018-03-11 12:30:00,24.16,
2018-03-11 12:45:00,24.08,
2018-03-11 13:00:00,24.3,
2018-03-11 13:15:00,30.64,
2018-03-11 13:30:00,31.36,
2018-03-11 13:45:00,31.03,
2018-03-11 14:00:00,30.85,
2018-03-11 14:15:00,30.31,
2018-03-11 14:30:00,30.67,
2018-03-11 14:45:00,31.36,
2018-03-11 15:00:00,31.0,
2018-03-11 15:15:00,31.32,
2018-03-11 15:30:00,30.2,
2018-03-11 15:45:00,30.13,
2018-03-11 16:00:00,30.13,
2018-03-11 16:15:00,30.31,
2018-03-11 16:30:00,30.35,
2018-03-11 16:45:00,30.38,
2018-03-11 17:00:00,30.92,
2018-03-11 17:15:00,30.78,
2018-03-11 17:30:00,30.06,
2018-03-11 17:45:00,29.77,
2018-03-11 18:00:00,31.5,
2018-03-11 18:15:00,30.2,
2018-03-11 18:30:00,29.99,
2018-03-11 18:45:00,29.81,
2018-03-11 19:00:00,28.3,
2018-03-11 19:15:00,27.97,
2018-03-11 19:30:00,28.22,
2018-03-11 19:45:00,28.15,
2018-03-11 20:00:00,28.73,
2018-03-11 20:15:00,28.8,
2018-03-11 20:30:00,28.91,
2018-03-11 20:45:00,30.2,
2018-03-11 21:00:00,31.46,
2018-03-11 21:15:00,30.28,
2018-03-11 21:30:00,29.66,
2018-03-11 21:45:00,30.24,
2018-03-11 22:00:00,30.31,
2018-03-11 22:15:00,30.56,
2018-03-11 22:30:00,12.71,
2018-03-11 22:45:00,4.07,
2018-03-11 23:00:00,3.78,
2018-03-11 23:15:00,3.78,
2018-03-11 23:30:00,3.85,
2018-03-11 23:45:00,3.78,
2018-03-12 00:00:00,4.46,
2018-03-12 00:15:00,3.78,
2018-03-12 00:30:00,3.89,
2018-03-12 00:45:00,3.89,
2018-03-12 01:00:00,3.85,
2018-03-12 01:15:00,3.82,
2018-03-12 01:30:00,3.89,
2018-03-12 01:45:00,3.92,
2018-03-12 02:00:00,3.89,
2018-03-12 02:15:00,3.89,
2018-03-12 02:30:00,3.85,
2018-03-12 02:45:00,3.82,
2018-03-12 03:00:00,3.92,
2018-03-12 03:15:00,3.85,
2018-03-12 03:30:00,3.89,
2018-03-12 03:45:00,3.38,
2018-03-12 04:00:00,3.17,
2018-03-12 04:15:00,3.24,
2018-03-12 04:30:00,3.13,
2018-03-12 04:45:00,3.17,
2018-03-12 05:00:00,3.13,
2018-03-12 05:15:00,3.2,
2018-03-12 05:30:00,3.17,
2018-03-12 05:45:00,3.1,
2018-03-12 06:00:00,3.13,
2018-03-12 06:15:00,3.1,
2018-03-12 06:30:00,3.13,
2018-03-12 06:45:00,3.74,
2018-03-12 07:00:00,3.46,
2018-03-12 07:15:00,3.74,
2018-03-12 07:30:00,4.07,
2018-03-12 07:45:00,4.36,
2018-03-12 08:00:00,4.36,
2018-03-12 08:15:00,42.62,
2018-03-12 08:30:00,87.3,
2018-03-12 08:45:00,109.94,
2018-03-12 09:00:00,87.41,
2018-03-12 09:15:00,58.39,
2018-03-12 09:30:00,56.77,
2018-03-12 09:45:00,71.35,
2018-03-12 10:00:00,58.21,
2018-03-12 10:15:00,52.99,
2018-03-12 10:30:00,49.61,
2018-03-12 10:45:00,44.06,
2018-03-12 11:00:00,54.43,
2018-03-12 11:15:00,52.42,
2018-03-12 11:30:00,77.29,
2018-03-12 11:45:00,94.54,
2018-03-12 12:00:00,73.22,
2018-03-12 12:15:00,38.63,
2018-03-12 12:30:00,34.38,
2018-03-12 12:45:00,31.72,
2018-03-12 13:00:00,30.24,
2018-03-12 13:15:00,65.95,
2018-03-12 13:30:00,89.53,
2018-03-12 13:45:00,78.55,
2018-03-12 14:00:00,89.57,
2018-03-12 14:15:00,96.48,
2018-03-12 14:30:00,77.33,
2018-03-12 14:45:00,83.56,
2018-03-12 15:00:00,87.26,
2018-03-12 15:15:00,82.55,
2018-03-12 15:30:00,52.45,
2018-03-12 15:45:00,62.71,
2018-03-12 16:00:00,73.87,
2018-03-12 16:15:00,82.48,
2018-03-12 16:30:00,75.1,
2018-03-12 16:45:00,91.15,
2018-03-12 17:00:00,89.6,
2018-03-12 17:15:00,76.79,
2018-03-12 17:30:00,69.88,
2018-03-12 17:45:00,43.85,
2018-03-12 18:00:00,32.47,
2018-03-12 18:15:00,34.78,
2018-03-12 18:30:00,48.49,
2018-03-12 18:45:00,46.55,
2018-03-12 19:00:00,38.45,
2018-03-12 19:15:00,36.68,
2018-03-12 19:30:00,36.86,
2018-03-12 19:45:00,54.43,
2018-03-12 20:00:00,39.85,
2018-03-12 20:15:00,38.05,
2018-03-12 20:30:00,46.12,
2018-03-12 20:45:00,49.79,
2018-03-12 21:00:00,28.37,
2018-03-12 21:15:00,8.46,
2018-03-12 21:30:00,8.17,
2018-03-12 21:45:00,7.92,
2018-03-12 22:00:00,7.16,
2018-03-12 22:15:00,4.82,
2018-03-12 22:30:00,4.61,
2018-03-12 22:45:00,4.57,
2018-03-12 23:00:00,4.61,
2018-03-12 23:15:00,4.5,
2018-03-12 23:30:00,4.46,
2018-03-12 23:45:00,4.5,
2018-03-13 00:00:00,3.78,
2018-03-13 00:15:00,4.5,
2018-03-13 00:30:00,4.5,
2018-03-13 00:45:00,4.54,
2018-03-13 01:00:00,4.57,
2018-03-13 01:15:00,4.5,
2018-03-13 01:30:00,4.57,
2018-03-13 01:45:00,4.54,
2018-03-13 02:00:00,4.61,
2018-03-13 02:15:00,4.54,
2018-03-13 02:30:00,3.89,
2018-03-13 02:45:00,3.71,
2018-03-13 03:00:00,3.74,
2018-03-13 03:15:00,3.78,
2018-03-13 03:30:00,3.67,
2018-03-13 03:45:00,3.74,
2018-03-13 04:00:00,3.71,
2018-03-13 04:15:00,3.71,
2018-03-13 04:30:00,3.74,
2018-03-13 04:45:00,3.74,
2018-03-13 05:00:00,3.67,
2018-03-13 05:15:00,3.71,
2018-03-13 05:30:00,3.96,
2018-03-13 05:45:00,4.61,
2018-03-13 06:00:00,3.85,
2018-03-13 06:15:00,3.71,
2018-03-13 06:30:00,3.71,
2018-03-13 06:45:00,3.71,
2018-03-13 07:00:00,3.71,
2018-03-13 07:15:00,3.64,
2018-03-13 07:30:00,3.82,
2018-03-13 07:45:00,5.22,
2018-03-13 08:00:00,6.77,
2018-03-13 08:15:00,21.06,
2018-03-13 08:30:00,77.58,
2018-03-13 08:45:00,89.86,
2018-03-13 09:00:00,73.73,
2018-03-13 09:15:00,52.02,
2018-03-13 09:30:00,96.37,
2018-03-13 09:45:00,74.81,
2018-03-13 10:00:00,102.71,
2018-03-13 10:15:00,111.82,
2018-03-13 10:30:00,84.56,
2018-03-13 10:45:00,82.15,
2018-03-13 11:00:00,69.16,
2018-03-13 11:15:00,79.63,
2018-03-13 11:30:00,75.35,
2018-03-13 11:45:00,71.28,
2018-03-13 12:00:00,92.99,
2018-03-13 12:15:00,17.5,
2018-03-13 12:30:00,6.59,
2018-03-13 12:45:00,6.73,
2018-03-13 13:00:00,6.62,
2018-03-13 13:15:00,53.75,
2018-03-13 13:30:00,78.84,
2018-03-13 13:45:00,106.7,
2018-03-13 14:00:00,84.53,
2018-03-13 14:15:00,107.5,
2018-03-13 14:30:00,96.62,
2018-03-13 14:45:00,102.24,
2018-03-13 15:00:00,87.8,
2018-03-13 15:15:00,48.38,
2018-03-13 15:30:00,75.1,
2018-03-13 15:45:00,54.9,
2018-03-13 16:00:00,57.74,
2018-03-13 16:15:00,54.68,
2018-03-13 16:30:00,61.56,
2018-03-13 16:45:00,65.2,
2018-03-13 17:00:00,62.96,
2018-03-13 17:15:00,62.42,
2018-03-13 17:30:00,82.22,
2018-03-13 17:45:00,42.98,
2018-03-13 18:00:00,28.58,
2018-03-13 18:15:00,37.26,
2018-03-13 18:30:00,46.87,
2018-03-13 18:45:00,56.59,
2018-03-13 19:00:00,58.0,
2018-03-13 19:15:00,57.31,
2018-03-13 19:30:00,49.03,
2018-03-13 19:45:00,48.74,
2018-03-13 20:00:00,41.15,
2018-03-13 20:15:00,58.14,
2018-03-13 20:30:00,57.74,
2018-03-13 20:45:00,54.72,
2018-03-13 21:00:00,19.66,
2018-03-13 21:15:00,8.71,
2018-03-13 21:30:00,4.57,
2018-03-13 21:45:00,4.28,
2018-03-13 22:00:00,4.39,
2018-03-13 22:15:00,4.14,
2018-03-13 22:30:00,3.89,
2018-03-13 22:45:00,3.92,
2018-03-13 23:00:00,3.85,
2018-03-13 23:15:00,3.89,
2018-03-13 23:30:00,3.82,
2018-03-13 23:45:00,3.82,
2018-03-14 00:00:00,4.03,
2018-03-14 00:15:00,3.82,
2018-03-14 00:30:00,3.89,
2018-03-14 00:45:00,3.82,
2018-03-14 01:00:00,3.78,
2018-03-14 01:15:00,3.85,
2018-03-14 01:30:00,3.89,
2018-03-14 01:45:00,3.85,
2018-03-14 02:00:00,3.82,
2018-03-14 02:15:00,3.85,
2018-03-14 02:30:00,3.89,
2018-03-14 02:45:00,3.85,
2018-03-14 03:00:00,3.49,
2018-03-14 03:15:00,3.28,
2018-03-14 03:30:00,3.28,
2018-03-14 03:45:00,3.28,
2018-03-14 04:00:00,3.28,
2018-03-14 04:15:00,3.38,
2018-03-14 04:30:00,3.24,
2018-03-14 04:45:00,3.24,
2018-03-14 05:00:00,3.28,
2018-03-14 05:15:00,3.28,
2018-03-14 05:30:00,3.31,
2018-03-14 05:45:00,3.2,
2018-03-14 06:00:00,3.24,
2018-03-14 06:15:00,3.24,
2018-03-14 06:30:00,3.24,
2018-03-14 06:45:00,3.35,
2018-03-14 07:00:00,3.71,
2018-03-14 07:15:00,3.17,
2018-03-14 07:30:00,3.56,
2018-03-14 07:45:00,4.46,
2018-03-14 08:00:00,4.39,
2018-03-14 08:15:00,36.54,
2018-03-14 08:30:00,62.14,
2018-03-14 08:45:00,72.86,
2018-03-14 09:00:00,71.35,
2018-03-14 09:15:00,56.92,
2018-03-14 09:30:00,62.1,
2018-03-14 09:45:00,62.96,
2018-03-14 10:00:00,73.08,
2018-03-14 10:15:00,84.6,
2018-03-14 10:30:00,118.33,
2018-03-14 10:45:00,70.49,
2018-03-14 11:00:00,98.75,
2018-03-14 11:15:00,97.6,
2018-03-14 11:30:00,81.68,
2018-03-14 11:45:00,89.68,
2018-03-14 12:00:00,95.47,
2018-03-14 12:15:00,13.68,
2018-03-14 12:30:00,5.58,
2018-03-14 12:45:00,5.58,
2018-03-14 13:00:00,5.76,
2018-03-14 13:15:00,31.75,
2018-03-14 13:30:00,56.88,
2018-03-14 13:45:00,52.96,
2018-03-14 14:00:00,56.23,
2018-03-14 14:15:00,65.16,
2018-03-14 14:30:00,56.12,
2018-03-14 14:45:00,44.53,
2018-03-14 15:00:00,48.74,
2018-03-14 15:15:00,52.13,
2018-03-14 15:30:00,49.28,
2018-03-14 15:45:00,51.16,
2018-03-14 16:00:00,61.45,
2018-03-14 16:15:00,95.54,
2018-03-14 16:30:00,58.07,
2018-03-14 16:45:00,113.11,
2018-03-14 17:00:00,68.08,
2018-03-14 17:15:00,113.72,
2018-03-14 17:30:00,90.43,
2018-03-14 17:45:00,81.22,
2018-03-14 18:00:00,40.75,
2018-03-14 18:15:00,12.89,
2018-03-14 18:30:00,4.61,
2018-03-14 18:45:00,4.46,
2018-03-14 19:00:00,4.46,
2018-03-14 19:15:00,4.46,
2018-03-14 19:30:00,4.46,
2018-03-14 19:45:00,4.39,
2018-03-14 20:00:00,4.46,
2018-03-14 20:15:00,4.39,
2018-03-14 20:30:00,4.43,
2018-03-14 20:45:00,4.43,
2018-03-14 21:00:00,4.43,
2018-03-14 21:15:00,4.5,
2018-03-14 21:30:00,4.43,
2018-03-14 21:45:00,4.46,
2018-03-14 22:00:00,4.43,
2018-03-14 22:15:00,4.28,
2018-03-14 22:30:00,4.1,
2018-03-14 22:45:00,4.03,
2018-03-14 23:00:00,4.07,
2018-03-14 23:15:00,3.96,
2018-03-14 23:30:00,3.96,
2018-03-14 23:45:00,3.96,
2018-03-15 00:00:00,3.71,
2018-03-15 00:15:00,3.42,
2018-03-15 00:30:00,3.35,
2018-03-15 00:45:00,3.42,
2018-03-15 01:00:00,3.42,
2018-03-15 01:15:00,3.46,
2018-03-15 01:30:00,3.42,
2018-03-15 01:45:00,3.49,
2018-03-15 02:00:00,3.38,
2018-03-15 02:15:00,3.38,
2018-03-15 02:30:00,3.46,
2018-03-15 02:45:00,3.49,
2018-03-15 03:00:00,3.42,
2018-03-15 03:15:00,3.38,
2018-03-15 03:30:00,3.46,
2018-03-15 03:45:00,3.42,
2018-03-15 04:00:00,3.56,
2018-03-15 04:15:00,4.03,
2018-03-15 04:30:00,3.67,
2018-03-15 04:45:00,3.42,
2018-03-15 05:00:00,3.46,
2018-03-15 05:15:00,3.46,
2018-03-15 05:30:00,3.46,
2018-03-15 05:45:00,3.42,
2018-03-15 06:00:00,3.42,
2018-03-15 06:15:00,3.42,
2018-03-15 06:30:00,3.38,
2018-03-15 06:45:00,3.42,
2018-03-15 07:00:00,3.38,
2018-03-15 07:15:00,3.31,
2018-03-15 07:30:00,3.71,
2018-03-15 07:45:00,4.61,
2018-03-15 08:00:00,6.16,
2018-03-15 08:15:00,63.18,
2018-03-15 08:30:00,118.22,
2018-03-15 08:45:00,96.7,
2018-03-15 09:00:00,123.44,
2018-03-15 09:15:00,95.94,
2018-03-15 09:30:00,117.18,
2018-03-15 09:45:00,91.87,
2018-03-15 10:00:00,120.6,
2018-03-15 10:15:00,100.73,
2018-03-15 10:30:00,125.1,
2018-03-15 10:45:00,97.92,
2018-03-15 11:00:00,101.12,
2018-03-15 11:15:00,90.86,
2018-03-15 11:30:00,107.68,
2018-03-15 11:45:00,107.06,
2018-03-15 12:00:00,95.94,
2018-03-15 12:15:00,11.23,
2018-03-15 12:30:00,6.19,
2018-03-15 12:45:00,6.34,
2018-03-15 13:00:00,6.01,
2018-03-15 13:15:00,78.66,
2018-03-15 13:30:00,92.38,
2018-03-15 13:45:00,127.37,
2018-03-15 14:00:00,71.14,
2018-03-15 14:15:00,93.67,
2018-03-15 14:30:00,95.54,
2018-03-15 14:45:00,96.88,
2018-03-15 15:00:00,127.69,
2018-03-15 15:15:00,85.32,
2018-03-15 15:30:00,114.7,
2018-03-15 15:45:00,84.78,
2018-03-15 16:00:00,49.21,
2018-03-15 16:15:00,70.34,
2018-03-15 16:30:00,91.4,
2018-03-15 16:45:00,81.18,
2018-03-15 17:00:00,68.8,
2018-03-15 17:15:00,105.88,
2018-03-15 17:30:00,70.13,
2018-03-15 17:45:00,32.36,
2018-03-15 18:00:00,31.86,
2018-03-15 18:15:00,58.5,
2018-03-15 18:30:00,59.47,
2018-03-15 18:45:00,53.68,
2018-03-15 19:00:00,86.29,
2018-03-15 19:15:00,62.24,
2018-03-15 19:30:00,76.64,
2018-03-15 19:45:00,49.93,
2018-03-15 20:00:00,101.77,
2018-03-15 20:15:00,98.82,
2018-03-15 20:30:00,114.73,
2018-03-15 20:45:00,73.94,
2018-03-15 21:00:00,34.09,
2018-03-15 21:15:00,6.91,
2018-03-15 21:30:00,4.64,
2018-03-15 21:45:00,4.28,
2018-03-15 22:00:00,4.32,
2018-03-15 22:15:00,4.03,
2018-03-15 22:30:00,3.85,
2018-03-15 22:45:00,3.89,
2018-03-15 23:00:00,3.82,
2018-03-15 23:15:00,3.74,
2018-03-15 23:30:00,3.71,
2018-03-15 23:45:00,3.74,
2018-03-16 00:00:00,3.6,
2018-03-16 00:15:00,3.71,
2018-03-16 00:30:00,3.74,
2018-03-16 00:45:00,3.78,
2018-03-16 01:00:00,3.78,
2018-03-16 01:15:00,3.74,
2018-03-16 01:30:00,3.71,
2018-03-16 01:45:00,3.74,
2018-03-16 02:00:00,3.82,
2018-03-16 02:15:00,3.67,
2018-03-16 02:30:00,3.2,
2018-03-16 02:45:00,3.2,
2018-03-16 03:00:00,3.17,
2018-03-16 03:15:00,3.2,
2018-03-16 03:30:00,3.2,
2018-03-16 03:45:00,3.2,
2018-03-16 04:00:00,3.17,
2018-03-16 04:15:00,3.13,
2018-03-16 04:30:00,3.24,
2018-03-16 04:45:00,3.2,
2018-03-16 05:00:00,3.2,
2018-03-16 05:15:00,3.17,
2018-03-16 05:30:00,3.13,
2018-03-16 05:45:00,3.13,
2018-03-16 06:00:00,3.6,
2018-03-16 06:15:00,3.42,
2018-03-16 06:30:00,3.1,
2018-03-16 06:45:00,3.1,
2018-03-16 07:00:00,3.06,
2018-03-16 07:15:00,3.1,
2018-03-16 07:30:00,3.78,
2018-03-16 07:45:00,3.85,
2018-03-16 08:00:00,5.08,
2018-03-16 08:15:00,60.55,
2018-03-16 08:30:00,118.66,
2018-03-16 08:45:00,114.77,
2018-03-16 09:00:00,74.63,
2018-03-16 09:15:00,69.91,
2018-03-16 09:30:00,108.9,
2018-03-16 09:45:00,104.72,
2018-03-16 10:00:00,121.75,
2018-03-16 10:15:00,110.74,
2018-03-16 10:30:00,84.2,
2018-03-16 10:45:00,58.25,
2018-03-16 11:00:00,59.0,
2018-03-16 11:15:00,109.44,
2018-03-16 11:30:00,103.72,
2018-03-16 11:45:00,97.13,
2018-03-16 12:00:00,73.04,
2018-03-16 12:15:00,37.19,
2018-03-16 12:30:00,6.66,
2018-03-16 12:45:00,6.91,
2018-03-16 13:00:00,7.2,
2018-03-16 13:15:00,55.69,
2018-03-16 13:30:00,111.42,
2018-03-16 13:45:00,114.23,
2018-03-16 14:00:00,76.1,
2018-03-16 14:15:00,79.16,
2018-03-16 14:30:00,94.79,
2018-03-16 14:45:00,70.74,
2018-03-16 15:00:00,95.62,
2018-03-16 15:15:00,86.83,
2018-03-16 15:30:00,122.94,
2018-03-16 15:45:00,97.99,
2018-03-16 16:00:00,82.04,
2018-03-16 16:15:00,113.8,
2018-03-16 16:30:00,67.46,
2018-03-16 16:45:00,63.5,
2018-03-16 17:00:00,50.72,
2018-03-16 17:15:00,73.08,
2018-03-16 17:30:00,55.44,
2018-03-16 17:45:00,31.07,
2018-03-16 18:00:00,30.49,
2018-03-16 18:15:00,39.53,
2018-03-16 18:30:00,61.96,
2018-03-16 18:45:00,84.53,
2018-03-16 19:00:00,91.55,
2018-03-16 19:15:00,86.26,
2018-03-16 19:30:00,104.65,
2018-03-16 19:45:00,93.24,
2018-03-16 20:00:00,103.46,
2018-03-16 20:15:00,70.52,
2018-03-16 20:30:00,51.08,
2018-03-16 20:45:00,100.55,
2018-03-16 21:00:00,74.95,
2018-03-16 21:15:00,5.54,
2018-03-16 21:30:00,4.21,
2018-03-16 21:45:00,4.18,
2018-03-16 22:00:00,4.14,
2018-03-16 22:15:00,4.07,
2018-03-16 22:30:00,3.74,
2018-03-16 22:45:00,3.71,
2018-03-16 23:00:00,3.71,
2018-03-16 23:15:00,3.71,
2018-03-16 23:30:00,3.71,
2018-03-16 23:45:00,3.64,
2018-03-17 00:00:00,3.06,
2018-03-17 00:15:00,3.64,
2018-03-17 00:30:00,3.71,
2018-03-17 00:45:00,3.74,
2018-03-17 01:00:00,3.67,
2018-03-17 01:15:00,3.71,
2018-03-17 01:30:00,3.67,
2018-03-17 01:45:00,3.74,
2018-03-17 02:00:00,3.71,
2018-03-17 02:15:00,3.31,
2018-03-17 02:30:00,3.06,
2018-03-17 02:45:00,3.06,
2018-03-17 03:00:00,3.13,
2018-03-17 03:15:00,3.13,
2018-03-17 03:30:00,3.06,
2018-03-17 03:45:00,3.1,
2018-03-17 04:00:00,3.06,
2018-03-17 04:15:00,3.17,
2018-03-17 04:30:00,3.1,
2018-03-17 04:45:00,3.1,
2018-03-17 05:00:00,3.06,
2018-03-17 05:15:00,3.13,
2018-03-17 05:30:00,3.17,
2018-03-17 05:45:00,3.13,
2018-03-17 06:00:00,3.28,
2018-03-17 06:15:00,3.56,
2018-03-17 06:30:00,3.1,
2018-03-17 06:45:00,3.17,
2018-03-17 07:00:00,3.06,
2018-03-17 07:15:00,3.06,
2018-03-17 07:30:00,3.06,
2018-03-17 07:45:00,3.17,
2018-03-17 08:00:00,3.49,
2018-03-17 08:15:00,39.82,
2018-03-17 08:30:00,90.65,
2018-03-17 08:45:00,83.09,
2018-03-17 09:00:00,83.84,
2018-03-17 09:15:00,96.7,
2018-03-17 09:30:00,65.92,
2018-03-17 09:45:00,93.78,
2018-03-17 10:00:00,55.84,
2018-03-17 10:15:00,27.4,
2018-03-17 10:30:00,26.03,
2018-03-17 10:45:00,25.96,
2018-03-17 11:00:00,25.96,
2018-03-17 11:15:00,25.7,
2018-03-17 11:30:00,26.82,
2018-03-17 11:45:00,27.18,
2018-03-17 12:00:00,34.24,
2018-03-17 12:15:00,22.25,
2018-03-17 12:30:00,4.64,
2018-03-17 12:45:00,3.85,
2018-03-17 13:00:00,3.85,
2018-03-17 13:15:00,17.39,
2018-03-17 13:30:00,27.86,
2018-03-17 13:45:00,29.7,
2018-03-17 14:00:00,33.37,
2018-03-17 14:15:00,33.44,
2018-03-17 14:30:00,62.93,
2018-03-17 14:45:00,79.6,
2018-03-17 15:00:00,69.59,
2018-03-17 15:15:00,81.97,
2018-03-17 15:30:00,83.74,
2018-03-17 15:45:00,85.86,
2018-03-17 16:00:00,57.71,
2018-03-17 16:15:00,71.89,
2018-03-17 16:30:00,57.67,
2018-03-17 16:45:00,92.99,
2018-03-17 17:00:00,50.65,
2018-03-17 17:15:00,3.96,
2018-03-17 17:30:00,4.21,
2018-03-17 17:45:00,4.03,
2018-03-17 18:00:00,4.03,
2018-03-17 18:15:00,3.85,
2018-03-17 18:30:00,3.78,
2018-03-17 18:45:00,3.96,
2018-03-17 19:00:00,4.03,
2018-03-17 19:15:00,4.03,
2018-03-17 19:30:00,4.07,
2018-03-17 19:45:00,4.0,
2018-03-17 20:00:00,4.0,
2018-03-17 20:15:00,4.03,
2018-03-17 20:30:00,4.03,
2018-03-17 20:45:00,4.03,
2018-03-17 21:00:00,4.0,
2018-03-17 21:15:00,4.0,
2018-03-17 21:30:00,4.03,
2018-03-17 21:45:00,4.03,
2018-03-17 22:00:00,3.89,
2018-03-17 22:15:00,3.17,
2018-03-17 22:30:00,3.06,
2018-03-17 22:45:00,3.1,
2018-03-17 23:00:00,3.06,
2018-03-17 23:15:00,2.99,
2018-03-17 23:30:00,2.95,
2018-03-17 23:45:00,2.99,
2018-03-18 00:00:00,3.28,
2018-03-18 00:15:00,2.99,
2018-03-18 00:30:00,2.99,
2018-03-18 00:45:00,3.02,
2018-03-18 01:00:00,3.13,
2018-03-18 01:15:00,3.71,
2018-03-18 01:30:00,3.06,
2018-03-18 01:45:00,3.06,
2018-03-18 02:00:00,3.1,
2018-03-18 02:15:00,3.02,
2018-03-18 02:30:00,3.06,
2018-03-18 02:45:00,3.02,
2018-03-18 03:00:00,3.06,
2018-03-18 03:15:00,3.02,
2018-03-18 03:30:00,3.02,
2018-03-18 03:45:00,3.1,
2018-03-18 04:00:00,3.02,
2018-03-18 04:15:00,3.46,
2018-03-18 04:30:00,3.35,
2018-03-18 04:45:00,3.06,
2018-03-18 05:00:00,3.06,
2018-03-18 05:15:00,3.06,
2018-03-18 05:30:00,3.02,
2018-03-18 05:45:00,3.02,
2018-03-18 06:00:00,2.99,
2018-03-18 06:15:00,3.06,
2018-03-18 06:30:00,2.99,
2018-03-18 06:45:00,2.95,
2018-03-18 07:00:00,2.99,
2018-03-18 07:15:00,3.53,
2018-03-18 07:30:00,3.1,
2018-03-18 07:45:00,2.99,
2018-03-18 08:00:00,2.99,
2018-03-18 08:15:00,2.95,
2018-03-18 08:30:00,2.99,
2018-03-18 08:45:00,3.1,
2018-03-18 09:00:00,3.17,
2018-03-18 09:15:00,3.17,
2018-03-18 09:30:00,3.2,
2018-03-18 09:45:00,3.17,
2018-03-18 10:00:00,3.74,
2018-03-18 10:15:00,3.49,
2018-03-18 10:30:00,3.17,
2018-03-18 10:45:00,3.17,
2018-03-18 11:00:00,3.13,
2018-03-18 11:15:00,3.06,
2018-03-18 11:30:00,3.02,
2018-03-18 11:45:00,3.06,
2018-03-18 12:00:00,3.02,
2018-03-18 12:15:00,3.17,
2018-03-18 12:30:00,3.2,
2018-03-18 12:45:00,3.24,
2018-03-18 13:00:00,3.17,
2018-03-18 13:15:00,3.85,
2018-03-18 13:30:00,3.49,
2018-03-18 13:45:00,3.17,
2018-03-18 14:00:00,3.24,
2018-03-18 14:15:00,3.17,
2018-03-18 14:30:00,3.2,
2018-03-18 14:45:00,3.2,
2018-03-18 15:00:00,3.24,
2018-03-18 15:15:00,3.24,
2018-03-18 15:30:00,3.24,
2018-03-18 15:45:00,3.2,
2018-03-18 16:00:00,3.13,
2018-03-18 16:15:00,3.17,
2018-03-18 16:30:00,3.17,
2018-03-18 16:45:00,3.28,
2018-03-18 17:00:00,3.13,
2018-03-18 17:15:00,3.46,
2018-03-18 17:30:00,3.89,
2018-03-18 17:45:00,3.24,
2018-03-18 18:00:00,3.2,
2018-03-18 18:15:00,3.1,
2018-03-18 18:30:00,3.1,
2018-03-18 18:45:00,3.31,
2018-03-18 19:00:00,3.31,
2018-03-18 19:15:00,3.31,
2018-03-18 19:30:00,3.42,
2018-03-18 19:45:00,3.35,
2018-03-18 20:00:00,3.31,
2018-03-18 20:15:00,3.28,
2018-03-18 20:30:00,3.35,
2018-03-18 20:45:00,3.42,
2018-03-18 21:00:00,3.31,
2018-03-18 21:15:00,3.74,
2018-03-18 21:30:00,3.6,
2018-03-18 21:45:00,3.35,
2018-03-18 22:00:00,3.35,
2018-03-18 22:15:00,3.24,
2018-03-18 22:30:00,3.1,
2018-03-18 22:45:00,3.06,
2018-03-18 23:00:00,3.02,
2018-03-18 23:15:00,3.02,
2018-03-18 23:30:00,3.06,
2018-03-18 23:45:00,3.06,
2018-03-19 00:00:00,3.64,
2018-03-19 00:15:00,3.49,
2018-03-19 00:30:00,3.06,
2018-03-19 00:45:00,3.17,
2018-03-19 01:00:00,3.1,
2018-03-19 01:15:00,3.06,
2018-03-19 01:30:00,3.06,
2018-03-19 01:45:00,3.1,
2018-03-19 02:00:00,3.13,
2018-03-19 02:15:00,3.1,
2018-03-19 02:30:00,3.06,
2018-03-19 02:45:00,3.1,
2018-03-19 03:00:00,3.1,
2018-03-19 03:15:00,3.46,
2018-03-19 03:30:00,3.56,
2018-03-19 03:45:00,3.1,
2018-03-19 04:00:00,3.06,
2018-03-19 04:15:00,3.06,
2018-03-19 04:30:00,3.06,
2018-03-19 04:45:00,3.1,
2018-03-19 05:00:00,3.1,
2018-03-19 05:15:00,3.06,
2018-03-19 05:30:00,3.06,
2018-03-19 05:45:00,3.06,
2018-03-19 06:00:00,3.06,
2018-03-19 06:15:00,3.06,
2018-03-19 06:30:00,2.99,
2018-03-19 06:45:00,2.99,
2018-03-19 07:00:00,2.99,
2018-03-19 07:15:00,3.6,
2018-03-19 07:30:00,4.75,
2018-03-19 07:45:00,4.14,
2018-03-19 08:00:00,3.82,
2018-03-19 08:15:00,7.52,
2018-03-19 08:30:00,90.68,
2018-03-19 08:45:00,122.8,
2018-03-19 09:00:00,95.04,
2018-03-19 09:15:00,119.3,
2018-03-19 09:30:00,86.4,
2018-03-19 09:45:00,116.71,
2018-03-19 10:00:00,130.21,
2018-03-19 10:15:00,87.41,
2018-03-19 10:30:00,113.58,
2018-03-19 10:45:00,57.6,
2018-03-19 11:00:00,66.28,
2018-03-19 11:15:00,69.41,
2018-03-19 11:30:00,62.24,
2018-03-19 11:45:00,55.69,
2018-03-19 12:00:00,60.12,
2018-03-19 12:15:00,19.33,
2018-03-19 12:30:00,6.37,
2018-03-19 12:45:00,6.48,
2018-03-19 13:00:00,6.12,
2018-03-19 13:15:00,47.34,
2018-03-19 13:30:00,56.12,
2018-03-19 13:45:00,58.39,
2018-03-19 14:00:00,64.3,
2018-03-19 14:15:00,56.45,
2018-03-19 14:30:00,57.96,
2018-03-19 14:45:00,64.73,
2018-03-19 15:00:00,56.41,
2018-03-19 15:15:00,49.14,
2018-03-19 15:30:00,49.5,
2018-03-19 15:45:00,55.01,
2018-03-19 16:00:00,65.77,
2018-03-19 16:15:00,54.36,
2018-03-19 16:30:00,58.46,
2018-03-19 16:45:00,69.52,
2018-03-19 17:00:00,66.64,
2018-03-19 17:15:00,57.17,
2018-03-19 17:30:00,54.97,
2018-03-19 17:45:00,29.84,
2018-03-19 18:00:00,29.99,
2018-03-19 18:15:00,39.46,
2018-03-19 18:30:00,46.66,
2018-03-19 18:45:00,47.12,
2018-03-19 19:00:00,48.06,
2018-03-19 19:15:00,42.59,
2018-03-19 19:30:00,48.1,
2018-03-19 19:45:00,48.46,
2018-03-19 20:00:00,48.67,
2018-03-19 20:15:00,49.18,
2018-03-19 20:30:00,39.28,
2018-03-19 20:45:00,33.7,
2018-03-19 21:00:00,23.83,
2018-03-19 21:15:00,4.57,
2018-03-19 21:30:00,4.25,
2018-03-19 21:45:00,4.21,
2018-03-19 22:00:00,4.28,
2018-03-19 22:15:00,4.0,
2018-03-19 22:30:00,3.74,
2018-03-19 22:45:00,3.71,
2018-03-19 23:00:00,3.74,
2018-03-19 23:15:00,3.67,
2018-03-19 23:30:00,3.6,
2018-03-19 23:45:00,3.67,
2018-03-20 00:00:00,3.89,
2018-03-20 00:15:00,3.64,
2018-03-20 00:30:00,3.67,
2018-03-20 00:45:00,3.64,
2018-03-20 01:00:00,3.71,
2018-03-20 01:15:00,3.64,
2018-03-20 01:30:00,3.71,
2018-03-20 01:45:00,3.2,
2018-03-20 02:00:00,3.1,
2018-03-20 02:15:00,3.17,
2018-03-20 02:30:00,3.1,
2018-03-20 02:45:00,3.1,
2018-03-20 03:00:00,3.1,
2018-03-20 03:15:00,3.06,
2018-03-20 03:30:00,3.1,
2018-03-20 03:45:00,3.1,
2018-03-20 04:00:00,3.1,
2018-03-20 04:15:00,3.24,
2018-03-20 04:30:00,3.56,
2018-03-20 04:45:00,3.06,
2018-03-20 05:00:00,3.13,
2018-03-20 05:15:00,3.1,
2018-03-20 05:30:00,3.06,
2018-03-20 05:45:00,3.06,
2018-03-20 06:00:00,3.1,
2018-03-20 06:15:00,3.1,
2018-03-20 06:30:00,3.06,
2018-03-20 06:45:00,2.99,
2018-03-20 07:00:00,3.02,
2018-03-20 07:15:00,3.06,
2018-03-20 07:30:00,3.85,
2018-03-20 07:45:00,4.46,
2018-03-20 08:00:00,4.61,
2018-03-20 08:15:00,35.82,
2018-03-20 08:30:00,63.32,
2018-03-20 08:45:00,60.66,
2018-03-20 09:00:00,77.15,
2018-03-20 09:15:00,65.84,
2018-03-20 09:30:00,68.51,
2018-03-20 09:45:00,73.12,
2018-03-20 10:00:00,54.14,
2018-03-20 10:15:00,48.31,
2018-03-20 10:30:00,59.0,
2018-03-20 10:45:00,56.34,
2018-03-20 11:00:00,62.71,
2018-03-20 11:15:00,56.48,
2018-03-20 11:30:00,51.3,
2018-03-20 11:45:00,63.86,
2018-03-20 12:00:00,81.83,
2018-03-20 12:15:00,12.78,
2018-03-20 12:30:00,5.36,
2018-03-20 12:45:00,5.44,
2018-03-20 13:00:00,5.58,
2018-03-20 13:15:00,56.48,
2018-03-20 13:30:00,111.56,
2018-03-20 13:45:00,83.59,
2018-03-20 14:00:00,49.54,
2018-03-20 14:15:00,54.83,
2018-03-20 14:30:00,60.16,
2018-03-20 14:45:00,55.37,
2018-03-20 15:00:00,60.08,
2018-03-20 15:15:00,65.12,
2018-03-20 15:30:00,59.47,
2018-03-20 15:45:00,57.1,
2018-03-20 16:00:00,68.04,
2018-03-20 16:15:00,56.95,
2018-03-20 16:30:00,49.43,
2018-03-20 16:45:00,73.22,
2018-03-20 17:00:00,64.15,
2018-03-20 17:15:00,54.83,
2018-03-20 17:30:00,68.62,
2018-03-20 17:45:00,37.33,
2018-03-20 18:00:00,30.49,
2018-03-20 18:15:00,36.5,
2018-03-20 18:30:00,42.44,
2018-03-20 18:45:00,41.29,
2018-03-20 19:00:00,40.28,
2018-03-20 19:15:00,43.13,
2018-03-20 19:30:00,40.32,
2018-03-20 19:45:00,40.97,
2018-03-20 20:00:00,36.36,
2018-03-20 20:15:00,40.5,
2018-03-20 20:30:00,36.43,
2018-03-20 20:45:00,39.64,
2018-03-20 21:00:00,33.84,
2018-03-20 21:15:00,4.86,
2018-03-20 21:30:00,4.57,
2018-03-20 21:45:00,4.36,
2018-03-20 22:00:00,4.39,
2018-03-20 22:15:00,4.28,
2018-03-20 22:30:00,4.0,
2018-03-20 22:45:00,3.92,
2018-03-20 23:00:00,3.92,
2018-03-20 23:15:00,3.85,
2018-03-20 23:30:00,3.92,
2018-03-20 23:45:00,3.85,
2018-03-21 00:00:00,4.14,
2018-03-21 00:15:00,3.85,
2018-03-21 00:30:00,3.92,
2018-03-21 00:45:00,3.96,
2018-03-21 01:00:00,3.96,
2018-03-21 01:15:00,3.89,
2018-03-21 01:30:00,3.89,
2018-03-21 01:45:00,3.89,
2018-03-21 02:00:00,3.96,
2018-03-21 02:15:00,3.6,
2018-03-21 02:30:00,3.28,
2018-03-21 02:45:00,3.28,
2018-03-21 03:00:00,3.31,
2018-03-21 03:15:00,3.35,
2018-03-21 03:30:00,3.31,
2018-03-21 03:45:00,3.31,
2018-03-21 04:00:00,3.31,
2018-03-21 04:15:00,3.31,
2018-03-21 04:30:00,3.35,
2018-03-21 04:45:00,3.31,
2018-03-21 05:00:00,3.31,
2018-03-21 05:15:00,3.71,
2018-03-21 05:30:00,3.6,
2018-03-21 05:45:00,3.42,
2018-03-21 06:00:00,3.31,
2018-03-21 06:15:00,3.31,
2018-03-21 06:30:00,3.28,
2018-03-21 06:45:00,3.24,
2018-03-21 07:00:00,3.28,
2018-03-21 07:15:00,3.2,
2018-03-21 07:30:00,4.36,
2018-03-21 07:45:00,5.18,
2018-03-21 08:00:00,7.27,
2018-03-21 08:15:00,41.65,
2018-03-21 08:30:00,73.19,
2018-03-21 08:45:00,64.12,
2018-03-21 09:00:00,75.96,
2018-03-21 09:15:00,57.85,
2018-03-21 09:30:00,61.88,
2018-03-21 09:45:00,58.75,
2018-03-21 10:00:00,69.37,
2018-03-21 10:15:00,71.57,
2018-03-21 10:30:00,57.06,
2018-03-21 10:45:00,62.21,
2018-03-21 11:00:00,70.81,
2018-03-21 11:15:00,69.98,
2018-03-21 11:30:00,55.12,
2018-03-21 11:45:00,78.44,
2018-03-21 12:00:00,58.68,
2018-03-21 12:15:00,11.48,
2018-03-21 12:30:00,6.59,
2018-03-21 12:45:00,6.8,
2018-03-21 13:00:00,6.66,
2018-03-21 13:15:00,32.47,
2018-03-21 13:30:00,57.6,
2018-03-21 13:45:00,71.14,
2018-03-21 14:00:00,71.68,
2018-03-21 14:15:00,54.97,
2018-03-21 14:30:00,70.56,
2018-03-21 14:45:00,72.79,
2018-03-21 15:00:00,68.9,
2018-03-21 15:15:00,55.94,
2018-03-21 15:30:00,78.7,
2018-03-21 15:45:00,58.9,
2018-03-21 16:00:00,64.26,
2018-03-21 16:15:00,65.52,
2018-03-21 16:30:00,67.25,
2018-03-21 16:45:00,80.53,
2018-03-21 17:00:00,66.78,
2018-03-21 17:15:00,69.77,
2018-03-21 17:30:00,59.76,
2018-03-21 17:45:00,52.02,
2018-03-21 18:00:00,30.31,
2018-03-21 18:15:00,31.93,
2018-03-21 18:30:00,39.31,
2018-03-21 18:45:00,35.06,
2018-03-21 19:00:00,44.42,
2018-03-21 19:15:00,40.18,
2018-03-21 19:30:00,73.62,
2018-03-21 19:45:00,94.86,
2018-03-21 20:00:00,74.56,
2018-03-21 20:15:00,89.5,
2018-03-21 20:30:00,75.24,
2018-03-21 20:45:00,88.31,
2018-03-21 21:00:00,77.65,
2018-03-21 21:15:00,95.54,
2018-03-21 21:30:00,75.82,
2018-03-21 21:45:00,89.32,
2018-03-21 22:00:00,86.44,
2018-03-21 22:15:00,8.42,
2018-03-21 22:30:00,5.44,
2018-03-21 22:45:00,5.4,
2018-03-21 23:00:00,5.36,
2018-03-21 23:15:00,5.26,
2018-03-21 23:30:00,4.28,
2018-03-21 23:45:00,4.03,
2018-03-22 00:00:00,5.08,
2018-03-22 00:15:00,3.89,
2018-03-22 00:30:00,3.85,
2018-03-22 00:45:00,3.92,
2018-03-22 01:00:00,3.92,
2018-03-22 01:15:00,4.0,
2018-03-22 01:30:00,3.89,
2018-03-22 01:45:00,3.89,
2018-03-22 02:00:00,3.89,
2018-03-22 02:15:00,3.89,
2018-03-22 02:30:00,4.07,
2018-03-22 02:45:00,5.04,
2018-03-22 03:00:00,3.74,
2018-03-22 03:15:00,3.35,
2018-03-22 03:30:00,3.35,
2018-03-22 03:45:00,3.42,
2018-03-22 04:00:00,3.35,
2018-03-22 04:15:00,3.35,
2018-03-22 04:30:00,3.38,
2018-03-22 04:45:00,3.35,
2018-03-22 05:00:00,3.38,
2018-03-22 05:15:00,3.35,
2018-03-22 05:30:00,3.71,
2018-03-22 05:45:00,4.46,
2018-03-22 06:00:00,3.96,
2018-03-22 06:15:00,3.31,
2018-03-22 06:30:00,3.24,
2018-03-22 06:45:00,3.28,
2018-03-22 07:00:00,3.28,
2018-03-22 07:15:00,3.31,
2018-03-22 07:30:00,3.67,
2018-03-22 07:45:00,4.72,
2018-03-22 08:00:00,4.93,
2018-03-22 08:15:00,61.81,
2018-03-22 08:30:00,134.46,
2018-03-22 08:45:00,113.18,
2018-03-22 09:00:00,130.68,
2018-03-22 09:15:00,109.51,
2018-03-22 09:30:00,138.35,
2018-03-22 09:45:00,89.57,
2018-03-22 10:00:00,71.86,
2018-03-22 10:15:00,60.19,
2018-03-22 10:30:00,60.01,
2018-03-22 10:45:00,52.99,
2018-03-22 11:00:00,65.48,
2018-03-22 11:15:00,64.58,
2018-03-22 11:30:00,64.91,
2018-03-22 11:45:00,75.31,
2018-03-22 12:00:00,115.2,
2018-03-22 12:15:00,9.18,
2018-03-22 12:30:00,7.31,
2018-03-22 12:45:00,6.48,
2018-03-22 13:00:00,6.41,
2018-03-22 13:15:00,52.99,
2018-03-22 13:30:00,105.44,
2018-03-22 13:45:00,66.2,
2018-03-22 14:00:00,57.17,
2018-03-22 14:15:00,55.62,
2018-03-22 14:30:00,58.03,
2018-03-22 14:45:00,106.81,
2018-03-22 15:00:00,96.52,
2018-03-22 15:15:00,104.76,
2018-03-22 15:30:00,71.57,
2018-03-22 15:45:00,110.66,
2018-03-22 16:00:00,68.54,
2018-03-22 16:15:00,90.29,
2018-03-22 16:30:00,99.76,
2018-03-22 16:45:00,58.93,
2018-03-22 17:00:00,37.12,
2018-03-22 17:15:00,34.88,
2018-03-22 17:30:00,37.12,
2018-03-22 17:45:00,29.05,
2018-03-22 18:00:00,28.33,
2018-03-22 18:15:00,38.77,
2018-03-22 18:30:00,42.23,
2018-03-22 18:45:00,40.07,
2018-03-22 19:00:00,43.2,
2018-03-22 19:15:00,36.97,
2018-03-22 19:30:00,38.56,
2018-03-22 19:45:00,41.47,
2018-03-22 20:00:00,37.48,
2018-03-22 20:15:00,33.05,
2018-03-22 20:30:00,37.19,
2018-03-22 20:45:00,37.04,
2018-03-22 21:00:00,38.05,
2018-03-22 21:15:00,87.98,
2018-03-22 21:30:00,42.55,
2018-03-22 21:45:00,12.2,
2018-03-22 22:00:00,7.13,
2018-03-22 22:15:00,6.91,
2018-03-22 22:30:00,6.66,
2018-03-22 22:45:00,6.59,
2018-03-22 23:00:00,7.34,
2018-03-22 23:15:00,7.7,
2018-03-22 23:30:00,6.95,
2018-03-22 23:45:00,5.4,
2018-03-23 00:00:00,3.67,
2018-03-23 00:15:00,4.9,
2018-03-23 00:30:00,3.96,
2018-03-23 00:45:00,3.85,
2018-03-23 01:00:00,3.89,
2018-03-23 01:15:00,3.89,
2018-03-23 01:30:00,3.85,
2018-03-23 01:45:00,3.96,
2018-03-23 02:00:00,3.85,
2018-03-23 02:15:00,3.89,
2018-03-23 02:30:00,3.85,
2018-03-23 02:45:00,3.92,
2018-03-23 03:00:00,3.53,
2018-03-23 03:15:00,3.28,
2018-03-23 03:30:00,3.28,
2018-03-23 03:45:00,3.31,
2018-03-23 04:00:00,3.31,
2018-03-23 04:15:00,3.31,
2018-03-23 04:30:00,3.24,
2018-03-23 04:45:00,3.6,
2018-03-23 05:00:00,3.78,
2018-03-23 05:15:00,3.35,
2018-03-23 05:30:00,3.24,
2018-03-23 05:45:00,3.67,
2018-03-23 06:00:00,3.53,
2018-03-23 06:15:00,3.24,
2018-03-23 06:30:00,3.24,
2018-03-23 06:45:00,3.17,
2018-03-23 07:00:00,3.28,
2018-03-23 07:15:00,3.24,
2018-03-23 07:30:00,3.92,
2018-03-23 07:45:00,5.65,
2018-03-23 08:00:00,4.93,
2018-03-23 08:15:00,70.34,
2018-03-23 08:30:00,104.08,
2018-03-23 08:45:00,125.35,
2018-03-23 09:00:00,109.73,
2018-03-23 09:15:00,151.31,
2018-03-23 09:30:00,122.9,
2018-03-23 09:45:00,121.9,
2018-03-23 10:00:00,126.65,
2018-03-23 10:15:00,114.52,
2018-03-23 10:30:00,92.41,
2018-03-23 10:45:00,102.82,
2018-03-23 11:00:00,96.3,
2018-03-23 11:15:00,89.53,
2018-03-23 11:30:00,112.07,
2018-03-23 11:45:00,92.3,
2018-03-23 12:00:00,138.78,
2018-03-23 12:15:00,17.39,
2018-03-23 12:30:00,5.8,
2018-03-23 12:45:00,6.59,
2018-03-23 13:00:00,5.44,
2018-03-23 13:15:00,70.34,
2018-03-23 13:30:00,92.84,
2018-03-23 13:45:00,101.56,
2018-03-23 14:00:00,100.91,
2018-03-23 14:15:00,120.24,
2018-03-23 14:30:00,127.51,
2018-03-23 14:45:00,76.03,
2018-03-23 15:00:00,142.78,
2018-03-23 15:15:00,102.89,
2018-03-23 15:30:00,116.03,
2018-03-23 15:45:00,89.78,
2018-03-23 16:00:00,102.56,
2018-03-23 16:15:00,133.63,
2018-03-23 16:30:00,61.85,
2018-03-23 16:45:00,95.8,
2018-03-23 17:00:00,127.01,
2018-03-23 17:15:00,99.36,
2018-03-23 17:30:00,81.83,
2018-03-23 17:45:00,32.69,
2018-03-23 18:00:00,32.44,
2018-03-23 18:15:00,71.96,
2018-03-23 18:30:00,137.41,
2018-03-23 18:45:00,75.92,
2018-03-23 19:00:00,56.41,
2018-03-23 19:15:00,68.98,
2018-03-23 19:30:00,56.74,
2018-03-23 19:45:00,63.4,
2018-03-23 20:00:00,58.28,
2018-03-23 20:15:00,49.64,
2018-03-23 20:30:00,42.44,
2018-03-23 20:45:00,43.78,
2018-03-23 21:00:00,44.6,
2018-03-23 21:15:00,37.62,
2018-03-23 21:30:00,39.96,
2018-03-23 21:45:00,32.65,
2018-03-23 22:00:00,7.42,
2018-03-23 22:15:00,7.52,
2018-03-23 22:30:00,4.97,
2018-03-23 22:45:00,4.97,
2018-03-23 23:00:00,4.5,
2018-03-23 23:15:00,3.82,
2018-03-23 23:30:00,3.71,
2018-03-23 23:45:00,3.74,
2018-03-24 00:00:00,2.99,
2018-03-24 00:15:00,3.67,
2018-03-24 00:30:00,3.74,
2018-03-24 00:45:00,3.64,
2018-03-24 01:00:00,3.67,
2018-03-24 01:15:00,3.71,
2018-03-24 01:30:00,3.67,
2018-03-24 01:45:00,3.74,
2018-03-24 02:00:00,3.71,
2018-03-24 02:15:00,3.71,
2018-03-24 02:30:00,3.64,
2018-03-24 02:45:00,4.36,
2018-03-24 03:00:00,4.79,
2018-03-24 03:15:00,3.71,
2018-03-24 03:30:00,3.71,
2018-03-24 03:45:00,3.67,
2018-03-24 04:00:00,3.74,
2018-03-24 04:15:00,3.67,
2018-03-24 04:30:00,3.13,
2018-03-24 04:45:00,3.13,
2018-03-24 05:00:00,3.13,
2018-03-24 05:15:00,3.2,
2018-03-24 05:30:00,3.13,
2018-03-24 05:45:00,3.1,
2018-03-24 06:00:00,3.13,
2018-03-24 06:15:00,3.1,
2018-03-24 06:30:00,3.6,
2018-03-24 06:45:00,3.49,
2018-03-24 07:00:00,3.24,
2018-03-24 07:15:00,3.71,
2018-03-24 07:30:00,3.28,
2018-03-24 07:45:00,3.28,
2018-03-24 08:00:00,3.31,
2018-03-24 08:15:00,23.76,
2018-03-24 08:30:00,36.97,
2018-03-24 08:45:00,36.9,
2018-03-24 09:00:00,38.41,
2018-03-24 09:15:00,38.74,
2018-03-24 09:30:00,33.16,
2018-03-24 09:45:00,32.29,
2018-03-24 10:00:00,31.79,
2018-03-24 10:15:00,33.52,
2018-03-24 10:30:00,36.4,
2018-03-24 10:45:00,36.47,
2018-03-24 11:00:00,32.54,
2018-03-24 11:15:00,31.64,
2018-03-24 11:30:00,32.72,
2018-03-24 11:45:00,33.88,
2018-03-24 12:00:00,29.34,
2018-03-24 12:15:00,6.34,
2018-03-24 12:30:00,3.78,
2018-03-24 12:45:00,3.74,
2018-03-24 13:00:00,3.74,
2018-03-24 13:15:00,16.34,
2018-03-24 13:30:00,33.08,
2018-03-24 13:45:00,32.29,
2018-03-24 14:00:00,34.34,
2018-03-24 14:15:00,36.4,
2018-03-24 14:30:00,33.19,
2018-03-24 14:45:00,36.07,
2018-03-24 15:00:00,33.84,
2018-03-24 15:15:00,35.86,
2018-03-24 15:30:00,39.24,
2018-03-24 15:45:00,32.44,
2018-03-24 16:00:00,36.4,
2018-03-24 16:15:00,36.86,
2018-03-24 16:30:00,34.74,
2018-03-24 16:45:00,35.75,
2018-03-24 17:00:00,27.04,
2018-03-24 17:15:00,4.18,
2018-03-24 17:30:00,4.28,
2018-03-24 17:45:00,4.21,
2018-03-24 18:00:00,4.14,
2018-03-24 18:15:00,3.92,
2018-03-24 18:30:00,3.89,
2018-03-24 18:45:00,4.0,
2018-03-24 19:00:00,4.1,
2018-03-24 19:15:00,5.18,
2018-03-24 19:30:00,4.46,
2018-03-24 19:45:00,4.1,
2018-03-24 20:00:00,3.67,
2018-03-24 20:15:00,3.35,
2018-03-24 20:30:00,3.35,
2018-03-24 20:45:00,3.35,
2018-03-24 21:00:00,3.38,
2018-03-24 21:15:00,3.38,
2018-03-24 21:30:00,3.35,
2018-03-24 21:45:00,3.35,
2018-03-24 22:00:00,3.35,
2018-03-24 22:15:00,3.31,
2018-03-24 22:30:00,3.1,
2018-03-24 22:45:00,3.1,
2018-03-24 23:00:00,4.1,
2018-03-24 23:15:00,4.0,
2018-03-24 23:30:00,3.28,
2018-03-24 23:45:00,3.02,
2018-03-25 00:00:00,3.92,
2018-03-25 00:15:00,3.02,
2018-03-25 00:30:00,3.02,
2018-03-25 00:45:00,3.1,
2018-03-25 01:00:00,3.02,
2018-03-25 01:15:00,3.02,
2018-03-25 01:30:00,3.1,
2018-03-25 01:45:00,3.06,
2018-03-25 02:00:00,3.2,
2018-03-25 02:15:00,3.64,
2018-03-25 02:30:00,3.1,
2018-03-25 02:45:00,3.06,
2018-03-25 03:00:00,3.06,
2018-03-25 03:15:00,3.13,
2018-03-25 03:30:00,3.1,
2018-03-25 03:45:00,3.31,
2018-03-25 04:00:00,3.67,
2018-03-25 04:15:00,3.24,
2018-03-25 04:30:00,3.13,
2018-03-25 04:45:00,3.1,
2018-03-25 05:00:00,3.31,
2018-03-25 05:15:00,3.49,
2018-03-25 05:30:00,3.06,
2018-03-25 05:45:00,3.06,
2018-03-25 06:00:00,3.06,
2018-03-25 06:15:00,2.99,
2018-03-25 06:30:00,3.02,
2018-03-25 06:45:00,2.99,
2018-03-25 07:00:00,3.02,
2018-03-25 07:15:00,3.02,
2018-03-25 07:30:00,2.99,
2018-03-25 07:45:00,3.06,
2018-03-25 08:00:00,3.13,
2018-03-25 08:15:00,17.93,
2018-03-25 08:30:00,36.68,
2018-03-25 08:45:00,37.4,
2018-03-25 09:00:00,32.65,
2018-03-25 09:15:00,36.07,
2018-03-25 09:30:00,35.1,
2018-03-25 09:45:00,32.4,
2018-03-25 10:00:00,36.04,
2018-03-25 10:15:00,34.09,
2018-03-25 10:30:00,33.88,
2018-03-25 10:45:00,35.28,
2018-03-25 11:00:00,31.5,
2018-03-25 11:15:00,29.92,
2018-03-25 11:30:00,29.92,
2018-03-25 11:45:00,29.59,
2018-03-25 12:00:00,35.5,
2018-03-25 12:15:00,7.38,
2018-03-25 12:30:00,6.7,
2018-03-25 12:45:00,6.37,
2018-03-25 13:00:00,6.48,
2018-03-25 13:15:00,17.75,
2018-03-25 13:30:00,32.08,
2018-03-25 13:45:00,32.33,
2018-03-25 14:00:00,31.0,
2018-03-25 14:15:00,32.11,
2018-03-25 14:30:00,31.39,
2018-03-25 14:45:00,32.29,
2018-03-25 15:00:00,31.0,
2018-03-25 15:15:00,34.34,
2018-03-25 15:30:00,33.44,
2018-03-25 15:45:00,29.2,
2018-03-25 16:00:00,31.82,
2018-03-25 16:15:00,33.84,
2018-03-25 16:30:00,30.89,
2018-03-25 16:45:00,31.03,
2018-03-25 17:00:00,23.08,
2018-03-25 17:15:00,5.08,
2018-03-25 17:30:00,4.21,
2018-03-25 17:45:00,4.1,
2018-03-25 18:00:00,4.14,
2018-03-25 18:15:00,3.82,
2018-03-25 18:30:00,3.82,
2018-03-25 18:45:00,3.96,
2018-03-25 19:00:00,4.03,
2018-03-25 19:15:00,4.1,
2018-03-25 19:30:00,4.03,
2018-03-25 19:45:00,4.72,
2018-03-25 20:00:00,5.0,
2018-03-25 20:15:00,4.07,
2018-03-25 20:30:00,4.1,
2018-03-25 20:45:00,4.03,
2018-03-25 21:00:00,3.85,
2018-03-25 21:15:00,3.35,
2018-03-25 21:30:00,3.38,
2018-03-25 21:45:00,3.46,
2018-03-25 22:00:00,3.35,
2018-03-25 22:15:00,3.28,
2018-03-25 22:30:00,3.13,
2018-03-25 22:45:00,3.13,
2018-03-25 23:00:00,3.13,
2018-03-25 23:15:00,3.1,
2018-03-25 23:30:00,3.02,
2018-03-25 23:45:00,4.28,
2018-03-26 00:00:00,3.71,
2018-03-26 00:15:00,3.13,
2018-03-26 00:30:00,3.1,
2018-03-26 00:45:00,3.13,
2018-03-26 01:00:00,3.1,
2018-03-26 01:15:00,3.13,
2018-03-26 01:30:00,3.1,
2018-03-26 01:45:00,3.13,
2018-03-26 02:00:00,3.06,
2018-03-26 02:15:00,3.1,
2018-03-26 02:30:00,3.13,
2018-03-26 02:45:00,3.24,
2018-03-26 03:00:00,3.71,
2018-03-26 03:15:00,3.1,
2018-03-26 03:30:00,3.1,
2018-03-26 03:45:00,3.1,
2018-03-26 04:00:00,3.31,
2018-03-26 04:15:00,3.71,
2018-03-26 04:30:00,3.42,
2018-03-26 04:45:00,3.1,
2018-03-26 05:00:00,3.1,
2018-03-26 05:15:00,3.13,
2018-03-26 05:30:00,3.1,
2018-03-26 05:45:00,3.1,
2018-03-26 06:00:00,3.1,
2018-03-26 06:15:00,3.49,
2018-03-26 06:30:00,3.1,
2018-03-26 06:45:00,3.06,
2018-03-26 07:00:00,3.06,
2018-03-26 07:15:00,3.38,
2018-03-26 07:30:00,3.82,
2018-03-26 07:45:00,3.85,
2018-03-26 08:00:00,5.08,
2018-03-26 08:15:00,25.45,
2018-03-26 08:30:00,54.25,
2018-03-26 08:45:00,63.54,
2018-03-26 09:00:00,54.79,
2018-03-26 09:15:00,87.23,
2018-03-26 09:30:00,99.25,
2018-03-26 09:45:00,90.18,
2018-03-26 10:00:00,74.05,
2018-03-26 10:15:00,53.86,
2018-03-26 10:30:00,38.88,
2018-03-26 10:45:00,55.04,
2018-03-26 11:00:00,36.65,
2018-03-26 11:15:00,36.11,
2018-03-26 11:30:00,35.86,
2018-03-26 11:45:00,36.94,
2018-03-26 12:00:00,41.26,
2018-03-26 12:15:00,9.9,
2018-03-26 12:30:00,5.29,
2018-03-26 12:45:00,4.75,
2018-03-26 13:00:00,4.54,
2018-03-26 13:15:00,38.27,
2018-03-26 13:30:00,47.27,
2018-03-26 13:45:00,49.21,
2018-03-26 14:00:00,49.57,
2018-03-26 14:15:00,52.24,
2018-03-26 14:30:00,88.16,
2018-03-26 14:45:00,96.98,
2018-03-26 15:00:00,75.71,
2018-03-26 15:15:00,59.76,
2018-03-26 15:30:00,74.16,
2018-03-26 15:45:00,81.58,
2018-03-26 16:00:00,76.86,
2018-03-26 16:15:00,89.89,
2018-03-26 16:30:00,53.06,
2018-03-26 16:45:00,77.15,
2018-03-26 17:00:00,41.58,
2018-03-26 17:15:00,50.29,
2018-03-26 17:30:00,55.87,
2018-03-26 17:45:00,29.59,
2018-03-26 18:00:00,29.38,
2018-03-26 18:15:00,43.24,
2018-03-26 18:30:00,51.73,
2018-03-26 18:45:00,59.33,
2018-03-26 19:00:00,53.86,
2018-03-26 19:15:00,51.16,
2018-03-26 19:30:00,47.77,
2018-03-26 19:45:00,60.37,
2018-03-26 20:00:00,52.78,
2018-03-26 20:15:00,55.15,
2018-03-26 20:30:00,50.87,
2018-03-26 20:45:00,45.07,
2018-03-26 21:00:00,35.17,
2018-03-26 21:15:00,7.85,
2018-03-26 21:30:00,4.32,
2018-03-26 21:45:00,4.21,
2018-03-26 22:00:00,4.25,
2018-03-26 22:15:00,4.32,
2018-03-26 22:30:00,4.93,
2018-03-26 22:45:00,3.82,
2018-03-26 23:00:00,3.74,
2018-03-26 23:15:00,3.74,
2018-03-26 23:30:00,3.67,
2018-03-26 23:45:00,3.64,
2018-03-27 00:00:00,3.64,
2018-03-27 00:15:00,3.67,
2018-03-27 00:30:00,3.82,
2018-03-27 00:45:00,3.74,
2018-03-27 01:00:00,3.74,
2018-03-27 01:15:00,3.74,
2018-03-27 01:30:00,3.71,
2018-03-27 01:45:00,3.82,
2018-03-27 02:00:00,3.71,
2018-03-27 02:15:00,4.1,
2018-03-27 02:30:00,4.86,
2018-03-27 02:45:00,3.85,
2018-03-27 03:00:00,3.78,
2018-03-27 03:15:00,3.6,
2018-03-27 03:30:00,3.13,
2018-03-27 03:45:00,3.1,
2018-03-27 04:00:00,3.1,
2018-03-27 04:15:00,3.17,
2018-03-27 04:30:00,3.13,
2018-03-27 04:45:00,3.1,
2018-03-27 05:00:00,3.1,
2018-03-27 05:15:00,3.13,
2018-03-27 05:30:00,3.17,
2018-03-27 05:45:00,3.1,
2018-03-27 06:00:00,3.13,
2018-03-27 06:15:00,3.2,
2018-03-27 06:30:00,4.43,
2018-03-27 06:45:00,3.53,
2018-03-27 07:00:00,3.13,
2018-03-27 07:15:00,3.06,
2018-03-27 07:30:00,3.67,
2018-03-27 07:45:00,4.46,
2018-03-27 08:00:00,6.05,
2018-03-27 08:15:00,36.83,
2018-03-27 08:30:00,42.12,
2018-03-27 08:45:00,66.38,
2018-03-27 09:00:00,66.31,
2018-03-27 09:15:00,51.12,
2018-03-27 09:30:00,65.92,
2018-03-27 09:45:00,65.7,
2018-03-27 10:00:00,46.84,
2018-03-27 10:15:00,46.62,
2018-03-27 10:30:00,54.47,
2018-03-27 10:45:00,48.85,
2018-03-27 11:00:00,59.18,
2018-03-27 11:15:00,64.84,
2018-03-27 11:30:00,41.04,
2018-03-27 11:45:00,46.37,
2018-03-27 12:00:00,47.12,
2018-03-27 12:15:00,11.95,
2018-03-27 12:30:00,6.91,
2018-03-27 12:45:00,7.16,
2018-03-27 13:00:00,6.41,
2018-03-27 13:15:00,44.28,
2018-03-27 13:30:00,45.32,
2018-03-27 13:45:00,45.04,
2018-03-27 14:00:00,48.92,
2018-03-27 14:15:00,48.06,
2018-03-27 14:30:00,44.64,
2018-03-27 14:45:00,41.83,
2018-03-27 15:00:00,36.54,
2018-03-27 15:15:00,38.41,
2018-03-27 15:30:00,38.92,
2018-03-27 15:45:00,36.5,
2018-03-27 16:00:00,42.55,
2018-03-27 16:15:00,43.13,
2018-03-27 16:30:00,37.26,
2018-03-27 16:45:00,36.76,
2018-03-27 17:00:00,36.58,
2018-03-27 17:15:00,51.73,
2018-03-27 17:30:00,45.79,
2018-03-27 17:45:00,30.46,
2018-03-27 18:00:00,30.31,
2018-03-27 18:15:00,47.7,
2018-03-27 18:30:00,50.9,
2018-03-27 18:45:00,54.97,
2018-03-27 19:00:00,46.12,
2018-03-27 19:15:00,59.51,
2018-03-27 19:30:00,37.26,
2018-03-27 19:45:00,35.14,
2018-03-27 20:00:00,47.45,
2018-03-27 20:15:00,45.04,
2018-03-27 20:30:00,34.81,
2018-03-27 20:45:00,28.01,
2018-03-27 21:00:00,28.8,
2018-03-27 21:15:00,4.43,
2018-03-27 21:30:00,4.18,
2018-03-27 21:45:00,4.14,
2018-03-27 22:00:00,4.14,
2018-03-27 22:15:00,4.03,
2018-03-27 22:30:00,3.71,
2018-03-27 22:45:00,3.67,
2018-03-27 23:00:00,3.64,
2018-03-27 23:15:00,4.43,
2018-03-27 23:30:00,4.39,
2018-03-27 23:45:00,3.6,
2018-03-28 00:00:00,3.71,
2018-03-28 00:15:00,3.6,
2018-03-28 00:30:00,3.64,
2018-03-28 00:45:00,3.67,
2018-03-28 01:00:00,3.64,
2018-03-28 01:15:00,3.6,
2018-03-28 01:30:00,3.6,
2018-03-28 01:45:00,3.6,
2018-03-28 02:00:00,3.67,
2018-03-28 02:15:00,3.67,
2018-03-28 02:30:00,3.6,
2018-03-28 02:45:00,3.6,
2018-03-28 03:00:00,3.28,
2018-03-28 03:15:00,3.67,
2018-03-28 03:30:00,3.46,
2018-03-28 03:45:00,2.99,
2018-03-28 04:00:00,2.99,
2018-03-28 04:15:00,2.99,
2018-03-28 04:30:00,3.06,
2018-03-28 04:45:00,3.02,
2018-03-28 05:00:00,2.99,
2018-03-28 05:15:00,3.02,
2018-03-28 05:30:00,2.99,
2018-03-28 05:45:00,3.02,
2018-03-28 06:00:00,3.02,
2018-03-28 06:15:00,2.95,
2018-03-28 06:30:00,2.99,
2018-03-28 06:45:00,2.99,
2018-03-28 07:00:00,2.95,
2018-03-28 07:15:00,3.56,
2018-03-28 07:30:00,3.74,
2018-03-28 07:45:00,4.75,
2018-03-28 08:00:00,4.97,
2018-03-28 08:15:00,31.61,
2018-03-28 08:30:00,47.77,
2018-03-28 08:45:00,51.05,
2018-03-28 09:00:00,49.72,
2018-03-28 09:15:00,46.26,
2018-03-28 09:30:00,51.55,
2018-03-28 09:45:00,46.98,
2018-03-28 10:00:00,51.19,
2018-03-28 10:15:00,43.09,
2018-03-28 10:30:00,38.59,
2018-03-28 10:45:00,39.31,
2018-03-28 11:00:00,50.36,
2018-03-28 11:15:00,49.79,
2018-03-28 11:30:00,50.47,
2018-03-28 11:45:00,48.67,
2018-03-28 12:00:00,35.39,
2018-03-28 12:15:00,7.49,
2018-03-28 12:30:00,7.42,
2018-03-28 12:45:00,7.96,
2018-03-28 13:00:00,7.63,
2018-03-28 13:15:00,45.79,
2018-03-28 13:30:00,50.83,
2018-03-28 13:45:00,50.54,
2018-03-28 14:00:00,57.38,
2018-03-28 14:15:00,49.43,
2018-03-28 14:30:00,44.39,
2018-03-28 14:45:00,56.74,
2018-03-28 15:00:00,59.0,
2018-03-28 15:15:00,59.51,
2018-03-28 15:30:00,54.65,
2018-03-28 15:45:00,62.78,
2018-03-28 16:00:00,57.74,
2018-03-28 16:15:00,67.86,
2018-03-28 16:30:00,57.64,
2018-03-28 16:45:00,54.58,
2018-03-28 17:00:00,55.01,
2018-03-28 17:15:00,54.54,
2018-03-28 17:30:00,54.07,
2018-03-28 17:45:00,39.42,
2018-03-28 18:00:00,39.17,
2018-03-28 18:15:00,34.99,
2018-03-28 18:30:00,39.1,
2018-03-28 18:45:00,30.35,
2018-03-28 19:00:00,35.32,
2018-03-28 19:15:00,39.49,
2018-03-28 19:30:00,34.27,
2018-03-28 19:45:00,35.5,
2018-03-28 20:00:00,31.72,
2018-03-28 20:15:00,37.48,
2018-03-28 20:30:00,33.7,
2018-03-28 20:45:00,9.32,
2018-03-28 21:00:00,9.14,
2018-03-28 21:15:00,8.96,
2018-03-28 21:30:00,5.47,
2018-03-28 21:45:00,5.33,
2018-03-28 22:00:00,5.22,
2018-03-28 22:15:00,4.46,
2018-03-28 22:30:00,3.71,
2018-03-28 22:45:00,3.71,
2018-03-28 23:00:00,3.64,
2018-03-28 23:15:00,3.64,
2018-03-28 23:30:00,3.56,
2018-03-28 23:45:00,3.6,
2018-03-29 00:00:00,3.49,
2018-03-29 00:15:00,3.6,
2018-03-29 00:30:00,3.64,
2018-03-29 00:45:00,3.64,
2018-03-29 01:00:00,3.64,
2018-03-29 01:15:00,3.71,
2018-03-29 01:30:00,3.71,
2018-03-29 01:45:00,3.67,
2018-03-29 02:00:00,3.13,
2018-03-29 02:15:00,3.06,
2018-03-29 02:30:00,3.49,
2018-03-29 02:45:00,3.56,
2018-03-29 03:00:00,3.02,
2018-03-29 03:15:00,3.06,
2018-03-29 03:30:00,3.02,
2018-03-29 03:45:00,3.06,
2018-03-29 04:00:00,3.02,
2018-03-29 04:15:00,3.02,
2018-03-29 04:30:00,3.06,
2018-03-29 04:45:00,3.53,
2018-03-29 05:00:00,3.06,
2018-03-29 05:15:00,3.1,
2018-03-29 05:30:00,3.06,
2018-03-29 05:45:00,3.1,
2018-03-29 06:00:00,3.02,
2018-03-29 06:15:00,3.02,
2018-03-29 06:30:00,3.06,
2018-03-29 06:45:00,2.99,
2018-03-29 07:00:00,3.6,
2018-03-29 07:15:00,3.56,
2018-03-29 07:30:00,3.53,
2018-03-29 07:45:00,3.82,
2018-03-29 08:00:00,3.71,
2018-03-29 08:15:00,41.47,
2018-03-29 08:30:00,51.34,
2018-03-29 08:45:00,63.18,
2018-03-29 09:00:00,68.22,
2018-03-29 09:15:00,51.08,
2018-03-29 09:30:00,55.66,
2018-03-29 09:45:00,80.5,
2018-03-29 10:00:00,55.33,
2018-03-29 10:15:00,64.62,
2018-03-29 10:30:00,54.25,
2018-03-29 10:45:00,54.76,
2018-03-29 11:00:00,57.67,
2018-03-29 11:15:00,68.58,
2018-03-29 11:30:00,50.4,
2018-03-29 11:45:00,55.48,
2018-03-29 12:00:00,54.25,
2018-03-29 12:15:00,8.14,
2018-03-29 12:30:00,4.97,
2018-03-29 12:45:00,5.26,
2018-03-29 13:00:00,4.39,
2018-03-29 13:15:00,41.83,
2018-03-29 13:30:00,63.07,
2018-03-29 13:45:00,69.59,
2018-03-29 14:00:00,50.94,
2018-03-29 14:15:00,51.41,
2018-03-29 14:30:00,72.0,
2018-03-29 14:45:00,59.36,
2018-03-29 15:00:00,63.9,
2018-03-29 15:15:00,53.71,
2018-03-29 15:30:00,47.66,
2018-03-29 15:45:00,96.66,
2018-03-29 16:00:00,95.36,
2018-03-29 16:15:00,92.52,
2018-03-29 16:30:00,116.39,
2018-03-29 16:45:00,92.63,
2018-03-29 17:00:00,112.97,
2018-03-29 17:15:00,103.97,
2018-03-29 17:30:00,110.59,
2018-03-29 17:45:00,50.0,
2018-03-29 18:00:00,29.74,
2018-03-29 18:15:00,60.52,
2018-03-29 18:30:00,49.68,
2018-03-29 18:45:00,47.59,
2018-03-29 19:00:00,44.5,
2018-03-29 19:15:00,46.76,
2018-03-29 19:30:00,52.09,
2018-03-29 19:45:00,53.14,
2018-03-29 20:00:00,49.82,
2018-03-29 20:15:00,44.28,
2018-03-29 20:30:00,48.96,
2018-03-29 20:45:00,40.28,
2018-03-29 21:00:00,42.59,
2018-03-29 21:15:00,26.57,
2018-03-29 21:30:00,8.35,
2018-03-29 21:45:00,6.62,
2018-03-29 22:00:00,4.61,
2018-03-29 22:15:00,3.82,
2018-03-29 22:30:00,3.67,
2018-03-29 22:45:00,3.6,
2018-03-29 23:00:00,3.53,
2018-03-29 23:15:00,3.46,
2018-03-29 23:30:00,3.46,
2018-03-29 23:45:00,3.53,
2018-03-30 00:00:00,4.54,
2018-03-30 00:15:00,3.49,
2018-03-30 00:30:00,3.49,
2018-03-30 00:45:00,3.49,
2018-03-30 01:00:00,3.53,
2018-03-30 01:15:00,3.49,
2018-03-30 01:30:00,3.53,
2018-03-30 01:45:00,3.49,
2018-03-30 02:00:00,3.49,
2018-03-30 02:15:00,3.6,
2018-03-30 02:30:00,4.21,
2018-03-30 02:45:00,3.56,
2018-03-30 03:00:00,3.13,
2018-03-30 03:15:00,2.92,
2018-03-30 03:30:00,2.99,
2018-03-30 03:45:00,2.99,
2018-03-30 04:00:00,2.92,
2018-03-30 04:15:00,2.95,
2018-03-30 04:30:00,2.95,
2018-03-30 04:45:00,2.99,
2018-03-30 05:00:00,2.99,
2018-03-30 05:15:00,2.92,
2018-03-30 05:30:00,2.95,
2018-03-30 05:45:00,3.2,
2018-03-30 06:00:00,3.31,
2018-03-30 06:15:00,2.95,
2018-03-30 06:30:00,2.92,
2018-03-30 06:45:00,2.92,
2018-03-30 07:00:00,2.92,
2018-03-30 07:15:00,2.88,
2018-03-30 07:30:00,3.28,
2018-03-30 07:45:00,4.61,
2018-03-30 08:00:00,4.14,
2018-03-30 08:15:00,44.35,
2018-03-30 08:30:00,68.04,
2018-03-30 08:45:00,70.34,
2018-03-30 09:00:00,64.91,
2018-03-30 09:15:00,64.19,
2018-03-30 09:30:00,68.26,
2018-03-30 09:45:00,73.44,
2018-03-30 10:00:00,68.36,
2018-03-30 10:15:00,60.37,
2018-03-30 10:30:00,69.52,
2018-03-30 10:45:00,52.24,
2018-03-30 11:00:00,48.38,
2018-03-30 11:15:00,61.7,
2018-03-30 11:30:00,56.56,
2018-03-30 11:45:00,63.83,
2018-03-30 12:00:00,66.1,
2018-03-30 12:15:00,11.38,
2018-03-30 12:30:00,6.44,
2018-03-30 12:45:00,5.29,
2018-03-30 13:00:00,4.97,
2018-03-30 13:15:00,49.21,
2018-03-30 13:30:00,66.64,
2018-03-30 13:45:00,61.63,
2018-03-30 14:00:00,59.33,
2018-03-30 14:15:00,60.34,
2018-03-30 14:30:00,64.4,
2018-03-30 14:45:00,75.2,
2018-03-30 15:00:00,61.6,
2018-03-30 15:15:00,72.11,
2018-03-30 15:30:00,68.44,
2018-03-30 15:45:00,61.27,
2018-03-30 16:00:00,56.38,
2018-03-30 16:15:00,54.58,
2018-03-30 16:30:00,67.93,
2018-03-30 16:45:00,74.41,
2018-03-30 17:00:00,61.67,
2018-03-30 17:15:00,68.0,
2018-03-30 17:30:00,65.74,
2018-03-30 17:45:00,42.62,
2018-03-30 18:00:00,33.23,
2018-03-30 18:15:00,26.39,
2018-03-30 18:30:00,5.08,
2018-03-30 18:45:00,5.04,
2018-03-30 19:00:00,4.93,
2018-03-30 19:15:00,4.28,
2018-03-30 19:30:00,3.67,
2018-03-30 19:45:00,3.74,
2018-03-30 20:00:00,3.78,
2018-03-30 20:15:00,3.74,
2018-03-30 20:30:00,3.71,
2018-03-30 20:45:00,3.82,
2018-03-30 21:00:00,3.78,
2018-03-30 21:15:00,3.71,
2018-03-30 21:30:00,3.78,
2018-03-30 21:45:00,3.71,
2018-03-30 22:00:00,3.71,
2018-03-30 22:15:00,3.56,
2018-03-30 22:30:00,3.31,
2018-03-30 22:45:00,3.46,
2018-03-30 23:00:00,3.38,
2018-03-30 23:15:00,3.28,
2018-03-30 23:30:00,3.31,
2018-03-30 23:45:00,4.03,
2018-03-31 00:00:00,2.7,
2018-03-31 00:15:00,3.53,
2018-03-31 00:30:00,3.31,
2018-03-31 00:45:00,3.38,
2018-03-31 01:00:00,3.38,
2018-03-31 01:15:00,3.02,
2018-03-31 01:30:00,2.74,
2018-03-31 01:45:00,2.81,
2018-03-31 02:00:00,2.74,
2018-03-31 02:15:00,2.74,
2018-03-31 02:30:00,2.81,
2018-03-31 02:45:00,2.77,
2018-03-31 03:00:00,2.74,
2018-03-31 03:15:00,2.77,
2018-03-31 03:30:00,2.74,
2018-03-31 03:45:00,2.77,
2018-03-31 04:00:00,3.35,
2018-03-31 04:15:00,2.92,
2018-03-31 04:30:00,3.24,
2018-03-31 04:45:00,3.2,
2018-03-31 05:00:00,2.81,
2018-03-31 05:15:00,2.88,
2018-03-31 05:30:00,2.84,
2018-03-31 05:45:00,2.77,
2018-03-31 06:00:00,2.81,
2018-03-31 06:15:00,2.74,
2018-03-31 06:30:00,2.84,
2018-03-31 06:45:00,2.74,
2018-03-31 07:00:00,2.7,
2018-03-31 07:15:00,3.06,
2018-03-31 07:30:00,2.99,
2018-03-31 07:45:00,2.77,
2018-03-31 08:00:00,2.74,
2018-03-31 08:15:00,2.77,
2018-03-31 08:30:00,3.13,
2018-03-31 08:45:00,3.17,
2018-03-31 09:00:00,2.95,
2018-03-31 09:15:00,2.99,
2018-03-31 09:30:00,2.95,
2018-03-31 09:45:00,3.02,
2018-03-31 10:00:00,3.02,
2018-03-31 10:15:00,3.02,
2018-03-31 10:30:00,3.67,
2018-03-31 10:45:00,3.35,
2018-03-31 11:00:00,2.99,
2018-03-31 11:15:00,2.88,
2018-03-31 11:30:00,2.84,
2018-03-31 11:45:00,2.92,
2018-03-31 12:00:00,2.88,
2018-03-31 12:15:00,3.02,
2018-03-31 12:30:00,3.06,
2018-03-31 12:45:00,3.06,
2018-03-31 13:00:00,3.1,
2018-03-31 13:15:00,3.67,
2018-03-31 13:30:00,3.49,
2018-03-31 13:45:00,2.99,
2018-03-31 14:00:00,2.99,
2018-03-31 14:15:00,2.95,
2018-03-31 14:30:00,2.95,
2018-03-31 14:45:00,3.02,
2018-03-31 15:00:00,2.99,
2018-03-31 15:15:00,3.53,
2018-03-31 15:30:00,3.2,
2018-03-31 15:45:00,3.02,
2018-03-31 16:00:00,3.02,
2018-03-31 16:15:00,2.99,
2018-03-31 16:30:00,2.99,
2018-03-31 16:45:00,3.02,
2018-03-31 17:00:00,2.95,
2018-03-31 17:15:00,2.92,
2018-03-31 17:30:00,3.02,
2018-03-31 17:45:00,2.95,
2018-03-31 18:00:00,2.95,
2018-03-31 18:15:00,2.77,
2018-03-31 18:30:00,3.38,
2018-03-31 18:45:00,3.38,
2018-03-31 19:00:00,3.28,
2018-03-31 19:15:00,3.42,
2018-03-31 19:30:00,3.02,
2018-03-31 19:45:00,3.02,
2018-03-31 20:00:00,2.95,
2018-03-31 20:15:00,2.99,
2018-03-31 20:30:00,3.06,
2018-03-31 20:45:00,2.99,
2018-03-31 21:00:00,2.99,
2018-03-31 21:15:00,3.06,
2018-03-31 21:30:00,3.02,
2018-03-31 21:45:00,3.06,
2018-03-31 22:00:00,3.02,
2018-03-31 22:15:00,3.1,
2018-03-31 22:30:00,3.13,
2018-03-31 22:45:00,2.77,
2018-03-31 23:00:00,2.95,
2018-03-31 23:15:00,3.38,
2018-03-31 23:30:00,3.06,
2018-03-31 23:45:00,2.74,
2018-04-01 00:00:00,2.77,
2018-04-01 00:15:00,2.74,
2018-04-01 00:30:00,2.81,
2018-04-01 00:45:00,2.77,
2018-04-01 01:00:00,2.77,
2018-04-01 01:15:00,2.95,
2018-04-01 01:30:00,3.35,
2018-04-01 01:45:00,2.81,
2018-04-01 02:00:00,2.84,
2018-04-01 02:15:00,2.77,
2018-04-01 02:30:00,2.77,
2018-04-01 02:45:00,2.77,
2018-04-01 03:00:00,2.81,
2018-04-01 03:15:00,2.81,
2018-04-01 03:30:00,2.84,
2018-04-01 03:45:00,2.81,
2018-04-01 04:00:00,2.81,
2018-04-01 04:15:00,2.74,
2018-04-01 04:30:00,2.77,
2018-04-01 04:45:00,3.42,
2018-04-01 05:00:00,3.2,
2018-04-01 05:15:00,3.02,
2018-04-01 05:30:00,3.1,
2018-04-01 05:45:00,2.74,
2018-04-01 06:00:00,2.77,
2018-04-01 06:15:00,2.81,
2018-04-01 06:30:00,2.66,
2018-04-01 06:45:00,2.66,
2018-04-01 07:00:00,2.66,
2018-04-01 07:15:00,2.7,
2018-04-01 07:30:00,2.7,
2018-04-01 07:45:00,2.66,
2018-04-01 08:00:00,2.7,
2018-04-01 08:15:00,2.7,
2018-04-01 08:30:00,2.77,
2018-04-01 08:45:00,3.2,
2018-04-01 09:00:00,3.13,
2018-04-01 09:15:00,2.99,
2018-04-01 09:30:00,3.56,
2018-04-01 09:45:00,3.35,
2018-04-01 10:00:00,3.02,
2018-04-01 10:15:00,3.13,
2018-04-01 10:30:00,3.06,
2018-04-01 10:45:00,3.06,
2018-04-01 11:00:00,3.02,
2018-04-01 11:15:00,2.92,
2018-04-01 11:30:00,2.88,
2018-04-01 11:45:00,2.95,
2018-04-01 12:00:00,2.88,
2018-04-01 12:15:00,3.06,
2018-04-01 12:30:00,3.13,
2018-04-01 12:45:00,3.1,
2018-04-01 13:00:00,3.17,
2018-04-01 13:15:00,3.1,
2018-04-01 13:30:00,3.46,
2018-04-01 13:45:00,3.42,
2018-04-01 14:00:00,3.74,
2018-04-01 14:15:00,3.28,
2018-04-01 14:30:00,3.2,
2018-04-01 14:45:00,3.06,
2018-04-01 15:00:00,3.1,
2018-04-01 15:15:00,3.06,
2018-04-01 15:30:00,3.06,
2018-04-01 15:45:00,3.06,
2018-04-01 16:00:00,3.1,
2018-04-01 16:15:00,3.02,
2018-04-01 16:30:00,2.99,
2018-04-01 16:45:00,3.02,
2018-04-01 17:00:00,3.1,
2018-04-01 17:15:00,3.42,
2018-04-01 17:30:00,3.53,
2018-04-01 17:45:00,3.06,
2018-04-01 18:00:00,3.13,
2018-04-01 18:15:00,3.56,
2018-04-01 18:30:00,2.99,
2018-04-01 18:45:00,3.06,
2018-04-01 19:00:00,3.1,
2018-04-01 19:15:00,3.06,
2018-04-01 19:30:00,3.06,
2018-04-01 19:45:00,3.1,
2018-04-01 20:00:00,3.1,
2018-04-01 20:15:00,3.13,
2018-04-01 20:30:00,3.1,
2018-04-01 20:45:00,3.49,
2018-04-01 21:00:00,3.42,
2018-04-01 21:15:00,3.1,
2018-04-01 21:30:00,3.1,
2018-04-01 21:45:00,3.17,
2018-04-01 22:00:00,3.56,
2018-04-01 22:15:00,3.38,
2018-04-01 22:30:00,2.81,
2018-04-01 22:45:00,2.84,
2018-04-01 23:00:00,2.88,
2018-04-01 23:15:00,2.77,
2018-04-01 23:30:00,2.77,
2018-04-01 23:45:00,2.77,
2018-04-02 00:00:00,3.6,
2018-04-02 00:15:00,2.77,
2018-04-02 00:30:00,3.46,
2018-04-02 00:45:00,2.95,
2018-04-02 01:00:00,2.81,
2018-04-02 01:15:00,2.77,
2018-04-02 01:30:00,2.81,
2018-04-02 01:45:00,2.92,
2018-04-02 02:00:00,3.49,
2018-04-02 02:15:00,2.99,
2018-04-02 02:30:00,2.84,
2018-04-02 02:45:00,2.81,
2018-04-02 03:00:00,2.81,
2018-04-02 03:15:00,2.84,
2018-04-02 03:30:00,2.84,
2018-04-02 03:45:00,2.81,
2018-04-02 04:00:00,2.84,
2018-04-02 04:15:00,3.2,
2018-04-02 04:30:00,3.1,
2018-04-02 04:45:00,2.84,
2018-04-02 05:00:00,2.81,
2018-04-02 05:15:00,2.81,
2018-04-02 05:30:00,2.81,
2018-04-02 05:45:00,2.81,
2018-04-02 06:00:00,2.81,
2018-04-02 06:15:00,3.35,
2018-04-02 06:30:00,3.06,
2018-04-02 06:45:00,2.74,
2018-04-02 07:00:00,2.74,
2018-04-02 07:15:00,2.7,
2018-04-02 07:30:00,3.85,
2018-04-02 07:45:00,4.64,
2018-04-02 08:00:00,4.57,
2018-04-02 08:15:00,13.1,
2018-04-02 08:30:00,52.81,
2018-04-02 08:45:00,60.88,
2018-04-02 09:00:00,68.62,
2018-04-02 09:15:00,53.21,
2018-04-02 09:30:00,59.11,
2018-04-02 09:45:00,61.31,
2018-04-02 10:00:00,52.56,
2018-04-02 10:15:00,63.61,
2018-04-02 10:30:00,53.1,
2018-04-02 10:45:00,48.2,
2018-04-02 11:00:00,47.3,
2018-04-02 11:15:00,64.51,
2018-04-02 11:30:00,42.23,
2018-04-02 11:45:00,56.34,
2018-04-02 12:00:00,62.75,
2018-04-02 12:15:00,10.8,
2018-04-02 12:30:00,5.04,
2018-04-02 12:45:00,5.47,
2018-04-02 13:00:00,5.76,
2018-04-02 13:15:00,27.79,
2018-04-02 13:30:00,51.73,
2018-04-02 13:45:00,58.64,
2018-04-02 14:00:00,57.35,
2018-04-02 14:15:00,55.55,
2018-04-02 14:30:00,65.59,
2018-04-02 14:45:00,57.06,
2018-04-02 15:00:00,81.94,
2018-04-02 15:15:00,111.67,
2018-04-02 15:30:00,91.84,
2018-04-02 15:45:00,110.09,
2018-04-02 16:00:00,72.5,
2018-04-02 16:15:00,44.89,
2018-04-02 16:30:00,53.96,
2018-04-02 16:45:00,57.28,
2018-04-02 17:00:00,50.15,
2018-04-02 17:15:00,49.82,
2018-04-02 17:30:00,59.83,
2018-04-02 17:45:00,31.25,
2018-04-02 18:00:00,31.07,
2018-04-02 18:15:00,35.46,
2018-04-02 18:30:00,59.62,
2018-04-02 18:45:00,42.12,
2018-04-02 19:00:00,44.03,
2018-04-02 19:15:00,54.61,
2018-04-02 19:30:00,71.89,
2018-04-02 19:45:00,102.35,
2018-04-02 20:00:00,102.67,
2018-04-02 20:15:00,77.69,
2018-04-02 20:30:00,92.63,
2018-04-02 20:45:00,68.18,
2018-04-02 21:00:00,27.22,
2018-04-02 21:15:00,4.36,
2018-04-02 21:30:00,4.21,
2018-04-02 21:45:00,4.21,
2018-04-02 22:00:00,4.14,
2018-04-02 22:15:00,3.96,
2018-04-02 22:30:00,3.71,
2018-04-02 22:45:00,3.74,
2018-04-02 23:00:00,4.21,
2018-04-02 23:15:00,4.75,
2018-04-02 23:30:00,4.21,
2018-04-02 23:45:00,3.64,
2018-04-03 00:00:00,3.67,
2018-04-03 00:15:00,3.67,
2018-04-03 00:30:00,3.71,
2018-04-03 00:45:00,3.67,
2018-04-03 01:00:00,3.6,
2018-04-03 01:15:00,3.67,
2018-04-03 01:30:00,3.64,
2018-04-03 01:45:00,3.71,
2018-04-03 02:00:00,3.64,
2018-04-03 02:15:00,3.6,
2018-04-03 02:30:00,3.64,
2018-04-03 02:45:00,3.67,
2018-04-03 03:00:00,3.67,
2018-04-03 03:15:00,3.67,
2018-04-03 03:30:00,3.67,
2018-04-03 03:45:00,3.38,
2018-04-03 04:00:00,3.1,
2018-04-03 04:15:00,3.35,
2018-04-03 04:30:00,3.71,
2018-04-03 04:45:00,3.1,
2018-04-03 05:00:00,3.1,
2018-04-03 05:15:00,3.13,
2018-04-03 05:30:00,3.13,
2018-04-03 05:45:00,3.1,
2018-04-03 06:00:00,3.06,
2018-04-03 06:15:00,3.1,
2018-04-03 06:30:00,3.6,
2018-04-03 06:45:00,3.06,
2018-04-03 07:00:00,3.06,
2018-04-03 07:15:00,2.99,
2018-04-03 07:30:00,3.31,
2018-04-03 07:45:00,3.78,
2018-04-03 08:00:00,5.51,
2018-04-03 08:15:00,51.26,
2018-04-03 08:30:00,112.64,
2018-04-03 08:45:00,96.12,
2018-04-03 09:00:00,104.44,
2018-04-03 09:15:00,99.68,
2018-04-03 09:30:00,70.92,
2018-04-03 09:45:00,100.3,
2018-04-03 10:00:00,87.41,
2018-04-03 10:15:00,96.55,
2018-04-03 10:30:00,99.72,
2018-04-03 10:45:00,88.78,
2018-04-03 11:00:00,95.69,
2018-04-03 11:15:00,88.96,
2018-04-03 11:30:00,96.26,
2018-04-03 11:45:00,87.44,
2018-04-03 12:00:00,114.88,
2018-04-03 12:15:00,19.08,
2018-04-03 12:30:00,5.72,
2018-04-03 12:45:00,6.12,
2018-04-03 13:00:00,6.01,
2018-04-03 13:15:00,66.06,
2018-04-03 13:30:00,104.29,
2018-04-03 13:45:00,108.79,
2018-04-03 14:00:00,77.62,
2018-04-03 14:15:00,101.41,
2018-04-03 14:30:00,111.46,
2018-04-03 14:45:00,63.14,
2018-04-03 15:00:00,95.76,
2018-04-03 15:15:00,109.73,
2018-04-03 15:30:00,102.56,
2018-04-03 15:45:00,108.83,
2018-04-03 16:00:00,67.36,
2018-04-03 16:15:00,105.88,
2018-04-03 16:30:00,84.2,
2018-04-03 16:45:00,89.42,
2018-04-03 17:00:00,81.43,
2018-04-03 17:15:00,77.22,
2018-04-03 17:30:00,60.8,
2018-04-03 17:45:00,29.77,
2018-04-03 18:00:00,30.38,
2018-04-03 18:15:00,40.61,
2018-04-03 18:30:00,51.98,
2018-04-03 18:45:00,69.23,
2018-04-03 19:00:00,59.58,
2018-04-03 19:15:00,83.52,
2018-04-03 19:30:00,62.71,
2018-04-03 19:45:00,79.85,
2018-04-03 20:00:00,58.86,
2018-04-03 20:15:00,52.09,
2018-04-03 20:30:00,76.21,
2018-04-03 20:45:00,52.09,
2018-04-03 21:00:00,18.22,
2018-04-03 21:15:00,4.57,
2018-04-03 21:30:00,4.18,
2018-04-03 21:45:00,4.21,
2018-04-03 22:00:00,4.18,
2018-04-03 22:15:00,4.64,
2018-04-03 22:30:00,5.0,
2018-04-03 22:45:00,3.92,
2018-04-03 23:00:00,3.82,
2018-04-03 23:15:00,3.64,
2018-04-03 23:30:00,3.6,
2018-04-03 23:45:00,3.6,
2018-04-04 00:00:00,3.6,
2018-04-04 00:15:00,3.64,
2018-04-04 00:30:00,3.67,
2018-04-04 00:45:00,3.64,
2018-04-04 01:00:00,3.64,
2018-04-04 01:15:00,3.71,
2018-04-04 01:30:00,3.67,
2018-04-04 01:45:00,3.6,
2018-04-04 02:00:00,3.64,
2018-04-04 02:15:00,3.64,
2018-04-04 02:30:00,3.67,
2018-04-04 02:45:00,3.64,
2018-04-04 03:00:00,3.02,
2018-04-04 03:15:00,3.06,
2018-04-04 03:30:00,3.64,
2018-04-04 03:45:00,3.42,
2018-04-04 04:00:00,3.13,
2018-04-04 04:15:00,3.06,
2018-04-04 04:30:00,3.1,
2018-04-04 04:45:00,3.06,
2018-04-04 05:00:00,3.06,
2018-04-04 05:15:00,3.13,
2018-04-04 05:30:00,3.02,
2018-04-04 05:45:00,3.06,
2018-04-04 06:00:00,3.06,
2018-04-04 06:15:00,3.02,
2018-04-04 06:30:00,3.49,
2018-04-04 06:45:00,3.38,
2018-04-04 07:00:00,2.95,
2018-04-04 07:15:00,2.99,
2018-04-04 07:30:00,3.38,
2018-04-04 07:45:00,19.19,
2018-04-04 08:00:00,28.98,
2018-04-04 08:15:00,49.36,
2018-04-04 08:30:00,74.63,
2018-04-04 08:45:00,66.02,
2018-04-04 09:00:00,49.72,
2018-04-04 09:15:00,53.86,
2018-04-04 09:30:00,65.09,
2018-04-04 09:45:00,62.93,
2018-04-04 10:00:00,64.4,
2018-04-04 10:15:00,59.08,
2018-04-04 10:30:00,60.73,
2018-04-04 10:45:00,53.71,
2018-04-04 11:00:00,50.76,
2018-04-04 11:15:00,46.84,
2018-04-04 11:30:00,56.95,
2018-04-04 11:45:00,67.9,
2018-04-04 12:00:00,52.81,
2018-04-04 12:15:00,8.68,
2018-04-04 12:30:00,4.86,
2018-04-04 12:45:00,5.36,
2018-04-04 13:00:00,5.44,
2018-04-04 13:15:00,45.18,
2018-04-04 13:30:00,63.61,
2018-04-04 13:45:00,69.98,
2018-04-04 14:00:00,56.09,
2018-04-04 14:15:00,67.39,
2018-04-04 14:30:00,48.1,
2018-04-04 14:45:00,55.37,
2018-04-04 15:00:00,49.0,
2018-04-04 15:15:00,68.36,
2018-04-04 15:30:00,63.14,
2018-04-04 15:45:00,52.52,
2018-04-04 16:00:00,50.83,
2018-04-04 16:15:00,46.04,
2018-04-04 16:30:00,54.29,
2018-04-04 16:45:00,58.39,
2018-04-04 17:00:00,71.89,
2018-04-04 17:15:00,63.94,
2018-04-04 17:30:00,49.57,
2018-04-04 17:45:00,61.42,
2018-04-04 18:00:00,30.85,
2018-04-04 18:15:00,5.54,
2018-04-04 18:30:00,4.28,
2018-04-04 18:45:00,4.32,
2018-04-04 19:00:00,4.1,
2018-04-04 19:15:00,4.03,
2018-04-04 19:30:00,4.07,
2018-04-04 19:45:00,4.14,
2018-04-04 20:00:00,4.07,
2018-04-04 20:15:00,3.92,
2018-04-04 20:30:00,4.43,
2018-04-04 20:45:00,5.18,
2018-04-04 21:00:00,4.39,
2018-04-04 21:15:00,4.03,
2018-04-04 21:30:00,3.96,
2018-04-04 21:45:00,4.03,
2018-04-04 22:00:00,3.96,
2018-04-04 22:15:00,3.82,
2018-04-04 22:30:00,3.74,
2018-04-04 22:45:00,3.64,
2018-04-04 23:00:00,3.64,
2018-04-04 23:15:00,3.6,
2018-04-04 23:30:00,3.67,
2018-04-04 23:45:00,3.64,
2018-04-05 00:00:00,3.82,
2018-04-05 00:15:00,3.64,
2018-04-05 00:30:00,3.67,
2018-04-05 00:45:00,4.39,
2018-04-05 01:00:00,4.79,
2018-04-05 01:15:00,3.13,
2018-04-05 01:30:00,3.06,
2018-04-05 01:45:00,3.06,
2018-04-05 02:00:00,3.02,
2018-04-05 02:15:00,3.06,
2018-04-05 02:30:00,3.1,
2018-04-05 02:45:00,3.02,
2018-04-05 03:00:00,3.06,
2018-04-05 03:15:00,3.06,
2018-04-05 03:30:00,3.06,
2018-04-05 03:45:00,3.1,
2018-04-05 04:00:00,3.53,
2018-04-05 04:15:00,3.31,
2018-04-05 04:30:00,3.02,
2018-04-05 04:45:00,3.06,
2018-04-05 05:00:00,3.06,
2018-04-05 05:15:00,3.17,
2018-04-05 05:30:00,3.67,
2018-04-05 05:45:00,3.46,
2018-04-05 06:00:00,3.06,
2018-04-05 06:15:00,3.06,
2018-04-05 06:30:00,3.06,
2018-04-05 06:45:00,3.02,
2018-04-05 07:00:00,3.02,
2018-04-05 07:15:00,3.02,
2018-04-05 07:30:00,3.67,
2018-04-05 07:45:00,5.36,
2018-04-05 08:00:00,5.11,
2018-04-05 08:15:00,46.69,
2018-04-05 08:30:00,71.93,
2018-04-05 08:45:00,64.66,
2018-04-05 09:00:00,77.51,
2018-04-05 09:15:00,64.62,
2018-04-05 09:30:00,62.06,
2018-04-05 09:45:00,63.76,
2018-04-05 10:00:00,71.35,
2018-04-05 10:15:00,66.2,
2018-04-05 10:30:00,67.28,
2018-04-05 10:45:00,75.02,
2018-04-05 11:00:00,60.48,
2018-04-05 11:15:00,58.25,
2018-04-05 11:30:00,48.89,
2018-04-05 11:45:00,44.5,
2018-04-05 12:00:00,48.38,
2018-04-05 12:15:00,17.71,
2018-04-05 12:30:00,4.25,
2018-04-05 12:45:00,4.54,
2018-04-05 13:00:00,5.87,
2018-04-05 13:15:00,37.04,
2018-04-05 13:30:00,47.16,
2018-04-05 13:45:00,60.91,
2018-04-05 14:00:00,48.24,
2018-04-05 14:15:00,49.1,
2018-04-05 14:30:00,60.73,
2018-04-05 14:45:00,54.11,
2018-04-05 15:00:00,75.13,
2018-04-05 15:15:00,54.58,
2018-04-05 15:30:00,54.86,
2018-04-05 15:45:00,55.87,
2018-04-05 16:00:00,58.46,
2018-04-05 16:15:00,74.59,
2018-04-05 16:30:00,53.96,
2018-04-05 16:45:00,68.94,
2018-04-05 17:00:00,56.16,
2018-04-05 17:15:00,71.21,
2018-04-05 17:30:00,49.32,
2018-04-05 17:45:00,33.62,
2018-04-05 18:00:00,28.98,
2018-04-05 18:15:00,33.08,
2018-04-05 18:30:00,41.83,
2018-04-05 18:45:00,40.21,
2018-04-05 19:00:00,39.38,
2018-04-05 19:15:00,40.93,
2018-04-05 19:30:00,38.95,
2018-04-05 19:45:00,40.97,
2018-04-05 20:00:00,39.67,
2018-04-05 20:15:00,39.92,
2018-04-05 20:30:00,41.08,
2018-04-05 20:45:00,38.84,
2018-04-05 21:00:00,27.36,
2018-04-05 21:15:00,5.8,
2018-04-05 21:30:00,5.58,
2018-04-05 21:45:00,5.4,
2018-04-05 22:00:00,5.4,
2018-04-05 22:15:00,4.14,
2018-04-05 22:30:00,3.85,
2018-04-05 22:45:00,3.85,
2018-04-05 23:00:00,3.82,
2018-04-05 23:15:00,3.74,
2018-04-05 23:30:00,3.85,
2018-04-05 23:45:00,3.82,
2018-04-06 00:00:00,4.39,
2018-04-06 00:15:00,3.78,
2018-04-06 00:30:00,3.85,
2018-04-06 00:45:00,3.92,
2018-04-06 01:00:00,3.85,
2018-04-06 01:15:00,3.89,
2018-04-06 01:30:00,3.85,
2018-04-06 01:45:00,3.85,
2018-04-06 02:00:00,3.89,
2018-04-06 02:15:00,3.56,
2018-04-06 02:30:00,3.49,
2018-04-06 02:45:00,3.78,
2018-04-06 03:00:00,3.31,
2018-04-06 03:15:00,3.28,
2018-04-06 03:30:00,3.42,
2018-04-06 03:45:00,3.31,
2018-04-06 04:00:00,3.24,
2018-04-06 04:15:00,3.31,
2018-04-06 04:30:00,3.24,
2018-04-06 04:45:00,3.31,
2018-04-06 05:00:00,3.24,
2018-04-06 05:15:00,3.28,
2018-04-06 05:30:00,3.24,
2018-04-06 05:45:00,3.24,
2018-04-06 06:00:00,3.64,
2018-04-06 06:15:00,4.86,
2018-04-06 06:30:00,3.42,
2018-04-06 06:45:00,3.2,
2018-04-06 07:00:00,3.17,
2018-04-06 07:15:00,3.46,
2018-04-06 07:30:00,3.74,
2018-04-06 07:45:00,4.14,
2018-04-06 08:00:00,3.85,
2018-04-06 08:15:00,34.92,
2018-04-06 08:30:00,55.66,
2018-04-06 08:45:00,57.64,
2018-04-06 09:00:00,61.92,
2018-04-06 09:15:00,66.96,
2018-04-06 09:30:00,74.38,
2018-04-06 09:45:00,72.4,
2018-04-06 10:00:00,94.36,
2018-04-06 10:15:00,95.18,
2018-04-06 10:30:00,78.73,
2018-04-06 10:45:00,77.47,
2018-04-06 11:00:00,86.08,
2018-04-06 11:15:00,108.32,
2018-04-06 11:30:00,102.2,
2018-04-06 11:45:00,104.47,
2018-04-06 12:00:00,94.97,
2018-04-06 12:15:00,6.3,
2018-04-06 12:30:00,4.61,
2018-04-06 12:45:00,4.9,
2018-04-06 13:00:00,5.94,
2018-04-06 13:15:00,60.37,
2018-04-06 13:30:00,102.85,
2018-04-06 13:45:00,102.02,
2018-04-06 14:00:00,72.0,
2018-04-06 14:15:00,103.03,
2018-04-06 14:30:00,108.43,
2018-04-06 14:45:00,73.98,
2018-04-06 15:00:00,92.34,
2018-04-06 15:15:00,93.24,
2018-04-06 15:30:00,110.81,
2018-04-06 15:45:00,105.59,
2018-04-06 16:00:00,87.7,
2018-04-06 16:15:00,94.0,
2018-04-06 16:30:00,82.4,
2018-04-06 16:45:00,111.13,
2018-04-06 17:00:00,110.09,
2018-04-06 17:15:00,78.77,
2018-04-06 17:30:00,95.04,
2018-04-06 17:45:00,30.71,
2018-04-06 18:00:00,30.85,
2018-04-06 18:15:00,51.41,
2018-04-06 18:30:00,72.29,
2018-04-06 18:45:00,53.06,
2018-04-06 19:00:00,82.91,
2018-04-06 19:15:00,81.68,
2018-04-06 19:30:00,78.34,
2018-04-06 19:45:00,90.58,
2018-04-06 20:00:00,81.79,
2018-04-06 20:15:00,87.44,
2018-04-06 20:30:00,78.37,
2018-04-06 20:45:00,97.38,
2018-04-06 21:00:00,38.56,
2018-04-06 21:15:00,28.33,
2018-04-06 21:30:00,27.72,
2018-04-06 21:45:00,23.44,
2018-04-06 22:00:00,6.84,
2018-04-06 22:15:00,5.4,
2018-04-06 22:30:00,5.04,
2018-04-06 22:45:00,4.93,
2018-04-06 23:00:00,4.86,
2018-04-06 23:15:00,4.9,
2018-04-06 23:30:00,4.86,
2018-04-06 23:45:00,4.86,
2018-04-07 00:00:00,3.02,
2018-04-07 00:15:00,3.67,
2018-04-07 00:30:00,3.82,
2018-04-07 00:45:00,3.74,
2018-04-07 01:00:00,3.71,
2018-04-07 01:15:00,3.74,
2018-04-07 01:30:00,3.78,
2018-04-07 01:45:00,3.82,
2018-04-07 02:00:00,3.71,
2018-04-07 02:15:00,3.74,
2018-04-07 02:30:00,3.71,
2018-04-07 02:45:00,3.71,
2018-04-07 03:00:00,3.82,
2018-04-07 03:15:00,3.74,
2018-04-07 03:30:00,3.85,
2018-04-07 03:45:00,3.82,
2018-04-07 04:00:00,3.38,
2018-04-07 04:15:00,3.24,
2018-04-07 04:30:00,3.24,
2018-04-07 04:45:00,3.17,
2018-04-07 05:00:00,3.17,
2018-04-07 05:15:00,3.17,
2018-04-07 05:30:00,3.28,
2018-04-07 05:45:00,3.2,
2018-04-07 06:00:00,3.74,
2018-04-07 06:15:00,3.17,
2018-04-07 06:30:00,3.13,
2018-04-07 06:45:00,3.2,
2018-04-07 07:00:00,3.13,
2018-04-07 07:15:00,3.17,
2018-04-07 07:30:00,3.17,
2018-04-07 07:45:00,3.28,
2018-04-07 08:00:00,3.31,
2018-04-07 08:15:00,41.44,
2018-04-07 08:30:00,92.95,
2018-04-07 08:45:00,62.78,
2018-04-07 09:00:00,92.48,
2018-04-07 09:15:00,69.05,
2018-04-07 09:30:00,89.21,
2018-04-07 09:45:00,76.36,
2018-04-07 10:00:00,70.52,
2018-04-07 10:15:00,72.07,
2018-04-07 10:30:00,68.22,
2018-04-07 10:45:00,67.54,
2018-04-07 11:00:00,91.04,
2018-04-07 11:15:00,63.32,
2018-04-07 11:30:00,90.68,
2018-04-07 11:45:00,68.0,
2018-04-07 12:00:00,80.71,
2018-04-07 12:15:00,3.85,
2018-04-07 12:30:00,4.72,
2018-04-07 12:45:00,5.0,
2018-04-07 13:00:00,4.72,
2018-04-07 13:15:00,32.47,
2018-04-07 13:30:00,41.72,
2018-04-07 13:45:00,83.16,
2018-04-07 14:00:00,73.94,
2018-04-07 14:15:00,49.32,
2018-04-07 14:30:00,53.53,
2018-04-07 14:45:00,45.61,
2018-04-07 15:00:00,98.14,
2018-04-07 15:15:00,64.62,
2018-04-07 15:30:00,90.4,
2018-04-07 15:45:00,87.26,
2018-04-07 16:00:00,68.51,
2018-04-07 16:15:00,102.92,
2018-04-07 16:30:00,60.44,
2018-04-07 16:45:00,102.28,
2018-04-07 17:00:00,65.56,
2018-04-07 17:15:00,4.18,
2018-04-07 17:30:00,4.36,
2018-04-07 17:45:00,4.14,
2018-04-07 18:00:00,4.14,
2018-04-07 18:15:00,3.92,
2018-04-07 18:30:00,3.85,
2018-04-07 18:45:00,4.07,
2018-04-07 19:00:00,4.07,
2018-04-07 19:15:00,5.04,
2018-04-07 19:30:00,4.75,
2018-04-07 19:45:00,4.03,
2018-04-07 20:00:00,4.07,
2018-04-07 20:15:00,4.03,
2018-04-07 20:30:00,3.67,
2018-04-07 20:45:00,3.31,
2018-04-07 21:00:00,3.35,
2018-04-07 21:15:00,3.38,
2018-04-07 21:30:00,3.35,
2018-04-07 21:45:00,3.31,
2018-04-07 22:00:00,3.31,
2018-04-07 22:15:00,3.2,
2018-04-07 22:30:00,3.13,
2018-04-07 22:45:00,3.06,
2018-04-07 23:00:00,3.06,
2018-04-07 23:15:00,3.28,
2018-04-07 23:30:00,3.64,
2018-04-07 23:45:00,3.24,
2018-04-08 00:00:00,2.99,
2018-04-08 00:15:00,3.28,
2018-04-08 00:30:00,3.56,
2018-04-08 00:45:00,3.13,
2018-04-08 01:00:00,3.2,
2018-04-08 01:15:00,3.13,
2018-04-08 01:30:00,3.17,
2018-04-08 01:45:00,3.17,
2018-04-08 02:00:00,3.17,
2018-04-08 02:15:00,3.2,
2018-04-08 02:30:00,3.17,
2018-04-08 02:45:00,3.2,
2018-04-08 03:00:00,3.17,
2018-04-08 03:15:00,3.6,
2018-04-08 03:30:00,3.64,
2018-04-08 03:45:00,3.78,
2018-04-08 04:00:00,3.56,
2018-04-08 04:15:00,3.2,
2018-04-08 04:30:00,3.2,
2018-04-08 04:45:00,3.2,
2018-04-08 05:00:00,3.17,
2018-04-08 05:15:00,3.2,
2018-04-08 05:30:00,3.17,
2018-04-08 05:45:00,3.17,
2018-04-08 06:00:00,3.31,
2018-04-08 06:15:00,3.71,
2018-04-08 06:30:00,3.2,
2018-04-08 06:45:00,3.13,
2018-04-08 07:00:00,3.13,
2018-04-08 07:15:00,3.17,
2018-04-08 07:30:00,3.2,
2018-04-08 07:45:00,3.24,
2018-04-08 08:00:00,3.24,
2018-04-08 08:15:00,46.8,
2018-04-08 08:30:00,99.14,
2018-04-08 08:45:00,68.9,
2018-04-08 09:00:00,100.44,
2018-04-08 09:15:00,80.21,
2018-04-08 09:30:00,90.58,
2018-04-08 09:45:00,93.96,
2018-04-08 10:00:00,79.09,
2018-04-08 10:15:00,101.7,
2018-04-08 10:30:00,67.72,
2018-04-08 10:45:00,92.7,
2018-04-08 11:00:00,75.53,
2018-04-08 11:15:00,102.71,
2018-04-08 11:30:00,67.28,
2018-04-08 11:45:00,102.78,
2018-04-08 12:00:00,61.24,
2018-04-08 12:15:00,4.14,
2018-04-08 12:30:00,5.22,
2018-04-08 12:45:00,5.04,
2018-04-08 13:00:00,4.03,
2018-04-08 13:15:00,18.36,
2018-04-08 13:30:00,101.59,
2018-04-08 13:45:00,78.62,
2018-04-08 14:00:00,29.05,
2018-04-08 14:15:00,27.47,
2018-04-08 14:30:00,27.54,
2018-04-08 14:45:00,27.25,
2018-04-08 15:00:00,25.7,
2018-04-08 15:15:00,25.02,
2018-04-08 15:30:00,26.1,
2018-04-08 15:45:00,26.78,
2018-04-08 16:00:00,27.0,
2018-04-08 16:15:00,26.93,
2018-04-08 16:30:00,27.32,
2018-04-08 16:45:00,10.37,
2018-04-08 17:00:00,4.32,
2018-04-08 17:15:00,4.14,
2018-04-08 17:30:00,4.1,
2018-04-08 17:45:00,4.07,
2018-04-08 18:00:00,4.03,
2018-04-08 18:15:00,3.82,
2018-04-08 18:30:00,3.71,
2018-04-08 18:45:00,3.92,
2018-04-08 19:00:00,4.79,
2018-04-08 19:15:00,4.68,
2018-04-08 19:30:00,4.0,
2018-04-08 19:45:00,4.0,
2018-04-08 20:00:00,4.0,
2018-04-08 20:15:00,4.0,
2018-04-08 20:30:00,3.96,
2018-04-08 20:45:00,4.0,
2018-04-08 21:00:00,4.0,
2018-04-08 21:15:00,3.92,
2018-04-08 21:30:00,3.28,
2018-04-08 21:45:00,3.28,
2018-04-08 22:00:00,3.35,
2018-04-08 22:15:00,3.17,
2018-04-08 22:30:00,3.02,
2018-04-08 22:45:00,3.06,
2018-04-08 23:00:00,3.2,
2018-04-08 23:15:00,3.67,
2018-04-08 23:30:00,3.1,
2018-04-08 23:45:00,2.99,
2018-04-09 00:00:00,3.64,
2018-04-09 00:15:00,3.13,
2018-04-09 00:30:00,3.64,
2018-04-09 00:45:00,3.06,
2018-04-09 01:00:00,3.06,
2018-04-09 01:15:00,3.06,
2018-04-09 01:30:00,3.1,
2018-04-09 01:45:00,3.1,
2018-04-09 02:00:00,3.1,
2018-04-09 02:15:00,3.1,
2018-04-09 02:30:00,3.1,
2018-04-09 02:45:00,3.06,
2018-04-09 03:00:00,3.1,
2018-04-09 03:15:00,3.38,
2018-04-09 03:30:00,3.71,
2018-04-09 03:45:00,3.6,
2018-04-09 04:00:00,3.17,
2018-04-09 04:15:00,3.1,
2018-04-09 04:30:00,3.06,
2018-04-09 04:45:00,3.06,
2018-04-09 05:00:00,3.02,
2018-04-09 05:15:00,3.06,
2018-04-09 05:30:00,3.06,
2018-04-09 05:45:00,3.02,
2018-04-09 06:00:00,2.99,
2018-04-09 06:15:00,2.99,
2018-04-09 06:30:00,3.31,
2018-04-09 06:45:00,3.31,
2018-04-09 07:00:00,2.95,
2018-04-09 07:15:00,2.95,
2018-04-09 07:30:00,3.31,
2018-04-09 07:45:00,4.68,
2018-04-09 08:00:00,4.57,
2018-04-09 08:15:00,26.96,
2018-04-09 08:30:00,57.17,
2018-04-09 08:45:00,61.78,
2018-04-09 09:00:00,53.39,
2018-04-09 09:15:00,58.21,
2018-04-09 09:30:00,62.24,
2018-04-09 09:45:00,72.68,
2018-04-09 10:00:00,54.79,
2018-04-09 10:15:00,53.32,
2018-04-09 10:30:00,56.95,
2018-04-09 10:45:00,56.48,
2018-04-09 11:00:00,68.58,
2018-04-09 11:15:00,62.1,
2018-04-09 11:30:00,59.98,
2018-04-09 11:45:00,55.33,
2018-04-09 12:00:00,51.55,
2018-04-09 12:15:00,8.64,
2018-04-09 12:30:00,7.06,
2018-04-09 12:45:00,7.24,
2018-04-09 13:00:00,7.24,
2018-04-09 13:15:00,46.08,
2018-04-09 13:30:00,68.76,
2018-04-09 13:45:00,74.05,
2018-04-09 14:00:00,70.81,
2018-04-09 14:15:00,69.41,
2018-04-09 14:30:00,94.68,
2018-04-09 14:45:00,107.24,
2018-04-09 15:00:00,85.0,
2018-04-09 15:15:00,97.88,
2018-04-09 15:30:00,81.07,
2018-04-09 15:45:00,57.78,
2018-04-09 16:00:00,88.02,
2018-04-09 16:15:00,91.08,
2018-04-09 16:30:00,53.86,
2018-04-09 16:45:00,51.23,
2018-04-09 17:00:00,50.83,
2018-04-09 17:15:00,53.1,
2018-04-09 17:30:00,69.3,
2018-04-09 17:45:00,30.67,
2018-04-09 18:00:00,30.96,
2018-04-09 18:15:00,45.72,
2018-04-09 18:30:00,62.39,
2018-04-09 18:45:00,77.98,
2018-04-09 19:00:00,72.25,
2018-04-09 19:15:00,110.95,
2018-04-09 19:30:00,111.13,
2018-04-09 19:45:00,90.25,
2018-04-09 20:00:00,108.5,
2018-04-09 20:15:00,121.61,
2018-04-09 20:30:00,74.12,
2018-04-09 20:45:00,93.96,
2018-04-09 21:00:00,84.1,
2018-04-09 21:15:00,72.5,
2018-04-09 21:30:00,52.02,
2018-04-09 21:45:00,90.36,
2018-04-09 22:00:00,79.31,
2018-04-09 22:15:00,80.35,
2018-04-09 22:30:00,27.43,
2018-04-09 22:45:00,7.6,
2018-04-09 23:00:00,3.82,
2018-04-09 23:15:00,3.56,
2018-04-09 23:30:00,3.56,
2018-04-09 23:45:00,3.53,
2018-04-10 00:00:00,3.78,
2018-04-10 00:15:00,3.53,
2018-04-10 00:30:00,3.53,
2018-04-10 00:45:00,3.56,
2018-04-10 01:00:00,3.56,
2018-04-10 01:15:00,3.64,
2018-04-10 01:30:00,3.56,
2018-04-10 01:45:00,3.56,
2018-04-10 02:00:00,4.0,
2018-04-10 02:15:00,4.68,
2018-04-10 02:30:00,3.74,
2018-04-10 02:45:00,3.56,
2018-04-10 03:00:00,3.49,
2018-04-10 03:15:00,3.56,
2018-04-10 03:30:00,3.56,
2018-04-10 03:45:00,3.64,
2018-04-10 04:00:00,3.49,
2018-04-10 04:15:00,2.92,
2018-04-10 04:30:00,2.92,
2018-04-10 04:45:00,2.92,
2018-04-10 05:00:00,2.99,
2018-04-10 05:15:00,2.92,
2018-04-10 05:30:00,2.88,
2018-04-10 05:45:00,3.31,
2018-04-10 06:00:00,3.49,
2018-04-10 06:15:00,2.99,
2018-04-10 06:30:00,2.92,
2018-04-10 06:45:00,2.92,
2018-04-10 07:00:00,2.92,
2018-04-10 07:15:00,2.92,
2018-04-10 07:30:00,4.39,
2018-04-10 07:45:00,4.72,
2018-04-10 08:00:00,4.07,
2018-04-10 08:15:00,45.11,
2018-04-10 08:30:00,87.48,
2018-04-10 08:45:00,110.74,
2018-04-10 09:00:00,117.47,
2018-04-10 09:15:00,65.23,
2018-04-10 09:30:00,66.64,
2018-04-10 09:45:00,61.52,
2018-04-10 10:00:00,61.45,
2018-04-10 10:15:00,55.4,
2018-04-10 10:30:00,61.92,
2018-04-10 10:45:00,53.96,
2018-04-10 11:00:00,54.9,
2018-04-10 11:15:00,67.82,
2018-04-10 11:30:00,53.46,
2018-04-10 11:45:00,53.32,
2018-04-10 12:00:00,51.05,
2018-04-10 12:15:00,8.06,
2018-04-10 12:30:00,6.37,
2018-04-10 12:45:00,5.87,
2018-04-10 13:00:00,5.44,
2018-04-10 13:15:00,40.0,
2018-04-10 13:30:00,51.73,
2018-04-10 13:45:00,54.65,
2018-04-10 14:00:00,62.96,
2018-04-10 14:15:00,55.84,
2018-04-10 14:30:00,59.22,
2018-04-10 14:45:00,58.97,
2018-04-10 15:00:00,58.28,
2018-04-10 15:15:00,48.17,
2018-04-10 15:30:00,56.74,
2018-04-10 15:45:00,48.56,
2018-04-10 16:00:00,66.24,
2018-04-10 16:15:00,60.08,
2018-04-10 16:30:00,51.84,
2018-04-10 16:45:00,61.74,
2018-04-10 17:00:00,67.79,
2018-04-10 17:15:00,67.21,
2018-04-10 17:30:00,58.97,
2018-04-10 17:45:00,41.51,
2018-04-10 18:00:00,28.98,
2018-04-10 18:15:00,33.8,
2018-04-10 18:30:00,44.6,
2018-04-10 18:45:00,47.41,
2018-04-10 19:00:00,48.17,
2018-04-10 19:15:00,48.67,
2018-04-10 19:30:00,45.32,
2018-04-10 19:45:00,40.14,
2018-04-10 20:00:00,47.05,
2018-04-10 20:15:00,48.85,
2018-04-10 20:30:00,51.16,
2018-04-10 20:45:00,42.98,
2018-04-10 21:00:00,10.98,
2018-04-10 21:15:00,5.65,
2018-04-10 21:30:00,5.33,
2018-04-10 21:45:00,5.29,
2018-04-10 22:00:00,5.11,
2018-04-10 22:15:00,4.0,
2018-04-10 22:30:00,3.85,
2018-04-10 22:45:00,3.74,
2018-04-10 23:00:00,3.74,
2018-04-10 23:15:00,3.71,
2018-04-10 23:30:00,3.74,
2018-04-10 23:45:00,3.85,
2018-04-11 00:00:00,3.56,
2018-04-11 00:15:00,3.82,
2018-04-11 00:30:00,3.78,
2018-04-11 00:45:00,3.82,
2018-04-11 01:00:00,3.89,
2018-04-11 01:15:00,3.82,
2018-04-11 01:30:00,3.82,
2018-04-11 01:45:00,3.82,
2018-04-11 02:00:00,3.78,
2018-04-11 02:15:00,3.35,
2018-04-11 02:30:00,3.24,
2018-04-11 02:45:00,3.24,
2018-04-11 03:00:00,3.74,
2018-04-11 03:15:00,3.89,
2018-04-11 03:30:00,3.28,
2018-04-11 03:45:00,3.28,
2018-04-11 04:00:00,3.28,
2018-04-11 04:15:00,3.28,
2018-04-11 04:30:00,3.46,
2018-04-11 04:45:00,3.78,
2018-04-11 05:00:00,3.35,
2018-04-11 05:15:00,3.28,
2018-04-11 05:30:00,3.28,
2018-04-11 05:45:00,3.31,
2018-04-11 06:00:00,3.31,
2018-04-11 06:15:00,3.28,
2018-04-11 06:30:00,3.28,
2018-04-11 06:45:00,3.28,
2018-04-11 07:00:00,3.24,
2018-04-11 07:15:00,3.2,
2018-04-11 07:30:00,4.14,
2018-04-11 07:45:00,6.37,
2018-04-11 08:00:00,13.79,
2018-04-11 08:15:00,53.96,
2018-04-11 08:30:00,63.22,
2018-04-11 08:45:00,62.03,
2018-04-11 09:00:00,52.78,
2018-04-11 09:15:00,58.0,
2018-04-11 09:30:00,70.13,
2018-04-11 09:45:00,59.65,
2018-04-11 10:00:00,56.45,
2018-04-11 10:15:00,57.92,
2018-04-11 10:30:00,63.97,
2018-04-11 10:45:00,65.92,
2018-04-11 11:00:00,57.89,
2018-04-11 11:15:00,65.12,
2018-04-11 11:30:00,55.51,
2018-04-11 11:45:00,51.12,
2018-04-11 12:00:00,64.15,
2018-04-11 12:15:00,8.82,
2018-04-11 12:30:00,5.04,
2018-04-11 12:45:00,5.08,
2018-04-11 13:00:00,4.36,
2018-04-11 13:15:00,27.5,
2018-04-11 13:30:00,56.02,
2018-04-11 13:45:00,56.09,
2018-04-11 14:00:00,49.54,
2018-04-11 14:15:00,49.9,
2018-04-11 14:30:00,54.18,
2018-04-11 14:45:00,69.66,
2018-04-11 15:00:00,64.08,
2018-04-11 15:15:00,67.72,
2018-04-11 15:30:00,59.87,
2018-04-11 15:45:00,56.41,
2018-04-11 16:00:00,52.92,
2018-04-11 16:15:00,67.61,
2018-04-11 16:30:00,56.2,
2018-04-11 16:45:00,58.75,
2018-04-11 17:00:00,56.48,
2018-04-11 17:15:00,70.88,
2018-04-11 17:30:00,57.02,
2018-04-11 17:45:00,36.07,
2018-04-11 18:00:00,29.7,
2018-04-11 18:15:00,40.54,
2018-04-11 18:30:00,62.82,
2018-04-11 18:45:00,85.03,
2018-04-11 19:00:00,117.58,
2018-04-11 19:15:00,77.87,
2018-04-11 19:30:00,95.08,
2018-04-11 19:45:00,94.0,
2018-04-11 20:00:00,104.11,
2018-04-11 20:15:00,105.19,
2018-04-11 20:30:00,71.5,
2018-04-11 20:45:00,88.63,
2018-04-11 21:00:00,36.68,
2018-04-11 21:15:00,5.4,
2018-04-11 21:30:00,5.22,
2018-04-11 21:45:00,5.22,
2018-04-11 22:00:00,5.18,
2018-04-11 22:15:00,4.18,
2018-04-11 22:30:00,3.6,
2018-04-11 22:45:00,3.53,
2018-04-11 23:00:00,3.6,
2018-04-11 23:15:00,3.53,
2018-04-11 23:30:00,3.56,
2018-04-11 23:45:00,3.6,
2018-04-12 00:00:00,4.1,
2018-04-12 00:15:00,3.67,
2018-04-12 00:30:00,3.67,
2018-04-12 00:45:00,3.64,
2018-04-12 01:00:00,3.64,
2018-04-12 01:15:00,3.64,
2018-04-12 01:30:00,3.67,
2018-04-12 01:45:00,3.67,
2018-04-12 02:00:00,3.6,
2018-04-12 02:15:00,3.53,
2018-04-12 02:30:00,3.46,
2018-04-12 02:45:00,3.6,
2018-04-12 03:00:00,3.06,
2018-04-12 03:15:00,3.06,
2018-04-12 03:30:00,3.1,
2018-04-12 03:45:00,3.13,
2018-04-12 04:00:00,3.1,
2018-04-12 04:15:00,3.13,
2018-04-12 04:30:00,3.1,
2018-04-12 04:45:00,3.1,
2018-04-12 05:00:00,3.13,
2018-04-12 05:15:00,3.13,
2018-04-12 05:30:00,3.17,
2018-04-12 05:45:00,3.6,
2018-04-12 06:00:00,3.35,
2018-04-12 06:15:00,3.06,
2018-04-12 06:30:00,3.1,
2018-04-12 06:45:00,3.67,
2018-04-12 07:00:00,3.31,
2018-04-12 07:15:00,2.99,
2018-04-12 07:30:00,3.35,
2018-04-12 07:45:00,3.67,
2018-04-12 08:00:00,4.93,
2018-04-12 08:15:00,77.04,
2018-04-12 08:30:00,102.31,
2018-04-12 08:45:00,125.89,
2018-04-12 09:00:00,101.27,
2018-04-12 09:15:00,118.55,
2018-04-12 09:30:00,104.54,
2018-04-12 09:45:00,77.15,
2018-04-12 10:00:00,46.91,
2018-04-12 10:15:00,61.88,
2018-04-12 10:30:00,59.54,
2018-04-12 10:45:00,59.29,
2018-04-12 11:00:00,40.46,
2018-04-12 11:15:00,43.88,
2018-04-12 11:30:00,39.74,
2018-04-12 11:45:00,43.85,
2018-04-12 12:00:00,43.67,
2018-04-12 12:15:00,12.13,
2018-04-12 12:30:00,5.44,
2018-04-12 12:45:00,5.62,
2018-04-12 13:00:00,6.12,
2018-04-12 13:15:00,41.9,
2018-04-12 13:30:00,65.7,
2018-04-12 13:45:00,58.18,
2018-04-12 14:00:00,48.2,
2018-04-12 14:15:00,67.43,
2018-04-12 14:30:00,66.85,
2018-04-12 14:45:00,49.32,
2018-04-12 15:00:00,47.05,
2018-04-12 15:15:00,51.16,
2018-04-12 15:30:00,53.78,
2018-04-12 15:45:00,77.15,
2018-04-12 16:00:00,69.52,
2018-04-12 16:15:00,69.23,
2018-04-12 16:30:00,68.29,
2018-04-12 16:45:00,50.44,
2018-04-12 17:00:00,74.7,
2018-04-12 17:15:00,60.16,
2018-04-12 17:30:00,67.68,
2018-04-12 17:45:00,37.04,
2018-04-12 18:00:00,29.74,
2018-04-12 18:15:00,33.91,
2018-04-12 18:30:00,36.54,
2018-04-12 18:45:00,34.67,
2018-04-12 19:00:00,37.58,
2018-04-12 19:15:00,35.1,
2018-04-12 19:30:00,37.3,
2018-04-12 19:45:00,35.1,
2018-04-12 20:00:00,36.18,
2018-04-12 20:15:00,35.96,
2018-04-12 20:30:00,33.84,
2018-04-12 20:45:00,35.78,
2018-04-12 21:00:00,20.66,
2018-04-12 21:15:00,5.94,
2018-04-12 21:30:00,5.72,
2018-04-12 21:45:00,5.72,
2018-04-12 22:00:00,5.65,
2018-04-12 22:15:00,5.22,
2018-04-12 22:30:00,4.0,
2018-04-12 22:45:00,4.03,
2018-04-12 23:00:00,4.07,
2018-04-12 23:15:00,4.1,
2018-04-12 23:30:00,3.96,
2018-04-12 23:45:00,4.07,
2018-04-13 00:00:00,3.56,
2018-04-13 00:15:00,4.07,
2018-04-13 00:30:00,4.18,
2018-04-13 00:45:00,4.1,
2018-04-13 01:00:00,4.18,
2018-04-13 01:15:00,4.21,
2018-04-13 01:30:00,4.03,
2018-04-13 01:45:00,3.71,
2018-04-13 02:00:00,4.25,
2018-04-13 02:15:00,3.46,
2018-04-13 02:30:00,3.42,
2018-04-13 02:45:00,3.49,
2018-04-13 03:00:00,3.56,
2018-04-13 03:15:00,3.46,
2018-04-13 03:30:00,3.38,
2018-04-13 03:45:00,3.42,
2018-04-13 04:00:00,3.42,
2018-04-13 04:15:00,3.42,
2018-04-13 04:30:00,4.25,
2018-04-13 04:45:00,3.74,
2018-04-13 05:00:00,3.46,
2018-04-13 05:15:00,3.49,
2018-04-13 05:30:00,3.74,
2018-04-13 05:45:00,4.18,
2018-04-13 06:00:00,3.49,
2018-04-13 06:15:00,3.38,
2018-04-13 06:30:00,3.38,
2018-04-13 06:45:00,3.38,
2018-04-13 07:00:00,3.46,
2018-04-13 07:15:00,3.35,
2018-04-13 07:30:00,3.64,
2018-04-13 07:45:00,4.46,
2018-04-13 08:00:00,6.08,
2018-04-13 08:15:00,44.68,
2018-04-13 08:30:00,45.11,
2018-04-13 08:45:00,47.63,
2018-04-13 09:00:00,72.47,
2018-04-13 09:15:00,57.78,
2018-04-13 09:30:00,73.8,
2018-04-13 09:45:00,64.4,
2018-04-13 10:00:00,63.76,
2018-04-13 10:15:00,65.05,
2018-04-13 10:30:00,60.7,
2018-04-13 10:45:00,48.53,
2018-04-13 11:00:00,51.48,
2018-04-13 11:15:00,56.23,
2018-04-13 11:30:00,62.86,
2018-04-13 11:45:00,71.42,
2018-04-13 12:00:00,47.16,
2018-04-13 12:15:00,9.04,
2018-04-13 12:30:00,4.43,
2018-04-13 12:45:00,4.61,
2018-04-13 13:00:00,4.5,
2018-04-13 13:15:00,46.87,
2018-04-13 13:30:00,63.76,
2018-04-13 13:45:00,62.68,
2018-04-13 14:00:00,57.42,
2018-04-13 14:15:00,48.24,
2018-04-13 14:30:00,52.99,
2018-04-13 14:45:00,69.34,
2018-04-13 15:00:00,68.76,
2018-04-13 15:15:00,54.18,
2018-04-13 15:30:00,46.26,
2018-04-13 15:45:00,56.3,
2018-04-13 16:00:00,38.12,
2018-04-13 16:15:00,38.77,
2018-04-13 16:30:00,49.21,
2018-04-13 16:45:00,61.92,
2018-04-13 17:00:00,38.56,
2018-04-13 17:15:00,37.62,
2018-04-13 17:30:00,32.54,
2018-04-13 17:45:00,30.42,
2018-04-13 18:00:00,29.02,
2018-04-13 18:15:00,28.15,
2018-04-13 18:30:00,29.59,
2018-04-13 18:45:00,30.64,
2018-04-13 19:00:00,31.14,
2018-04-13 19:15:00,33.08,
2018-04-13 19:30:00,34.63,
2018-04-13 19:45:00,35.06,
2018-04-13 20:00:00,37.33,
2018-04-13 20:15:00,37.08,
2018-04-13 20:30:00,36.5,
2018-04-13 20:45:00,39.38,
2018-04-13 21:00:00,29.63,
2018-04-13 21:15:00,5.08,
2018-04-13 21:30:00,5.4,
2018-04-13 21:45:00,5.29,
2018-04-13 22:00:00,5.29,
2018-04-13 22:15:00,5.11,
2018-04-13 22:30:00,4.9,
2018-04-13 22:45:00,4.75,
2018-04-13 23:00:00,4.75,
2018-04-13 23:15:00,4.25,
2018-04-13 23:30:00,3.53,
2018-04-13 23:45:00,3.64,
2018-04-14 00:00:00,3.02,
2018-04-14 00:15:00,3.56,
2018-04-14 00:30:00,3.6,
2018-04-14 00:45:00,3.6,
2018-04-14 01:00:00,3.67,
2018-04-14 01:15:00,3.67,
2018-04-14 01:30:00,3.64,
2018-04-14 01:45:00,3.6,
2018-04-14 02:00:00,3.67,
2018-04-14 02:15:00,3.67,
2018-04-14 02:30:00,3.78,
2018-04-14 02:45:00,4.14,
2018-04-14 03:00:00,3.71,
2018-04-14 03:15:00,3.06,
2018-04-14 03:30:00,3.06,
2018-04-14 03:45:00,3.13,
2018-04-14 04:00:00,3.1,
2018-04-14 04:15:00,3.1,
2018-04-14 04:30:00,3.1,
2018-04-14 04:45:00,3.1,
2018-04-14 05:00:00,3.1,
2018-04-14 05:15:00,3.17,
2018-04-14 05:30:00,3.13,
2018-04-14 05:45:00,3.71,
2018-04-14 06:00:00,3.24,
2018-04-14 06:15:00,3.13,
2018-04-14 06:30:00,3.13,
2018-04-14 06:45:00,3.28,
2018-04-14 07:00:00,3.74,
2018-04-14 07:15:00,3.31,
2018-04-14 07:30:00,3.1,
2018-04-14 07:45:00,3.1,
2018-04-14 08:00:00,3.28,
2018-04-14 08:15:00,17.39,
2018-04-14 08:30:00,32.44,
2018-04-14 08:45:00,34.42,
2018-04-14 09:00:00,33.91,
2018-04-14 09:15:00,34.6,
2018-04-14 09:30:00,35.53,
2018-04-14 09:45:00,34.74,
2018-04-14 10:00:00,34.96,
2018-04-14 10:15:00,36.97,
2018-04-14 10:30:00,38.16,
2018-04-14 10:45:00,36.72,
2018-04-14 11:00:00,37.62,
2018-04-14 11:15:00,36.68,
2018-04-14 11:30:00,37.73,
2018-04-14 11:45:00,38.34,
2018-04-14 12:00:00,11.41,
2018-04-14 12:15:00,3.49,
2018-04-14 12:30:00,3.64,
2018-04-14 12:45:00,4.32,
2018-04-14 13:00:00,4.54,
2018-04-14 13:15:00,12.42,
2018-04-14 13:30:00,38.09,
2018-04-14 13:45:00,37.37,
2018-04-14 14:00:00,34.74,
2018-04-14 14:15:00,39.28,
2018-04-14 14:30:00,36.36,
2018-04-14 14:45:00,38.66,
2018-04-14 15:00:00,35.17,
2018-04-14 15:15:00,38.59,
2018-04-14 15:30:00,35.46,
2018-04-14 15:45:00,38.12,
2018-04-14 16:00:00,34.2,
2018-04-14 16:15:00,37.94,
2018-04-14 16:30:00,37.22,
2018-04-14 16:45:00,36.0,
2018-04-14 17:00:00,14.62,
2018-04-14 17:15:00,5.22,
2018-04-14 17:30:00,4.03,
2018-04-14 17:45:00,4.07,
2018-04-14 18:00:00,4.07,
2018-04-14 18:15:00,3.78,
2018-04-14 18:30:00,3.74,
2018-04-14 18:45:00,3.89,
2018-04-14 19:00:00,4.0,
2018-04-14 19:15:00,4.0,
2018-04-14 19:30:00,3.96,
2018-04-14 19:45:00,3.78,
2018-04-14 20:00:00,3.35,
2018-04-14 20:15:00,3.35,
2018-04-14 20:30:00,3.38,
2018-04-14 20:45:00,3.78,
2018-04-14 21:00:00,3.85,
2018-04-14 21:15:00,3.38,
2018-04-14 21:30:00,3.35,
2018-04-14 21:45:00,3.38,
2018-04-14 22:00:00,3.31,
2018-04-14 22:15:00,3.2,
2018-04-14 22:30:00,3.53,
2018-04-14 22:45:00,3.38,
2018-04-14 23:00:00,3.13,
2018-04-14 23:15:00,3.02,
2018-04-14 23:30:00,2.99,
2018-04-14 23:45:00,3.02,
2018-04-15 00:00:00,3.1,
2018-04-15 00:15:00,3.1,
2018-04-15 00:30:00,3.1,
2018-04-15 00:45:00,3.56,
2018-04-15 01:00:00,3.64,
2018-04-15 01:15:00,3.13,
2018-04-15 01:30:00,3.1,
2018-04-15 01:45:00,3.17,
2018-04-15 02:00:00,3.64,
2018-04-15 02:15:00,3.42,
2018-04-15 02:30:00,3.13,
2018-04-15 02:45:00,3.1,
2018-04-15 03:00:00,3.2,
2018-04-15 03:15:00,3.13,
2018-04-15 03:30:00,3.13,
2018-04-15 03:45:00,3.13,
2018-04-15 04:00:00,3.13,
2018-04-15 04:15:00,3.17,
2018-04-15 04:30:00,3.13,
2018-04-15 04:45:00,3.06,
2018-04-15 05:00:00,3.1,
2018-04-15 05:15:00,3.46,
2018-04-15 05:30:00,3.71,
2018-04-15 05:45:00,3.96,
2018-04-15 06:00:00,3.1,
2018-04-15 06:15:00,3.02,
2018-04-15 06:30:00,3.06,
2018-04-15 06:45:00,3.06,
2018-04-15 07:00:00,3.1,
2018-04-15 07:15:00,3.1,
2018-04-15 07:30:00,3.1,
2018-04-15 07:45:00,3.06,
2018-04-15 08:00:00,3.1,
2018-04-15 08:15:00,3.17,
2018-04-15 08:30:00,3.2,
2018-04-15 08:45:00,3.42,
2018-04-15 09:00:00,3.78,
2018-04-15 09:15:00,3.38,
2018-04-15 09:30:00,3.31,
2018-04-15 09:45:00,3.35,
2018-04-15 10:00:00,3.24,
2018-04-15 10:15:00,3.71,
2018-04-15 10:30:00,3.74,
2018-04-15 10:45:00,3.24,
2018-04-15 11:00:00,3.28,
2018-04-15 11:15:00,3.13,
2018-04-15 11:30:00,3.13,
2018-04-15 11:45:00,3.17,
2018-04-15 12:00:00,3.13,
2018-04-15 12:15:00,3.24,
2018-04-15 12:30:00,3.6,
2018-04-15 12:45:00,3.74,
2018-04-15 13:00:00,3.28,
2018-04-15 13:15:00,3.28,
2018-04-15 13:30:00,3.24,
2018-04-15 13:45:00,3.31,
2018-04-15 14:00:00,3.46,
2018-04-15 14:15:00,3.92,
2018-04-15 14:30:00,3.46,
2018-04-15 14:45:00,3.28,
2018-04-15 15:00:00,3.31,
2018-04-15 15:15:00,3.35,
2018-04-15 15:30:00,3.82,
2018-04-15 15:45:00,3.42,
2018-04-15 16:00:00,3.35,
2018-04-15 16:15:00,3.31,
2018-04-15 16:30:00,3.35,
2018-04-15 16:45:00,3.38,
2018-04-15 17:00:00,3.31,
2018-04-15 17:15:00,3.35,
2018-04-15 17:30:00,3.35,
2018-04-15 17:45:00,3.31,
2018-04-15 18:00:00,3.56,
2018-04-15 18:15:00,3.85,
2018-04-15 18:30:00,3.85,
2018-04-15 18:45:00,3.28,
2018-04-15 19:00:00,3.28,
2018-04-15 19:15:00,3.31,
2018-04-15 19:30:00,3.35,
2018-04-15 19:45:00,3.31,
2018-04-15 20:00:00,3.28,
2018-04-15 20:15:00,3.35,
2018-04-15 20:30:00,3.31,
2018-04-15 20:45:00,3.28,
2018-04-15 21:00:00,3.42,
2018-04-15 21:15:00,3.38,
2018-04-15 21:30:00,3.74,
2018-04-15 21:45:00,3.67,
2018-04-15 22:00:00,3.67,
2018-04-15 22:15:00,3.92,
2018-04-15 22:30:00,3.24,
2018-04-15 22:45:00,3.13,
2018-04-15 23:00:00,3.1,
2018-04-15 23:15:00,3.06,
2018-04-15 23:30:00,3.1,
2018-04-15 23:45:00,3.13,
2018-04-16 00:00:00,3.71,
2018-04-16 00:15:00,3.13,
2018-04-16 00:30:00,3.46,
2018-04-16 00:45:00,3.56,
2018-04-16 01:00:00,3.06,
2018-04-16 01:15:00,3.17,
2018-04-16 01:30:00,3.1,
2018-04-16 01:45:00,3.13,
2018-04-16 02:00:00,3.1,
2018-04-16 02:15:00,3.13,
2018-04-16 02:30:00,3.74,
2018-04-16 02:45:00,3.6,
2018-04-16 03:00:00,3.13,
2018-04-16 03:15:00,3.1,
2018-04-16 03:30:00,3.13,
2018-04-16 03:45:00,3.1,
2018-04-16 04:00:00,3.13,
2018-04-16 04:15:00,3.35,
2018-04-16 04:30:00,3.71,
2018-04-16 04:45:00,3.17,
2018-04-16 05:00:00,3.13,
2018-04-16 05:15:00,3.1,
2018-04-16 05:30:00,3.13,
2018-04-16 05:45:00,3.06,
2018-04-16 06:00:00,3.02,
2018-04-16 06:15:00,3.02,
2018-04-16 06:30:00,3.02,
2018-04-16 06:45:00,3.2,
2018-04-16 07:00:00,3.71,
2018-04-16 07:15:00,3.67,
2018-04-16 07:30:00,4.1,
2018-04-16 07:45:00,5.22,
2018-04-16 08:00:00,13.43,
2018-04-16 08:15:00,60.95,
2018-04-16 08:30:00,66.24,
2018-04-16 08:45:00,74.56,
2018-04-16 09:00:00,62.06,
2018-04-16 09:15:00,74.09,
2018-04-16 09:30:00,61.42,
2018-04-16 09:45:00,67.07,
2018-04-16 10:00:00,73.33,
2018-04-16 10:15:00,63.54,
2018-04-16 10:30:00,75.74,
2018-04-16 10:45:00,65.63,
2018-04-16 11:00:00,61.2,
2018-04-16 11:15:00,77.83,
2018-04-16 11:30:00,67.68,
2018-04-16 11:45:00,58.64,
2018-04-16 12:00:00,59.4,
2018-04-16 12:15:00,9.07,
2018-04-16 12:30:00,5.18,
2018-04-16 12:45:00,4.86,
2018-04-16 13:00:00,4.75,
2018-04-16 13:15:00,40.36,
2018-04-16 13:30:00,81.97,
2018-04-16 13:45:00,55.19,
2018-04-16 14:00:00,52.85,
2018-04-16 14:15:00,54.65,
2018-04-16 14:30:00,75.67,
2018-04-16 14:45:00,65.27,
2018-04-16 15:00:00,69.77,
2018-04-16 15:15:00,67.82,
2018-04-16 15:30:00,64.66,
2018-04-16 15:45:00,68.26,
2018-04-16 16:00:00,67.93,
2018-04-16 16:15:00,58.82,
2018-04-16 16:30:00,58.9,
2018-04-16 16:45:00,70.85,
2018-04-16 17:00:00,64.33,
2018-04-16 17:15:00,54.29,
2018-04-16 17:30:00,50.58,
2018-04-16 17:45:00,30.02,
2018-04-16 18:00:00,29.92,
2018-04-16 18:15:00,37.87,
2018-04-16 18:30:00,43.06,
2018-04-16 18:45:00,40.1,
2018-04-16 19:00:00,44.6,
2018-04-16 19:15:00,38.77,
2018-04-16 19:30:00,44.21,
2018-04-16 19:45:00,40.5,
2018-04-16 20:00:00,43.52,
2018-04-16 20:15:00,41.04,
2018-04-16 20:30:00,40.97,
2018-04-16 20:45:00,38.63,
2018-04-16 21:00:00,13.5,
2018-04-16 21:15:00,5.58,
2018-04-16 21:30:00,5.33,
2018-04-16 21:45:00,5.36,
2018-04-16 22:00:00,5.33,
2018-04-16 22:15:00,4.14,
2018-04-16 22:30:00,3.85,
2018-04-16 22:45:00,3.78,
2018-04-16 23:00:00,3.74,
2018-04-16 23:15:00,3.71,
2018-04-16 23:30:00,3.78,
2018-04-16 23:45:00,3.71,
2018-04-17 00:00:00,3.6,
2018-04-17 00:15:00,3.71,
2018-04-17 00:30:00,3.74,
2018-04-17 00:45:00,3.85,
2018-04-17 01:00:00,3.85,
2018-04-17 01:15:00,3.78,
2018-04-17 01:30:00,3.78,
2018-04-17 01:45:00,3.28,
2018-04-17 02:00:00,3.42,
2018-04-17 02:15:00,3.78,
2018-04-17 02:30:00,3.24,
2018-04-17 02:45:00,3.17,
2018-04-17 03:00:00,3.2,
2018-04-17 03:15:00,3.2,
2018-04-17 03:30:00,3.13,
2018-04-17 03:45:00,3.17,
2018-04-17 04:00:00,3.17,
2018-04-17 04:15:00,3.17,
2018-04-17 04:30:00,3.56,
2018-04-17 04:45:00,3.64,
2018-04-17 05:00:00,3.17,
2018-04-17 05:15:00,3.2,
2018-04-17 05:30:00,3.17,
2018-04-17 05:45:00,3.56,
2018-04-17 06:00:00,3.56,
2018-04-17 06:15:00,3.13,
2018-04-17 06:30:00,3.1,
2018-04-17 06:45:00,3.17,
2018-04-17 07:00:00,3.13,
2018-04-17 07:15:00,3.1,
2018-04-17 07:30:00,3.71,
2018-04-17 07:45:00,4.9,
2018-04-17 08:00:00,8.64,
2018-04-17 08:15:00,34.38,
2018-04-17 08:30:00,40.1,
2018-04-17 08:45:00,41.44,
2018-04-17 09:00:00,48.06,
2018-04-17 09:15:00,50.65,
2018-04-17 09:30:00,63.47,
2018-04-17 09:45:00,65.02,
2018-04-17 10:00:00,62.24,
2018-04-17 10:15:00,67.18,
2018-04-17 10:30:00,56.45,
2018-04-17 10:45:00,52.13,
2018-04-17 11:00:00,73.37,
2018-04-17 11:15:00,108.68,
2018-04-17 11:30:00,104.8,
2018-04-17 11:45:00,77.58,
2018-04-17 12:00:00,124.74,
2018-04-17 12:15:00,19.04,
2018-04-17 12:30:00,5.33,
2018-04-17 12:45:00,5.47,
2018-04-17 13:00:00,5.62,
2018-04-17 13:15:00,64.19,
2018-04-17 13:30:00,84.85,
2018-04-17 13:45:00,93.53,
2018-04-17 14:00:00,94.0,
2018-04-17 14:15:00,80.17,
2018-04-17 14:30:00,102.92,
2018-04-17 14:45:00,119.02,
2018-04-17 15:00:00,105.19,
2018-04-17 15:15:00,101.09,
2018-04-17 15:30:00,87.23,
2018-04-17 15:45:00,105.08,
2018-04-17 16:00:00,96.77,
2018-04-17 16:15:00,82.76,
2018-04-17 16:30:00,109.66,
2018-04-17 16:45:00,85.72,
2018-04-17 17:00:00,93.71,
2018-04-17 17:15:00,84.02,
2018-04-17 17:30:00,91.84,
2018-04-17 17:45:00,35.6,
2018-04-17 18:00:00,30.82,
2018-04-17 18:15:00,53.75,
2018-04-17 18:30:00,99.72,
2018-04-17 18:45:00,86.44,
2018-04-17 19:00:00,127.4,
2018-04-17 19:15:00,95.58,
2018-04-17 19:30:00,127.73,
2018-04-17 19:45:00,94.64,
2018-04-17 20:00:00,111.74,
2018-04-17 20:15:00,89.6,
2018-04-17 20:30:00,100.33,
2018-04-17 20:45:00,82.04,
2018-04-17 21:00:00,35.57,
2018-04-17 21:15:00,6.44,
2018-04-17 21:30:00,4.18,
2018-04-17 21:45:00,4.07,
2018-04-17 22:00:00,4.75,
2018-04-17 22:15:00,4.97,
2018-04-17 22:30:00,4.39,
2018-04-17 22:45:00,3.67,
2018-04-17 23:00:00,3.6,
2018-04-17 23:15:00,3.56,
2018-04-17 23:30:00,3.56,
2018-04-17 23:45:00,3.64,
2018-04-18 00:00:00,3.53,
2018-04-18 00:15:00,3.6,
2018-04-18 00:30:00,3.64,
2018-04-18 00:45:00,3.6,
2018-04-18 01:00:00,3.67,
2018-04-18 01:15:00,3.71,
2018-04-18 01:30:00,3.6,
2018-04-18 01:45:00,3.67,
2018-04-18 02:00:00,3.64,
2018-04-18 02:15:00,4.75,
2018-04-18 02:30:00,4.72,
2018-04-18 02:45:00,3.64,
2018-04-18 03:00:00,3.6,
2018-04-18 03:15:00,3.64,
2018-04-18 03:30:00,3.64,
2018-04-18 03:45:00,3.67,
2018-04-18 04:00:00,3.35,
2018-04-18 04:15:00,3.02,
2018-04-18 04:30:00,3.1,
2018-04-18 04:45:00,3.02,
2018-04-18 05:00:00,3.1,
2018-04-18 05:15:00,3.1,
2018-04-18 05:30:00,3.1,
2018-04-18 05:45:00,3.02,
2018-04-18 06:00:00,3.06,
2018-04-18 06:15:00,3.1,
2018-04-18 06:30:00,3.06,
2018-04-18 06:45:00,3.49,
2018-04-18 07:00:00,3.17,
2018-04-18 07:15:00,3.49,
2018-04-18 07:30:00,4.03,
2018-04-18 07:45:00,3.89,
2018-04-18 08:00:00,3.71,
2018-04-18 08:15:00,54.58,
2018-04-18 08:30:00,113.9,
2018-04-18 08:45:00,117.65,
2018-04-18 09:00:00,111.64,
2018-04-18 09:15:00,115.78,
2018-04-18 09:30:00,121.18,
2018-04-18 09:45:00,78.91,
2018-04-18 10:00:00,109.55,
2018-04-18 10:15:00,96.84,
2018-04-18 10:30:00,81.76,
2018-04-18 10:45:00,79.02,
2018-04-18 11:00:00,100.08,
2018-04-18 11:15:00,94.03,
2018-04-18 11:30:00,83.09,
2018-04-18 11:45:00,99.18,
2018-04-18 12:00:00,114.84,
2018-04-18 12:15:00,16.02,
2018-04-18 12:30:00,5.72,
2018-04-18 12:45:00,6.19,
2018-04-18 13:00:00,5.87,
2018-04-18 13:15:00,60.88,
2018-04-18 13:30:00,92.05,
2018-04-18 13:45:00,70.92,
2018-04-18 14:00:00,99.79,
2018-04-18 14:15:00,97.27,
2018-04-18 14:30:00,50.08,
2018-04-18 14:45:00,53.86,
2018-04-18 15:00:00,53.68,
2018-04-18 15:15:00,59.87,
2018-04-18 15:30:00,50.15,
2018-04-18 15:45:00,54.29,
2018-04-18 16:00:00,75.46,
2018-04-18 16:15:00,55.55,
2018-04-18 16:30:00,55.4,
2018-04-18 16:45:00,63.76,
2018-04-18 17:00:00,66.74,
2018-04-18 17:15:00,63.25,
2018-04-18 17:30:00,71.14,
2018-04-18 17:45:00,40.68,
2018-04-18 18:00:00,23.87,
2018-04-18 18:15:00,7.81,
2018-04-18 18:30:00,4.07,
2018-04-18 18:45:00,3.92,
2018-04-18 19:00:00,4.0,
2018-04-18 19:15:00,4.0,
2018-04-18 19:30:00,3.92,
2018-04-18 19:45:00,3.85,
2018-04-18 20:00:00,3.92,
2018-04-18 20:15:00,3.89,
2018-04-18 20:30:00,3.92,
2018-04-18 20:45:00,3.89,
2018-04-18 21:00:00,3.89,
2018-04-18 21:15:00,4.82,
2018-04-18 21:30:00,4.86,
2018-04-18 21:45:00,3.96,
2018-04-18 22:00:00,3.89,
2018-04-18 22:15:00,3.82,
2018-04-18 22:30:00,3.6,
2018-04-18 22:45:00,3.6,
2018-04-18 23:00:00,3.64,
2018-04-18 23:15:00,3.53,
2018-04-18 23:30:00,3.56,
2018-04-18 23:45:00,3.53,
2018-04-19 00:00:00,3.6,
2018-04-19 00:15:00,3.64,
2018-04-19 00:30:00,3.06,
2018-04-19 00:45:00,3.02,
2018-04-19 01:00:00,3.06,
2018-04-19 01:15:00,3.06,
2018-04-19 01:30:00,3.1,
2018-04-19 01:45:00,3.38,
2018-04-19 02:00:00,3.53,
2018-04-19 02:15:00,3.06,
2018-04-19 02:30:00,3.02,
2018-04-19 02:45:00,3.02,
2018-04-19 03:00:00,3.06,
2018-04-19 03:15:00,3.06,
2018-04-19 03:30:00,3.02,
2018-04-19 03:45:00,3.31,
2018-04-19 04:00:00,3.56,
2018-04-19 04:15:00,3.1,
2018-04-19 04:30:00,2.99,
2018-04-19 04:45:00,3.06,
2018-04-19 05:00:00,3.06,
2018-04-19 05:15:00,3.06,
2018-04-19 05:30:00,3.53,
2018-04-19 05:45:00,3.56,
2018-04-19 06:00:00,3.02,
2018-04-19 06:15:00,2.99,
2018-04-19 06:30:00,2.99,
2018-04-19 06:45:00,2.95,
2018-04-19 07:00:00,3.1,
2018-04-19 07:15:00,2.99,
2018-04-19 07:30:00,3.6,
2018-04-19 07:45:00,4.57,
2018-04-19 08:00:00,6.41,
2018-04-19 08:15:00,48.53,
2018-04-19 08:30:00,66.64,
2018-04-19 08:45:00,63.47,
2018-04-19 09:00:00,76.18,
2018-04-19 09:15:00,66.96,
2018-04-19 09:30:00,58.32,
2018-04-19 09:45:00,74.34,
2018-04-19 10:00:00,57.2,
2018-04-19 10:15:00,58.03,
2018-04-19 10:30:00,56.95,
2018-04-19 10:45:00,74.95,
2018-04-19 11:00:00,66.2,
2018-04-19 11:15:00,49.03,
2018-04-19 11:30:00,59.36,
2018-04-19 11:45:00,52.06,
2018-04-19 12:00:00,59.54,
2018-04-19 12:15:00,11.12,
2018-04-19 12:30:00,4.18,
2018-04-19 12:45:00,4.46,
2018-04-19 13:00:00,4.36,
2018-04-19 13:15:00,41.0,
2018-04-19 13:30:00,61.99,
2018-04-19 13:45:00,64.87,
2018-04-19 14:00:00,64.12,
2018-04-19 14:15:00,56.81,
2018-04-19 14:30:00,51.16,
2018-04-19 14:45:00,58.54,
2018-04-19 15:00:00,69.52,
2018-04-19 15:15:00,54.65,
2018-04-19 15:30:00,66.06,
2018-04-19 15:45:00,55.69,
2018-04-19 16:00:00,74.81,
2018-04-19 16:15:00,61.24,
2018-04-19 16:30:00,74.45,
2018-04-19 16:45:00,52.88,
2018-04-19 17:00:00,46.3,
2018-04-19 17:15:00,66.74,
2018-04-19 17:30:00,51.16,
2018-04-19 17:45:00,29.52,
2018-04-19 18:00:00,29.7,
2018-04-19 18:15:00,31.72,
2018-04-19 18:30:00,46.55,
2018-04-19 18:45:00,50.11,
2018-04-19 19:00:00,40.39,
2018-04-19 19:15:00,41.4,
2018-04-19 19:30:00,40.1,
2018-04-19 19:45:00,41.98,
2018-04-19 20:00:00,42.44,
2018-04-19 20:15:00,39.82,
2018-04-19 20:30:00,40.75,
2018-04-19 20:45:00,38.45,
2018-04-19 21:00:00,13.93,
2018-04-19 21:15:00,5.4,
2018-04-19 21:30:00,5.15,
2018-04-19 21:45:00,4.68,
2018-04-19 22:00:00,4.03,
2018-04-19 22:15:00,3.92,
2018-04-19 22:30:00,3.56,
2018-04-19 22:45:00,3.56,
2018-04-19 23:00:00,3.6,
2018-04-19 23:15:00,3.53,
2018-04-19 23:30:00,3.56,
2018-04-19 23:45:00,3.53,
2018-04-20 00:00:00,3.46,
2018-04-20 00:15:00,3.53,
2018-04-20 00:30:00,3.56,
2018-04-20 00:45:00,3.56,
2018-04-20 01:00:00,3.67,
2018-04-20 01:15:00,3.6,
2018-04-20 01:30:00,3.56,
2018-04-20 01:45:00,4.03,
2018-04-20 02:00:00,4.46,
2018-04-20 02:15:00,3.2,
2018-04-20 02:30:00,3.06,
2018-04-20 02:45:00,3.02,
2018-04-20 03:00:00,3.02,
2018-04-20 03:15:00,2.99,
2018-04-20 03:30:00,3.06,
2018-04-20 03:45:00,3.02,
2018-04-20 04:00:00,3.02,
2018-04-20 04:15:00,3.02,
2018-04-20 04:30:00,3.02,
2018-04-20 04:45:00,3.06,
2018-04-20 05:00:00,3.06,
2018-04-20 05:15:00,3.02,
2018-04-20 05:30:00,3.02,
2018-04-20 05:45:00,2.99,
2018-04-20 06:00:00,3.02,
2018-04-20 06:15:00,3.38,
2018-04-20 06:30:00,3.71,
2018-04-20 06:45:00,3.82,
2018-04-20 07:00:00,3.02,
2018-04-20 07:15:00,2.95,
2018-04-20 07:30:00,3.53,
2018-04-20 07:45:00,3.78,
2018-04-20 08:00:00,4.1,
2018-04-20 08:15:00,37.33,
2018-04-20 08:30:00,48.92,
2018-04-20 08:45:00,53.96,
2018-04-20 09:00:00,52.27,
2018-04-20 09:15:00,74.38,
2018-04-20 09:30:00,71.39,
2018-04-20 09:45:00,62.03,
2018-04-20 10:00:00,74.2,
2018-04-20 10:15:00,57.28,
2018-04-20 10:30:00,57.82,
2018-04-20 10:45:00,50.11,
2018-04-20 11:00:00,68.69,
2018-04-20 11:15:00,70.16,
2018-04-20 11:30:00,60.55,
2018-04-20 11:45:00,64.58,
2018-04-20 12:00:00,71.89,
2018-04-20 12:15:00,5.58,
2018-04-20 12:30:00,4.9,
2018-04-20 12:45:00,5.22,
2018-04-20 13:00:00,5.36,
2018-04-20 13:15:00,41.51,
2018-04-20 13:30:00,69.77,
2018-04-20 13:45:00,60.08,
2018-04-20 14:00:00,60.26,
2018-04-20 14:15:00,66.53,
2018-04-20 14:30:00,65.2,
2018-04-20 14:45:00,110.3,
2018-04-20 15:00:00,100.48,
2018-04-20 15:15:00,95.44,
2018-04-20 15:30:00,106.67,
2018-04-20 15:45:00,70.56,
2018-04-20 16:00:00,91.3,
2018-04-20 16:15:00,115.42,
2018-04-20 16:30:00,96.05,
2018-04-20 16:45:00,111.53,
2018-04-20 17:00:00,92.2,
2018-04-20 17:15:00,82.84,
2018-04-20 17:30:00,124.7,
2018-04-20 17:45:00,39.74,
2018-04-20 18:00:00,26.82,
2018-04-20 18:15:00,37.19,
2018-04-20 18:30:00,73.48,
2018-04-20 18:45:00,92.38,
2018-04-20 19:00:00,61.09,
2018-04-20 19:15:00,97.52,
2018-04-20 19:30:00,73.76,
2018-04-20 19:45:00,62.42,
2018-04-20 20:00:00,25.67,
2018-04-20 20:15:00,25.31,
2018-04-20 20:30:00,16.24,
2018-04-20 20:45:00,6.66,
2018-04-20 21:00:00,5.58,
2018-04-20 21:15:00,5.29,
2018-04-20 21:30:00,5.08,
2018-04-20 21:45:00,5.04,
2018-04-20 22:00:00,5.04,
2018-04-20 22:15:00,4.9,
2018-04-20 22:30:00,4.75,
2018-04-20 22:45:00,4.36,
2018-04-20 23:00:00,3.46,
2018-04-20 23:15:00,3.46,
2018-04-20 23:30:00,3.46,
2018-04-20 23:45:00,3.56,
2018-04-21 00:00:00,3.49,
2018-04-21 00:15:00,3.46,
2018-04-21 00:30:00,3.49,
2018-04-21 00:45:00,3.46,
2018-04-21 01:00:00,3.53,
2018-04-21 01:15:00,3.49,
2018-04-21 01:30:00,3.49,
2018-04-21 01:45:00,3.49,
2018-04-21 02:00:00,3.49,
2018-04-21 02:15:00,3.49,
2018-04-21 02:30:00,2.99,
2018-04-21 02:45:00,2.92,
2018-04-21 03:00:00,2.99,
2018-04-21 03:15:00,2.92,
2018-04-21 03:30:00,3.2,
2018-04-21 03:45:00,3.6,
2018-04-21 04:00:00,3.1,
2018-04-21 04:15:00,2.99,
2018-04-21 04:30:00,2.95,
2018-04-21 04:45:00,2.95,
2018-04-21 05:00:00,3.02,
2018-04-21 05:15:00,2.99,
2018-04-21 05:30:00,2.99,
2018-04-21 05:45:00,2.92,
2018-04-21 06:00:00,2.95,
2018-04-21 06:15:00,3.02,
2018-04-21 06:30:00,2.88,
2018-04-21 06:45:00,2.92,
2018-04-21 07:00:00,2.99,
2018-04-21 07:15:00,3.53,
2018-04-21 07:30:00,3.28,
2018-04-21 07:45:00,3.02,
2018-04-21 08:00:00,6.88,
2018-04-21 08:15:00,28.98,
2018-04-21 08:30:00,35.5,
2018-04-21 08:45:00,30.89,
2018-04-21 09:00:00,34.31,
2018-04-21 09:15:00,57.74,
2018-04-21 09:30:00,34.34,
2018-04-21 09:45:00,36.43,
2018-04-21 10:00:00,65.3,
2018-04-21 10:15:00,81.72,
2018-04-21 10:30:00,89.21,
2018-04-21 10:45:00,68.0,
2018-04-21 11:00:00,89.57,
2018-04-21 11:15:00,61.63,
2018-04-21 11:30:00,72.36,
2018-04-21 11:45:00,73.04,
2018-04-21 12:00:00,54.25,
2018-04-21 12:15:00,4.0,
2018-04-21 12:30:00,4.9,
2018-04-21 12:45:00,4.28,
2018-04-21 13:00:00,4.32,
2018-04-21 13:15:00,33.44,
2018-04-21 13:30:00,84.6,
2018-04-21 13:45:00,39.49,
2018-04-21 14:00:00,39.64,
2018-04-21 14:15:00,39.74,
2018-04-21 14:30:00,35.82,
2018-04-21 14:45:00,35.96,
2018-04-21 15:00:00,40.32,
2018-04-21 15:15:00,40.79,
2018-04-21 15:30:00,61.2,
2018-04-21 15:45:00,45.11,
2018-04-21 16:00:00,37.84,
2018-04-21 16:15:00,37.19,
2018-04-21 16:30:00,33.7,
2018-04-21 16:45:00,35.96,
2018-04-21 17:00:00,30.96,
2018-04-21 17:15:00,4.36,
2018-04-21 17:30:00,3.96,
2018-04-21 17:45:00,3.96,
2018-04-21 18:00:00,3.92,
2018-04-21 18:15:00,3.74,
2018-04-21 18:30:00,3.74,
2018-04-21 18:45:00,3.82,
2018-04-21 19:00:00,3.89,
2018-04-21 19:15:00,3.96,
2018-04-21 19:30:00,3.92,
2018-04-21 19:45:00,4.9,
2018-04-21 20:00:00,4.39,
2018-04-21 20:15:00,3.89,
2018-04-21 20:30:00,3.96,
2018-04-21 20:45:00,3.92,
2018-04-21 21:00:00,3.89,
2018-04-21 21:15:00,3.92,
2018-04-21 21:30:00,3.92,
2018-04-21 21:45:00,3.96,
2018-04-21 22:00:00,3.53,
2018-04-21 22:15:00,3.17,
2018-04-21 22:30:00,3.06,
2018-04-21 22:45:00,3.06,
2018-04-21 23:00:00,3.02,
2018-04-21 23:15:00,3.02,
2018-04-21 23:30:00,2.99,
2018-04-21 23:45:00,3.38,
2018-04-22 00:00:00,3.2,
2018-04-22 00:15:00,2.99,
2018-04-22 00:30:00,3.17,
2018-04-22 00:45:00,3.02,
2018-04-22 01:00:00,2.99,
2018-04-22 01:15:00,3.02,
2018-04-22 01:30:00,3.06,
2018-04-22 01:45:00,3.06,
2018-04-22 02:00:00,3.06,
2018-04-22 02:15:00,3.02,
2018-04-22 02:30:00,3.56,
2018-04-22 02:45:00,3.35,
2018-04-22 03:00:00,3.06,
2018-04-22 03:15:00,3.1,
2018-04-22 03:30:00,3.06,
2018-04-22 03:45:00,3.06,
2018-04-22 04:00:00,3.1,
2018-04-22 04:15:00,3.06,
2018-04-22 04:30:00,3.13,
2018-04-22 04:45:00,3.6,
2018-04-22 05:00:00,3.46,
2018-04-22 05:15:00,3.1,
2018-04-22 05:30:00,3.06,
2018-04-22 05:45:00,3.06,
2018-04-22 06:00:00,2.99,
2018-04-22 06:15:00,3.06,
2018-04-22 06:30:00,3.02,
2018-04-22 06:45:00,2.99,
2018-04-22 07:00:00,3.02,
2018-04-22 07:15:00,3.2,
2018-04-22 07:30:00,3.6,
2018-04-22 07:45:00,3.1,
2018-04-22 08:00:00,3.1,
2018-04-22 08:15:00,21.13,
2018-04-22 08:30:00,29.52,
2018-04-22 08:45:00,31.1,
2018-04-22 09:00:00,31.72,
2018-04-22 09:15:00,31.93,
2018-04-22 09:30:00,30.92,
2018-04-22 09:45:00,32.36,
2018-04-22 10:00:00,33.12,
2018-04-22 10:15:00,31.75,
2018-04-22 10:30:00,30.42,
2018-04-22 10:45:00,32.08,
2018-04-22 11:00:00,31.21,
2018-04-22 11:15:00,31.79,
2018-04-22 11:30:00,30.78,
2018-04-22 11:45:00,32.94,
2018-04-22 12:00:00,20.7,
2018-04-22 12:15:00,3.56,
2018-04-22 12:30:00,3.64,
2018-04-22 12:45:00,3.64,
2018-04-22 13:00:00,3.64,
2018-04-22 13:15:00,17.35,
2018-04-22 13:30:00,35.78,
2018-04-22 13:45:00,32.83,
2018-04-22 14:00:00,34.99,
2018-04-22 14:15:00,32.94,
2018-04-22 14:30:00,35.35,
2018-04-22 14:45:00,35.21,
2018-04-22 15:00:00,34.85,
2018-04-22 15:15:00,31.5,
2018-04-22 15:30:00,33.01,
2018-04-22 15:45:00,33.12,
2018-04-22 16:00:00,36.61,
2018-04-22 16:15:00,35.24,
2018-04-22 16:30:00,35.71,
2018-04-22 16:45:00,36.68,
2018-04-22 17:00:00,13.21,
2018-04-22 17:15:00,4.25,
2018-04-22 17:30:00,4.18,
2018-04-22 17:45:00,4.1,
2018-04-22 18:00:00,4.1,
2018-04-22 18:15:00,3.96,
2018-04-22 18:30:00,3.92,
2018-04-22 18:45:00,4.07,
2018-04-22 19:00:00,4.03,
2018-04-22 19:15:00,4.07,
2018-04-22 19:30:00,4.14,
2018-04-22 19:45:00,3.85,
2018-04-22 20:00:00,3.64,
2018-04-22 20:15:00,4.07,
2018-04-22 20:30:00,3.71,
2018-04-22 20:45:00,3.46,
2018-04-22 21:00:00,3.42,
2018-04-22 21:15:00,3.46,
2018-04-22 21:30:00,3.49,
2018-04-22 21:45:00,3.42,
2018-04-22 22:00:00,3.42,
2018-04-22 22:15:00,3.31,
2018-04-22 22:30:00,3.2,
2018-04-22 22:45:00,3.53,
2018-04-22 23:00:00,3.6,
2018-04-22 23:15:00,3.17,
2018-04-22 23:30:00,3.13,
2018-04-22 23:45:00,3.17,
2018-04-23 00:00:00,3.78,
2018-04-23 00:15:00,3.17,
2018-04-23 00:30:00,3.17,
2018-04-23 00:45:00,3.17,
2018-04-23 01:00:00,3.17,
2018-04-23 01:15:00,3.53,
2018-04-23 01:30:00,3.71,
2018-04-23 01:45:00,3.17,
2018-04-23 02:00:00,3.13,
2018-04-23 02:15:00,3.46,
2018-04-23 02:30:00,3.6,
2018-04-23 02:45:00,3.2,
2018-04-23 03:00:00,3.17,
2018-04-23 03:15:00,3.17,
2018-04-23 03:30:00,3.17,
2018-04-23 03:45:00,3.13,
2018-04-23 04:00:00,3.2,
2018-04-23 04:15:00,3.13,
2018-04-23 04:30:00,3.13,
2018-04-23 04:45:00,3.1,
2018-04-23 05:00:00,3.13,
2018-04-23 05:15:00,3.17,
2018-04-23 05:30:00,3.31,
2018-04-23 05:45:00,4.28,
2018-04-23 06:00:00,3.42,
2018-04-23 06:15:00,3.02,
2018-04-23 06:30:00,3.06,
2018-04-23 06:45:00,3.13,
2018-04-23 07:00:00,3.06,
2018-04-23 07:15:00,3.1,
2018-04-23 07:30:00,3.89,
2018-04-23 07:45:00,4.5,
2018-04-23 08:00:00,4.64,
2018-04-23 08:15:00,28.01,
2018-04-23 08:30:00,55.73,
2018-04-23 08:45:00,64.3,
2018-04-23 09:00:00,82.55,
2018-04-23 09:15:00,71.68,
2018-04-23 09:30:00,77.33,
2018-04-23 09:45:00,64.73,
2018-04-23 10:00:00,74.38,
2018-04-23 10:15:00,72.18,
2018-04-23 10:30:00,69.26,
2018-04-23 10:45:00,59.65,
2018-04-23 11:00:00,56.38,
2018-04-23 11:15:00,72.43,
2018-04-23 11:30:00,65.81,
2018-04-23 11:45:00,67.61,
2018-04-23 12:00:00,66.28,
2018-04-23 12:15:00,5.76,
2018-04-23 12:30:00,5.47,
2018-04-23 12:45:00,5.47,
2018-04-23 13:00:00,8.64,
2018-04-23 13:15:00,54.04,
2018-04-23 13:30:00,52.96,
2018-04-23 13:45:00,59.72,
2018-04-23 14:00:00,59.18,
2018-04-23 14:15:00,65.99,
2018-04-23 14:30:00,61.27,
2018-04-23 14:45:00,51.3,
2018-04-23 15:00:00,49.54,
2018-04-23 15:15:00,59.72,
2018-04-23 15:30:00,61.24,
2018-04-23 15:45:00,46.8,
2018-04-23 16:00:00,54.22,
2018-04-23 16:15:00,56.27,
2018-04-23 16:30:00,47.2,
2018-04-23 16:45:00,61.2,
2018-04-23 17:00:00,55.26,
2018-04-23 17:15:00,50.83,
2018-04-23 17:30:00,41.44,
2018-04-23 17:45:00,29.38,
2018-04-23 18:00:00,30.89,
2018-04-23 18:15:00,32.29,
2018-04-23 18:30:00,41.62,
2018-04-23 18:45:00,43.31,
2018-04-23 19:00:00,39.92,
2018-04-23 19:15:00,44.68,
2018-04-23 19:30:00,43.85,
2018-04-23 19:45:00,40.75,
2018-04-23 20:00:00,42.98,
2018-04-23 20:15:00,40.46,
2018-04-23 20:30:00,41.22,
2018-04-23 20:45:00,40.57,
2018-04-23 21:00:00,17.17,
2018-04-23 21:15:00,5.4,
2018-04-23 21:30:00,5.4,
2018-04-23 21:45:00,5.4,
2018-04-23 22:00:00,5.0,
2018-04-23 22:15:00,4.07,
2018-04-23 22:30:00,3.82,
2018-04-23 22:45:00,3.82,
2018-04-23 23:00:00,3.78,
2018-04-23 23:15:00,3.71,
2018-04-23 23:30:00,3.78,
2018-04-23 23:45:00,3.78,
2018-04-24 00:00:00,3.6,
2018-04-24 00:15:00,3.78,
2018-04-24 00:30:00,3.82,
2018-04-24 00:45:00,3.89,
2018-04-24 01:00:00,3.82,
2018-04-24 01:15:00,3.82,
2018-04-24 01:30:00,3.24,
2018-04-24 01:45:00,3.2,
2018-04-24 02:00:00,3.28,
2018-04-24 02:15:00,3.64,
2018-04-24 02:30:00,3.71,
2018-04-24 02:45:00,3.2,
2018-04-24 03:00:00,3.2,
2018-04-24 03:15:00,3.42,
2018-04-24 03:30:00,3.24,
2018-04-24 03:45:00,3.2,
2018-04-24 04:00:00,3.2,
2018-04-24 04:15:00,3.35,
2018-04-24 04:30:00,3.6,
2018-04-24 04:45:00,3.2,
2018-04-24 05:00:00,3.17,
2018-04-24 05:15:00,3.17,
2018-04-24 05:30:00,3.2,
2018-04-24 05:45:00,3.2,
2018-04-24 06:00:00,3.2,
2018-04-24 06:15:00,3.13,
2018-04-24 06:30:00,3.1,
2018-04-24 06:45:00,3.46,
2018-04-24 07:00:00,3.46,
2018-04-24 07:15:00,3.46,
2018-04-24 07:30:00,4.43,
2018-04-24 07:45:00,4.61,
2018-04-24 08:00:00,5.76,
2018-04-24 08:15:00,37.15,
2018-04-24 08:30:00,47.05,
2018-04-24 08:45:00,55.15,
2018-04-24 09:00:00,47.09,
2018-04-24 09:15:00,49.43,
2018-04-24 09:30:00,53.5,
2018-04-24 09:45:00,58.54,
2018-04-24 10:00:00,58.82,
2018-04-24 10:15:00,48.35,
2018-04-24 10:30:00,49.28,
2018-04-24 10:45:00,47.27,
2018-04-24 11:00:00,48.49,
2018-04-24 11:15:00,58.93,
2018-04-24 11:30:00,60.05,
2018-04-24 11:45:00,61.6,
2018-04-24 12:00:00,55.69,
2018-04-24 12:15:00,9.76,
2018-04-24 12:30:00,4.68,
2018-04-24 12:45:00,5.15,
2018-04-24 13:00:00,4.79,
2018-04-24 13:15:00,32.11,
2018-04-24 13:30:00,58.9,
2018-04-24 13:45:00,52.42,
2018-04-24 14:00:00,55.51,
2018-04-24 14:15:00,57.67,
2018-04-24 14:30:00,46.04,
2018-04-24 14:45:00,42.12,
2018-04-24 15:00:00,54.65,
2018-04-24 15:15:00,56.45,
2018-04-24 15:30:00,54.58,
2018-04-24 15:45:00,56.27,
2018-04-24 16:00:00,57.85,
2018-04-24 16:15:00,57.1,
2018-04-24 16:30:00,64.19,
2018-04-24 16:45:00,68.04,
2018-04-24 17:00:00,71.46,
2018-04-24 17:15:00,66.71,
2018-04-24 17:30:00,69.84,
2018-04-24 17:45:00,32.76,
2018-04-24 18:00:00,30.02,
2018-04-24 18:15:00,50.98,
2018-04-24 18:30:00,80.64,
2018-04-24 18:45:00,66.71,
2018-04-24 19:00:00,83.81,
2018-04-24 19:15:00,52.16,
2018-04-24 19:30:00,43.56,
2018-04-24 19:45:00,57.1,
2018-04-24 20:00:00,47.34,
2018-04-24 20:15:00,86.26,
2018-04-24 20:30:00,85.97,
2018-04-24 20:45:00,63.83,
2018-04-24 21:00:00,57.49,
2018-04-24 21:15:00,7.6,
2018-04-24 21:30:00,5.26,
2018-04-24 21:45:00,5.15,
2018-04-24 22:00:00,4.61,
2018-04-24 22:15:00,3.92,
2018-04-24 22:30:00,3.74,
2018-04-24 22:45:00,3.74,
2018-04-24 23:00:00,3.64,
2018-04-24 23:15:00,3.6,
2018-04-24 23:30:00,3.6,
2018-04-24 23:45:00,3.6,
2018-04-25 00:00:00,3.6,
2018-04-25 00:15:00,3.56,
2018-04-25 00:30:00,3.64,
2018-04-25 00:45:00,3.6,
2018-04-25 01:00:00,3.6,
2018-04-25 01:15:00,3.64,
2018-04-25 01:30:00,3.6,
2018-04-25 01:45:00,3.6,
2018-04-25 02:00:00,3.2,
2018-04-25 02:15:00,3.02,
2018-04-25 02:30:00,3.24,
2018-04-25 02:45:00,3.67,
2018-04-25 03:00:00,3.13,
2018-04-25 03:15:00,3.06,
2018-04-25 03:30:00,3.02,
2018-04-25 03:45:00,3.02,
2018-04-25 04:00:00,3.1,
2018-04-25 04:15:00,3.06,
2018-04-25 04:30:00,3.02,
2018-04-25 04:45:00,3.06,
2018-04-25 05:00:00,3.1,
2018-04-25 05:15:00,3.17,
2018-04-25 05:30:00,3.31,
2018-04-25 05:45:00,3.71,
2018-04-25 06:00:00,3.13,
2018-04-25 06:15:00,3.1,
2018-04-25 06:30:00,3.1,
2018-04-25 06:45:00,3.31,
2018-04-25 07:00:00,3.67,
2018-04-25 07:15:00,3.2,
2018-04-25 07:30:00,3.46,
2018-04-25 07:45:00,3.74,
2018-04-25 08:00:00,4.57,
2018-04-25 08:15:00,57.35,
2018-04-25 08:30:00,103.21,
2018-04-25 08:45:00,91.84,
2018-04-25 09:00:00,85.82,
2018-04-25 09:15:00,60.52,
2018-04-25 09:30:00,113.29,
2018-04-25 09:45:00,53.64,
2018-04-25 10:00:00,63.14,
2018-04-25 10:15:00,61.52,
2018-04-25 10:30:00,49.54,
2018-04-25 10:45:00,49.25,
2018-04-25 11:00:00,106.56,
2018-04-25 11:15:00,78.08,
2018-04-25 11:30:00,80.96,
2018-04-25 11:45:00,43.7,
2018-04-25 12:00:00,39.38,
2018-04-25 12:15:00,10.19,
2018-04-25 12:30:00,4.68,
2018-04-25 12:45:00,4.64,
2018-04-25 13:00:00,4.0,
2018-04-25 13:15:00,23.9,
2018-04-25 13:30:00,72.0,
2018-04-25 13:45:00,53.64,
2018-04-25 14:00:00,79.99,
2018-04-25 14:15:00,59.62,
2018-04-25 14:30:00,72.4,
2018-04-25 14:45:00,55.58,
2018-04-25 15:00:00,77.69,
2018-04-25 15:15:00,58.61,
2018-04-25 15:30:00,75.38,
2018-04-25 15:45:00,62.89,
2018-04-25 16:00:00,60.3,
2018-04-25 16:15:00,49.54,
2018-04-25 16:30:00,86.83,
2018-04-25 16:45:00,117.68,
2018-04-25 17:00:00,60.91,
2018-04-25 17:15:00,76.25,
2018-04-25 17:30:00,104.58,
2018-04-25 17:45:00,62.93,
2018-04-25 18:00:00,40.25,
2018-04-25 18:15:00,52.27,
2018-04-25 18:30:00,45.29,
2018-04-25 18:45:00,42.37,
2018-04-25 19:00:00,86.51,
2018-04-25 19:15:00,66.78,
2018-04-25 19:30:00,80.35,
2018-04-25 19:45:00,98.53,
2018-04-25 20:00:00,53.57,
2018-04-25 20:15:00,84.56,
2018-04-25 20:30:00,101.27,
2018-04-25 20:45:00,49.36,
2018-04-25 21:00:00,35.46,
2018-04-25 21:15:00,5.22,
2018-04-25 21:30:00,5.29,
2018-04-25 21:45:00,5.22,
2018-04-25 22:00:00,4.25,
2018-04-25 22:15:00,4.0,
2018-04-25 22:30:00,3.78,
2018-04-25 22:45:00,3.67,
2018-04-25 23:00:00,3.64,
2018-04-25 23:15:00,3.64,
2018-04-25 23:30:00,3.6,
2018-04-25 23:45:00,3.67,
2018-04-26 00:00:00,3.56,
2018-04-26 00:15:00,3.64,
2018-04-26 00:30:00,3.67,
2018-04-26 00:45:00,3.67,
2018-04-26 01:00:00,3.71,
2018-04-26 01:15:00,3.67,
2018-04-26 01:30:00,3.24,
2018-04-26 01:45:00,3.2,
2018-04-26 02:00:00,3.74,
2018-04-26 02:15:00,3.42,
2018-04-26 02:30:00,3.13,
2018-04-26 02:45:00,3.13,
2018-04-26 03:00:00,3.1,
2018-04-26 03:15:00,3.13,
2018-04-26 03:30:00,3.1,
2018-04-26 03:45:00,3.17,
2018-04-26 04:00:00,3.1,
2018-04-26 04:15:00,3.6,
2018-04-26 04:30:00,3.13,
2018-04-26 04:45:00,3.1,
2018-04-26 05:00:00,3.2,
2018-04-26 05:15:00,3.13,
2018-04-26 05:30:00,3.13,
2018-04-26 05:45:00,3.13,
2018-04-26 06:00:00,3.17,
2018-04-26 06:15:00,3.38,
2018-04-26 06:30:00,3.6,
2018-04-26 06:45:00,3.42,
2018-04-26 07:00:00,3.64,
2018-04-26 07:15:00,3.06,
2018-04-26 07:30:00,3.42,
2018-04-26 07:45:00,4.28,
2018-04-26 08:00:00,16.88,
2018-04-26 08:15:00,93.53,
2018-04-26 08:30:00,128.05,
2018-04-26 08:45:00,93.71,
2018-04-26 09:00:00,73.08,
2018-04-26 09:15:00,87.73,
2018-04-26 09:30:00,111.74,
2018-04-26 09:45:00,106.74,
2018-04-26 10:00:00,132.41,
2018-04-26 10:15:00,118.98,
2018-04-26 10:30:00,76.9,
2018-04-26 10:45:00,111.64,
2018-04-26 11:00:00,104.26,
2018-04-26 11:15:00,107.06,
2018-04-26 11:30:00,110.45,
2018-04-26 11:45:00,67.43,
2018-04-26 12:00:00,129.6,
2018-04-26 12:15:00,10.22,
2018-04-26 12:30:00,6.12,
2018-04-26 12:45:00,6.48,
2018-04-26 13:00:00,5.29,
2018-04-26 13:15:00,77.9,
2018-04-26 13:30:00,75.92,
2018-04-26 13:45:00,53.71,
2018-04-26 14:00:00,55.58,
2018-04-26 14:15:00,44.78,
2018-04-26 14:30:00,38.77,
2018-04-26 14:45:00,39.31,
2018-04-26 15:00:00,53.35,
2018-04-26 15:15:00,51.8,
2018-04-26 15:30:00,43.6,
2018-04-26 15:45:00,55.58,
2018-04-26 16:00:00,48.17,
2018-04-26 16:15:00,51.08,
2018-04-26 16:30:00,63.54,
2018-04-26 16:45:00,72.83,
2018-04-26 17:00:00,59.87,
2018-04-26 17:15:00,114.88,
2018-04-26 17:30:00,98.75,
2018-04-26 17:45:00,52.38,
2018-04-26 18:00:00,33.26,
2018-04-26 18:15:00,84.28,
2018-04-26 18:30:00,104.33,
2018-04-26 18:45:00,84.6,
2018-04-26 19:00:00,129.78,
2018-04-26 19:15:00,94.46,
2018-04-26 19:30:00,119.34,
2018-04-26 19:45:00,89.06,
2018-04-26 20:00:00,94.5,
2018-04-26 20:15:00,85.61,
2018-04-26 20:30:00,95.62,
2018-04-26 20:45:00,48.96,
2018-04-26 21:00:00,50.33,
2018-04-26 21:15:00,11.23,
2018-04-26 21:30:00,5.47,
2018-04-26 21:45:00,4.25,
2018-04-26 22:00:00,4.0,
2018-04-26 22:15:00,3.82,
2018-04-26 22:30:00,3.64,
2018-04-26 22:45:00,3.56,
2018-04-26 23:00:00,3.6,
2018-04-26 23:15:00,3.6,
2018-04-26 23:30:00,3.49,
2018-04-26 23:45:00,3.53,
2018-04-27 00:00:00,3.24,
2018-04-27 00:15:00,3.56,
2018-04-27 00:30:00,3.64,
2018-04-27 00:45:00,3.56,
2018-04-27 01:00:00,3.56,
2018-04-27 01:15:00,3.56,
2018-04-27 01:30:00,3.82,
2018-04-27 01:45:00,4.72,
2018-04-27 02:00:00,3.89,
2018-04-27 02:15:00,3.56,
2018-04-27 02:30:00,3.13,
2018-04-27 02:45:00,2.99,
2018-04-27 03:00:00,3.02,
2018-04-27 03:15:00,3.06,
2018-04-27 03:30:00,3.06,
2018-04-27 03:45:00,3.02,
2018-04-27 04:00:00,2.99,
2018-04-27 04:15:00,3.02,
2018-04-27 04:30:00,3.1,
2018-04-27 04:45:00,3.02,
2018-04-27 05:00:00,3.06,
2018-04-27 05:15:00,3.02,
2018-04-27 05:30:00,3.06,
2018-04-27 05:45:00,3.28,
2018-04-27 06:00:00,4.39,
2018-04-27 06:15:00,3.31,
2018-04-27 06:30:00,3.02,
2018-04-27 06:45:00,3.1,
2018-04-27 07:00:00,3.06,
2018-04-27 07:15:00,3.02,
2018-04-27 07:30:00,3.31,
2018-04-27 07:45:00,3.53,
2018-04-27 08:00:00,4.14,
2018-04-27 08:15:00,63.54,
2018-04-27 08:30:00,86.44,
2018-04-27 08:45:00,57.31,
2018-04-27 09:00:00,111.53,
2018-04-27 09:15:00,116.03,
2018-04-27 09:30:00,50.47,
2018-04-27 09:45:00,40.0,
2018-04-27 10:00:00,51.84,
2018-04-27 10:15:00,39.96,
2018-04-27 10:30:00,50.87,
2018-04-27 10:45:00,49.72,
2018-04-27 11:00:00,55.4,
2018-04-27 11:15:00,75.82,
2018-04-27 11:30:00,46.69,
2018-04-27 11:45:00,49.18,
2018-04-27 12:00:00,72.68,
2018-04-27 12:15:00,24.37,
2018-04-27 12:30:00,5.58,
2018-04-27 12:45:00,5.83,
2018-04-27 13:00:00,5.98,
2018-04-27 13:15:00,33.77,
2018-04-27 13:30:00,62.35,
2018-04-27 13:45:00,61.38,
2018-04-27 14:00:00,114.19,
2018-04-27 14:15:00,98.35,
2018-04-27 14:30:00,108.07,
2018-04-27 14:45:00,119.45,
2018-04-27 15:00:00,99.43,
2018-04-27 15:15:00,94.36,
2018-04-27 15:30:00,88.13,
2018-04-27 15:45:00,71.6,
2018-04-27 16:00:00,97.16,
2018-04-27 16:15:00,116.28,
2018-04-27 16:30:00,79.13,
2018-04-27 16:45:00,104.47,
2018-04-27 17:00:00,46.91,
2018-04-27 17:15:00,40.03,
2018-04-27 17:30:00,48.56,
2018-04-27 17:45:00,30.74,
2018-04-27 18:00:00,31.39,
2018-04-27 18:15:00,39.31,
2018-04-27 18:30:00,68.69,
2018-04-27 18:45:00,84.92,
2018-04-27 19:00:00,98.53,
2018-04-27 19:15:00,47.16,
2018-04-27 19:30:00,61.81,
2018-04-27 19:45:00,77.26,
2018-04-27 20:00:00,88.16,
2018-04-27 20:15:00,110.81,
2018-04-27 20:30:00,84.1,
2018-04-27 20:45:00,71.96,
2018-04-27 21:00:00,55.3,
2018-04-27 21:15:00,4.43,
2018-04-27 21:30:00,3.74,
2018-04-27 21:45:00,3.64,
2018-04-27 22:00:00,4.25,
2018-04-27 22:15:00,4.64,
2018-04-27 22:30:00,3.31,
2018-04-27 22:45:00,3.31,
2018-04-27 23:00:00,3.35,
2018-04-27 23:15:00,3.28,
2018-04-27 23:30:00,3.2,
2018-04-27 23:45:00,3.24,
2018-04-28 00:00:00,2.56,
2018-04-28 00:15:00,3.24,
2018-04-28 00:30:00,3.24,
2018-04-28 00:45:00,3.17,
2018-04-28 01:00:00,3.17,
2018-04-28 01:15:00,3.17,
2018-04-28 01:30:00,3.24,
2018-04-28 01:45:00,3.24,
2018-04-28 02:00:00,3.46,
2018-04-28 02:15:00,4.28,
2018-04-28 02:30:00,3.46,
2018-04-28 02:45:00,3.24,
2018-04-28 03:00:00,3.24,
2018-04-28 03:15:00,3.28,
2018-04-28 03:30:00,3.24,
2018-04-28 03:45:00,2.81,
2018-04-28 04:00:00,2.77,
2018-04-28 04:15:00,2.81,
2018-04-28 04:30:00,2.81,
2018-04-28 04:45:00,2.77,
2018-04-28 05:00:00,2.77,
2018-04-28 05:15:00,2.77,
2018-04-28 05:30:00,2.84,
2018-04-28 05:45:00,2.77,
2018-04-28 06:00:00,3.06,
2018-04-28 06:15:00,3.38,
2018-04-28 06:30:00,2.81,
2018-04-28 06:45:00,3.46,
2018-04-28 07:00:00,2.92,
2018-04-28 07:15:00,2.81,
2018-04-28 07:30:00,2.84,
2018-04-28 07:45:00,2.92,
2018-04-28 08:00:00,3.13,
2018-04-28 08:15:00,20.38,
2018-04-28 08:30:00,34.45,
2018-04-28 08:45:00,32.08,
2018-04-28 09:00:00,60.48,
2018-04-28 09:15:00,32.29,
2018-04-28 09:30:00,69.3,
2018-04-28 09:45:00,63.22,
2018-04-28 10:00:00,70.6,
2018-04-28 10:15:00,42.12,
2018-04-28 10:30:00,47.77,
2018-04-28 10:45:00,74.92,
2018-04-28 11:00:00,67.07,
2018-04-28 11:15:00,79.99,
2018-04-28 11:30:00,72.94,
2018-04-28 11:45:00,45.47,
2018-04-28 12:00:00,23.29,
2018-04-28 12:15:00,3.74,
2018-04-28 12:30:00,3.67,
2018-04-28 12:45:00,3.92,
2018-04-28 13:00:00,4.07,
2018-04-28 13:15:00,13.57,
2018-04-28 13:30:00,76.28,
2018-04-28 13:45:00,60.34,
2018-04-28 14:00:00,75.49,
2018-04-28 14:15:00,74.77,
2018-04-28 14:30:00,34.27,
2018-04-28 14:45:00,33.8,
2018-04-28 15:00:00,34.56,
2018-04-28 15:15:00,32.83,
2018-04-28 15:30:00,31.86,
2018-04-28 15:45:00,30.92,
2018-04-28 16:00:00,28.58,
2018-04-28 16:15:00,28.66,
2018-04-28 16:30:00,28.26,
2018-04-28 16:45:00,18.47,
2018-04-28 17:00:00,3.85,
2018-04-28 17:15:00,3.56,
2018-04-28 17:30:00,3.56,
2018-04-28 17:45:00,3.56,
2018-04-28 18:00:00,3.53,
2018-04-28 18:15:00,3.96,
2018-04-28 18:30:00,4.25,
2018-04-28 18:45:00,3.42,
2018-04-28 19:00:00,3.42,
2018-04-28 19:15:00,3.35,
2018-04-28 19:30:00,3.42,
2018-04-28 19:45:00,3.38,
2018-04-28 20:00:00,3.46,
2018-04-28 20:15:00,3.46,
2018-04-28 20:30:00,3.42,
2018-04-28 20:45:00,3.38,
2018-04-28 21:00:00,3.49,
2018-04-28 21:15:00,3.53,
2018-04-28 21:30:00,3.53,
2018-04-28 21:45:00,3.42,
2018-04-28 22:00:00,3.42,
2018-04-28 22:15:00,3.31,
2018-04-28 22:30:00,3.17,
2018-04-28 22:45:00,3.17,
2018-04-28 23:00:00,4.21,
2018-04-28 23:15:00,3.1,
2018-04-28 23:30:00,2.56,
2018-04-28 23:45:00,2.59,
2018-04-29 00:00:00,2.88,
2018-04-29 00:15:00,2.63,
2018-04-29 00:30:00,2.59,
2018-04-29 00:45:00,2.63,
2018-04-29 01:00:00,2.59,
2018-04-29 01:15:00,2.59,
2018-04-29 01:30:00,2.66,
2018-04-29 01:45:00,2.56,
2018-04-29 02:00:00,2.59,
2018-04-29 02:15:00,2.59,
2018-04-29 02:30:00,2.66,
2018-04-29 02:45:00,2.63,
2018-04-29 03:00:00,2.59,
2018-04-29 03:15:00,2.81,
2018-04-29 03:30:00,3.02,
2018-04-29 03:45:00,3.17,
2018-04-29 04:00:00,2.84,
2018-04-29 04:15:00,2.66,
2018-04-29 04:30:00,2.66,
2018-04-29 04:45:00,2.59,
2018-04-29 05:00:00,2.63,
2018-04-29 05:15:00,2.66,
2018-04-29 05:30:00,2.63,
2018-04-29 05:45:00,2.56,
2018-04-29 06:00:00,2.56,
2018-04-29 06:15:00,2.84,
2018-04-29 06:30:00,3.13,
2018-04-29 06:45:00,2.66,
2018-04-29 07:00:00,2.63,
2018-04-29 07:15:00,2.88,
2018-04-29 07:30:00,3.49,
2018-04-29 07:45:00,3.17,
2018-04-29 08:00:00,2.81,
2018-04-29 08:15:00,2.74,
2018-04-29 08:30:00,2.77,
2018-04-29 08:45:00,2.77,
2018-04-29 09:00:00,2.92,
2018-04-29 09:15:00,3.06,
2018-04-29 09:30:00,3.13,
2018-04-29 09:45:00,3.13,
2018-04-29 10:00:00,3.56,
2018-04-29 10:15:00,3.78,
2018-04-29 10:30:00,3.56,
2018-04-29 10:45:00,3.17,
2018-04-29 11:00:00,3.13,
2018-04-29 11:15:00,2.95,
2018-04-29 11:30:00,2.99,
2018-04-29 11:45:00,2.95,
2018-04-29 12:00:00,3.02,
2018-04-29 12:15:00,3.1,
2018-04-29 12:30:00,3.13,
2018-04-29 12:45:00,3.17,
2018-04-29 13:00:00,3.13,
2018-04-29 13:15:00,3.64,
2018-04-29 13:30:00,3.64,
2018-04-29 13:45:00,3.13,
2018-04-29 14:00:00,3.17,
2018-04-29 14:15:00,3.71,
2018-04-29 14:30:00,3.35,
2018-04-29 14:45:00,3.24,
2018-04-29 15:00:00,3.17,
2018-04-29 15:15:00,3.17,
2018-04-29 15:30:00,3.17,
2018-04-29 15:45:00,3.17,
2018-04-29 16:00:00,3.24,
2018-04-29 16:15:00,3.17,
2018-04-29 16:30:00,3.17,
2018-04-29 16:45:00,3.13,
2018-04-29 17:00:00,3.06,
2018-04-29 17:15:00,3.13,
2018-04-29 17:30:00,3.2,
2018-04-29 17:45:00,3.74,
2018-04-29 18:00:00,3.38,
2018-04-29 18:15:00,3.02,
2018-04-29 18:30:00,3.53,
2018-04-29 18:45:00,3.2,
2018-04-29 19:00:00,3.1,
2018-04-29 19:15:00,3.06,
2018-04-29 19:30:00,3.1,
2018-04-29 19:45:00,3.1,
2018-04-29 20:00:00,3.17,
2018-04-29 20:15:00,3.13,
2018-04-29 20:30:00,3.1,
2018-04-29 20:45:00,3.13,
2018-04-29 21:00:00,3.17,
2018-04-29 21:15:00,3.17,
2018-04-29 21:30:00,3.2,
2018-04-29 21:45:00,3.13,
2018-04-29 22:00:00,3.46,
2018-04-29 22:15:00,3.35,
2018-04-29 22:30:00,3.35,
2018-04-29 22:45:00,3.28,
2018-04-29 23:00:00,2.84,
2018-04-29 23:15:00,2.81,
2018-04-29 23:30:00,2.88,
2018-04-29 23:45:00,2.84,
2018-04-30 00:00:00,3.13,
2018-04-30 00:15:00,2.88,
2018-04-30 00:30:00,2.92,
2018-04-30 00:45:00,2.92,
2018-04-30 01:00:00,2.88,
2018-04-30 01:15:00,2.88,
2018-04-30 01:30:00,3.38,
2018-04-30 01:45:00,3.38,
2018-04-30 02:00:00,2.84,
2018-04-30 02:15:00,2.92,
2018-04-30 02:30:00,3.1,
2018-04-30 02:45:00,3.46,
2018-04-30 03:00:00,3.02,
2018-04-30 03:15:00,2.88,
2018-04-30 03:30:00,2.88,
2018-04-30 03:45:00,2.84,
2018-04-30 04:00:00,2.88,
2018-04-30 04:15:00,2.95,
2018-04-30 04:30:00,2.84,
2018-04-30 04:45:00,2.88,
2018-04-30 05:00:00,2.92,
2018-04-30 05:15:00,2.84,
2018-04-30 05:30:00,2.77,
2018-04-30 05:45:00,2.88,
2018-04-30 06:00:00,2.77,
2018-04-30 06:15:00,2.84,
2018-04-30 06:30:00,3.06,
2018-04-30 06:45:00,3.2,
2018-04-30 07:00:00,2.84,
2018-04-30 07:15:00,2.88,
2018-04-30 07:30:00,6.66,
2018-04-30 07:45:00,9.65,
2018-04-30 08:00:00,8.75,
2018-04-30 08:15:00,33.55,
2018-04-30 08:30:00,80.64,
2018-04-30 08:45:00,79.96,
2018-04-30 09:00:00,139.03,
2018-04-30 09:15:00,84.96,
2018-04-30 09:30:00,59.65,
2018-04-30 09:45:00,69.55,
2018-04-30 10:00:00,67.5,
2018-04-30 10:15:00,55.55,
2018-04-30 10:30:00,49.79,
2018-04-30 10:45:00,50.22,
2018-04-30 11:00:00,53.68,
2018-04-30 11:15:00,56.99,
2018-04-30 11:30:00,53.06,
2018-04-30 11:45:00,64.84,
2018-04-30 12:00:00,47.66,
2018-04-30 12:15:00,9.86,
2018-04-30 12:30:00,5.15,
2018-04-30 12:45:00,5.51,
2018-04-30 13:00:00,4.97,
2018-04-30 13:15:00,40.14,
2018-04-30 13:30:00,59.26,
2018-04-30 13:45:00,51.84,
2018-04-30 14:00:00,54.97,
2018-04-30 14:15:00,64.4,
2018-04-30 14:30:00,53.39,
2018-04-30 14:45:00,69.7,
2018-04-30 15:00:00,78.26,
2018-04-30 15:15:00,61.81,
2018-04-30 15:30:00,60.23,
2018-04-30 15:45:00,64.01,
2018-04-30 16:00:00,44.1,
2018-04-30 16:15:00,49.72,
2018-04-30 16:30:00,64.62,
2018-04-30 16:45:00,53.96,
2018-04-30 17:00:00,53.5,
2018-04-30 17:15:00,50.76,
2018-04-30 17:30:00,67.25,
2018-04-30 17:45:00,50.9,
2018-04-30 18:00:00,31.21,
2018-04-30 18:15:00,14.51,
2018-04-30 18:30:00,3.6,
2018-04-30 18:45:00,3.74,
2018-04-30 19:00:00,3.78,
2018-04-30 19:15:00,3.74,
2018-04-30 19:30:00,3.74,
2018-04-30 19:45:00,3.74,
2018-04-30 20:00:00,3.82,
2018-04-30 20:15:00,3.78,
2018-04-30 20:30:00,4.79,
2018-04-30 20:45:00,4.39,
2018-04-30 21:00:00,3.74,
2018-04-30 21:15:00,3.71,
2018-04-30 21:30:00,3.78,
2018-04-30 21:45:00,3.74,
2018-04-30 22:00:00,3.71,
2018-04-30 22:15:00,3.6,
2018-04-30 22:30:00,3.46,
2018-04-30 22:45:00,3.56,
2018-04-30 23:00:00,3.46,
2018-04-30 23:15:00,3.42,
2018-04-30 23:30:00,3.42,
2018-04-30 23:45:00,3.49,
2018-05-01 00:00:00,2.88,
2018-05-01 00:15:00,2.88,
2018-05-01 00:30:00,2.88,
2018-05-01 00:45:00,2.92,
2018-05-01 01:00:00,2.88,
2018-05-01 01:15:00,3.2,
2018-05-01 01:30:00,3.49,
2018-05-01 01:45:00,3.13,
2018-05-01 02:00:00,2.92,
2018-05-01 02:15:00,2.92,
2018-05-01 02:30:00,2.88,
2018-05-01 02:45:00,2.99,
2018-05-01 03:00:00,2.88,
2018-05-01 03:15:00,2.92,
2018-05-01 03:30:00,2.92,
2018-05-01 03:45:00,2.95,
2018-05-01 04:00:00,2.92,
2018-05-01 04:15:00,3.35,
2018-05-01 04:30:00,3.35,
2018-05-01 04:45:00,2.88,
2018-05-01 05:00:00,2.88,
2018-05-01 05:15:00,2.88,
2018-05-01 05:30:00,2.88,
2018-05-01 05:45:00,2.92,
2018-05-01 06:00:00,2.88,
2018-05-01 06:15:00,2.92,
2018-05-01 06:30:00,2.92,
2018-05-01 06:45:00,2.88,
2018-05-01 07:00:00,2.99,
2018-05-01 07:15:00,3.31,
2018-05-01 07:30:00,3.13,
2018-05-01 07:45:00,2.88,
2018-05-01 08:00:00,2.84,
2018-05-01 08:15:00,2.95,
2018-05-01 08:30:00,2.81,
2018-05-01 08:45:00,2.81,
2018-05-01 09:00:00,3.2,
2018-05-01 09:15:00,3.74,
2018-05-01 09:30:00,3.2,
2018-05-01 09:45:00,3.17,
2018-05-01 10:00:00,3.1,
2018-05-01 10:15:00,3.13,
2018-05-01 10:30:00,3.13,
2018-05-01 10:45:00,3.1,
2018-05-01 11:00:00,3.13,
2018-05-01 11:15:00,3.06,
2018-05-01 11:30:00,3.56,
2018-05-01 11:45:00,3.02,
2018-05-01 12:00:00,2.99,
2018-05-01 12:15:00,3.13,
2018-05-01 12:30:00,3.24,
2018-05-01 12:45:00,3.24,
2018-05-01 13:00:00,3.17,
2018-05-01 13:15:00,3.13,
2018-05-01 13:30:00,3.71,
2018-05-01 13:45:00,3.17,
2018-05-01 14:00:00,3.13,
2018-05-01 14:15:00,3.1,
2018-05-01 14:30:00,3.1,
2018-05-01 14:45:00,3.1,
2018-05-01 15:00:00,3.1,
2018-05-01 15:15:00,3.13,
2018-05-01 15:30:00,3.13,
2018-05-01 15:45:00,3.38,
2018-05-01 16:00:00,3.67,
2018-05-01 16:15:00,3.1,
2018-05-01 16:30:00,3.06,
2018-05-01 16:45:00,3.1,
2018-05-01 17:00:00,3.1,
2018-05-01 17:15:00,3.1,
2018-05-01 17:30:00,3.53,
2018-05-01 17:45:00,3.42,
2018-05-01 18:00:00,3.17,
2018-05-01 18:15:00,3.1,
2018-05-01 18:30:00,2.99,
2018-05-01 18:45:00,3.13,
2018-05-01 19:00:00,3.17,
2018-05-01 19:15:00,3.17,
2018-05-01 19:30:00,3.13,
2018-05-01 19:45:00,3.2,
2018-05-01 20:00:00,3.13,
2018-05-01 20:15:00,3.78,
2018-05-01 20:30:00,3.56,
2018-05-01 20:45:00,3.13,
2018-05-01 21:00:00,3.17,
2018-05-01 21:15:00,3.28,
2018-05-01 21:30:00,3.6,
2018-05-01 21:45:00,3.56,
2018-05-01 22:00:00,3.2,
2018-05-01 22:15:00,3.1,
2018-05-01 22:30:00,2.99,
2018-05-01 22:45:00,2.95,
2018-05-01 23:00:00,2.95,
2018-05-01 23:15:00,2.88,
2018-05-01 23:30:00,2.88,
2018-05-01 23:45:00,2.84,
2018-05-02 00:00:00,3.6,
2018-05-02 00:15:00,2.99,
2018-05-02 00:30:00,2.88,
2018-05-02 00:45:00,2.88,
2018-05-02 01:00:00,2.84,
2018-05-02 01:15:00,2.88,
2018-05-02 01:30:00,3.28,
2018-05-02 01:45:00,4.0,
2018-05-02 02:00:00,3.31,
2018-05-02 02:15:00,2.84,
2018-05-02 02:30:00,2.88,
2018-05-02 02:45:00,2.92,
2018-05-02 03:00:00,2.99,
2018-05-02 03:15:00,2.88,
2018-05-02 03:30:00,2.88,
2018-05-02 03:45:00,2.88,
2018-05-02 04:00:00,2.92,
2018-05-02 04:15:00,2.88,
2018-05-02 04:30:00,2.95,
2018-05-02 04:45:00,2.88,
2018-05-02 05:00:00,2.92,
2018-05-02 05:15:00,2.88,
2018-05-02 05:30:00,2.88,
2018-05-02 05:45:00,3.46,
2018-05-02 06:00:00,3.06,
2018-05-02 06:15:00,2.92,
2018-05-02 06:30:00,3.46,
2018-05-02 06:45:00,2.95,
2018-05-02 07:00:00,2.92,
2018-05-02 07:15:00,2.92,
2018-05-02 07:30:00,4.79,
2018-05-02 07:45:00,8.42,
2018-05-02 08:00:00,8.53,
2018-05-02 08:15:00,39.96,
2018-05-02 08:30:00,66.35,
2018-05-02 08:45:00,123.8,
2018-05-02 09:00:00,108.97,
2018-05-02 09:15:00,118.76,
2018-05-02 09:30:00,128.95,
2018-05-02 09:45:00,100.84,
2018-05-02 10:00:00,122.29,
2018-05-02 10:15:00,81.79,
2018-05-02 10:30:00,81.5,
2018-05-02 10:45:00,71.53,
2018-05-02 11:00:00,60.08,
2018-05-02 11:15:00,61.24,
2018-05-02 11:30:00,78.7,
2018-05-02 11:45:00,93.64,
2018-05-02 12:00:00,129.46,
2018-05-02 12:15:00,7.16,
2018-05-02 12:30:00,6.34,
2018-05-02 12:45:00,5.98,
2018-05-02 13:00:00,5.51,
2018-05-02 13:15:00,68.33,
2018-05-02 13:30:00,64.44,
2018-05-02 13:45:00,97.09,
2018-05-02 14:00:00,104.94,
2018-05-02 14:15:00,95.51,
2018-05-02 14:30:00,119.74,
2018-05-02 14:45:00,118.76,
2018-05-02 15:00:00,101.27,
2018-05-02 15:15:00,119.92,
2018-05-02 15:30:00,117.54,
2018-05-02 15:45:00,89.46,
2018-05-02 16:00:00,102.2,
2018-05-02 16:15:00,99.58,
2018-05-02 16:30:00,116.78,
2018-05-02 16:45:00,111.53,
2018-05-02 17:00:00,76.86,
2018-05-02 17:15:00,58.75,
2018-05-02 17:30:00,85.14,
2018-05-02 17:45:00,31.32,
2018-05-02 18:00:00,31.28,
2018-05-02 18:15:00,72.22,
2018-05-02 18:30:00,84.6,
2018-05-02 18:45:00,92.84,
2018-05-02 19:00:00,106.88,
2018-05-02 19:15:00,98.96,
2018-05-02 19:30:00,75.13,
2018-05-02 19:45:00,102.82,
2018-05-02 20:00:00,77.62,
2018-05-02 20:15:00,109.66,
2018-05-02 20:30:00,79.49,
2018-05-02 20:45:00,86.47,
2018-05-02 21:00:00,20.74,
2018-05-02 21:15:00,5.33,
2018-05-02 21:30:00,4.1,
2018-05-02 21:45:00,4.1,
2018-05-02 22:00:00,4.14,
2018-05-02 22:15:00,4.03,
2018-05-02 22:30:00,3.78,
2018-05-02 22:45:00,4.39,
2018-05-02 23:00:00,4.68,
2018-05-02 23:15:00,3.67,
2018-05-02 23:30:00,3.67,
2018-05-02 23:45:00,3.67,
2018-05-03 00:00:00,3.53,
2018-05-03 00:15:00,3.71,
2018-05-03 00:30:00,3.71,
2018-05-03 00:45:00,3.74,
2018-05-03 01:00:00,3.74,
2018-05-03 01:15:00,3.67,
2018-05-03 01:30:00,3.71,
2018-05-03 01:45:00,3.67,
2018-05-03 02:00:00,3.71,
2018-05-03 02:15:00,3.78,
2018-05-03 02:30:00,3.71,
2018-05-03 02:45:00,3.74,
2018-05-03 03:00:00,3.67,
2018-05-03 03:15:00,3.82,
2018-05-03 03:30:00,3.74,
2018-05-03 03:45:00,3.13,
2018-05-03 04:00:00,3.13,
2018-05-03 04:15:00,3.1,
2018-05-03 04:30:00,3.1,
2018-05-03 04:45:00,3.17,
2018-05-03 05:00:00,3.17,
2018-05-03 05:15:00,3.1,
2018-05-03 05:30:00,3.13,
2018-05-03 05:45:00,3.67,
2018-05-03 06:00:00,3.31,
2018-05-03 06:15:00,3.2,
2018-05-03 06:30:00,3.1,
2018-05-03 06:45:00,3.13,
2018-05-03 07:00:00,3.13,
2018-05-03 07:15:00,3.42,
2018-05-03 07:30:00,4.07,
2018-05-03 07:45:00,3.74,
2018-05-03 08:00:00,6.37,
2018-05-03 08:15:00,90.14,
2018-05-03 08:30:00,104.18,
2018-05-03 08:45:00,117.29,
2018-05-03 09:00:00,92.56,
2018-05-03 09:15:00,118.48,
2018-05-03 09:30:00,110.95,
2018-05-03 09:45:00,78.19,
2018-05-03 10:00:00,137.38,
2018-05-03 10:15:00,84.53,
2018-05-03 10:30:00,63.97,
2018-05-03 10:45:00,118.37,
2018-05-03 11:00:00,106.92,
2018-05-03 11:15:00,113.18,
2018-05-03 11:30:00,131.54,
2018-05-03 11:45:00,115.31,
2018-05-03 12:00:00,112.86,
2018-05-03 12:15:00,28.69,
2018-05-03 12:30:00,6.66,
2018-05-03 12:45:00,6.91,
2018-05-03 13:00:00,6.98,
2018-05-03 13:15:00,88.09,
2018-05-03 13:30:00,101.92,
2018-05-03 13:45:00,59.87,
2018-05-03 14:00:00,98.28,
2018-05-03 14:15:00,78.26,
2018-05-03 14:30:00,110.05,
2018-05-03 14:45:00,94.64,
2018-05-03 15:00:00,113.11,
2018-05-03 15:15:00,78.95,
2018-05-03 15:30:00,83.99,
2018-05-03 15:45:00,82.62,
2018-05-03 16:00:00,80.78,
2018-05-03 16:15:00,81.43,
2018-05-03 16:30:00,76.68,
2018-05-03 16:45:00,122.08,
2018-05-03 17:00:00,100.01,
2018-05-03 17:15:00,113.62,
2018-05-03 17:30:00,81.5,
2018-05-03 17:45:00,31.57,
2018-05-03 18:00:00,28.87,
2018-05-03 18:15:00,44.78,
2018-05-03 18:30:00,62.75,
2018-05-03 18:45:00,52.27,
2018-05-03 19:00:00,57.2,
2018-05-03 19:15:00,54.5,
2018-05-03 19:30:00,54.32,
2018-05-03 19:45:00,66.53,
2018-05-03 20:00:00,65.41,
2018-05-03 20:15:00,62.35,
2018-05-03 20:30:00,55.58,
2018-05-03 20:45:00,44.21,
2018-05-03 21:00:00,12.28,
2018-05-03 21:15:00,4.72,
2018-05-03 21:30:00,4.07,
2018-05-03 21:45:00,4.07,
2018-05-03 22:00:00,4.07,
2018-05-03 22:15:00,4.54,
2018-05-03 22:30:00,4.79,
2018-05-03 22:45:00,3.64,
2018-05-03 23:00:00,3.64,
2018-05-03 23:15:00,3.53,
2018-05-03 23:30:00,3.49,
2018-05-03 23:45:00,3.6,
2018-05-04 00:00:00,3.56,
2018-05-04 00:15:00,3.64,
2018-05-04 00:30:00,3.56,
2018-05-04 00:45:00,3.64,
2018-05-04 01:00:00,3.67,
2018-05-04 01:15:00,3.56,
2018-05-04 01:30:00,3.53,
2018-05-04 01:45:00,3.6,
2018-05-04 02:00:00,3.6,
2018-05-04 02:15:00,4.61,
2018-05-04 02:30:00,4.36,
2018-05-04 02:45:00,3.56,
2018-05-04 03:00:00,3.6,
2018-05-04 03:15:00,3.6,
2018-05-04 03:30:00,3.6,
2018-05-04 03:45:00,3.56,
2018-05-04 04:00:00,3.35,
2018-05-04 04:15:00,3.02,
2018-05-04 04:30:00,3.02,
2018-05-04 04:45:00,3.06,
2018-05-04 05:00:00,3.06,
2018-05-04 05:15:00,2.99,
2018-05-04 05:30:00,2.95,
2018-05-04 05:45:00,2.99,
2018-05-04 06:00:00,3.02,
2018-05-04 06:15:00,3.49,
2018-05-04 06:30:00,3.64,
2018-05-04 06:45:00,3.02,
2018-05-04 07:00:00,3.02,
2018-05-04 07:15:00,3.02,
2018-05-04 07:30:00,3.64,
2018-05-04 07:45:00,4.36,
2018-05-04 08:00:00,4.21,
2018-05-04 08:15:00,46.4,
2018-05-04 08:30:00,61.74,
2018-05-04 08:45:00,73.73,
2018-05-04 09:00:00,63.79,
2018-05-04 09:15:00,64.55,
2018-05-04 09:30:00,69.52,
2018-05-04 09:45:00,64.94,
2018-05-04 10:00:00,65.7,
2018-05-04 10:15:00,67.25,
2018-05-04 10:30:00,65.48,
2018-05-04 10:45:00,57.92,
2018-05-04 11:00:00,70.13,
2018-05-04 11:15:00,65.84,
2018-05-04 11:30:00,48.35,
2018-05-04 11:45:00,48.67,
2018-05-04 12:00:00,56.38,
2018-05-04 12:15:00,11.27,
2018-05-04 12:30:00,5.51,
2018-05-04 12:45:00,6.05,
2018-05-04 13:00:00,6.52,
2018-05-04 13:15:00,31.1,
2018-05-04 13:30:00,56.7,
2018-05-04 13:45:00,64.08,
2018-05-04 14:00:00,49.93,
2018-05-04 14:15:00,49.18,
2018-05-04 14:30:00,58.25,
2018-05-04 14:45:00,62.93,
2018-05-04 15:00:00,49.07,
2018-05-04 15:15:00,43.2,
2018-05-04 15:30:00,52.27,
2018-05-04 15:45:00,56.63,
2018-05-04 16:00:00,52.78,
2018-05-04 16:15:00,55.55,
2018-05-04 16:30:00,50.54,
2018-05-04 16:45:00,60.91,
2018-05-04 17:00:00,57.1,
2018-05-04 17:15:00,74.92,
2018-05-04 17:30:00,84.89,
2018-05-04 17:45:00,103.54,
2018-05-04 18:00:00,101.38,
2018-05-04 18:15:00,10.84,
2018-05-04 18:30:00,4.61,
2018-05-04 18:45:00,5.04,
2018-05-04 19:00:00,5.08,
2018-05-04 19:15:00,5.0,
2018-05-04 19:30:00,5.0,
2018-05-04 19:45:00,5.0,
2018-05-04 20:00:00,5.0,
2018-05-04 20:15:00,4.43,
2018-05-04 20:30:00,3.78,
2018-05-04 20:45:00,3.78,
2018-05-04 21:00:00,3.78,
2018-05-04 21:15:00,3.82,
2018-05-04 21:30:00,3.85,
2018-05-04 21:45:00,3.89,
2018-05-04 22:00:00,3.82,
2018-05-04 22:15:00,3.71,
2018-05-04 22:30:00,3.56,
2018-05-04 22:45:00,3.53,
2018-05-04 23:00:00,3.6,
2018-05-04 23:15:00,3.53,
2018-05-04 23:30:00,3.49,
2018-05-04 23:45:00,3.53,
2018-05-05 00:00:00,3.46,
2018-05-05 00:15:00,3.56,
2018-05-05 00:30:00,4.54,
2018-05-05 00:45:00,4.68,
2018-05-05 01:00:00,3.56,
2018-05-05 01:15:00,3.35,
2018-05-05 01:30:00,3.02,
2018-05-05 01:45:00,3.06,
2018-05-05 02:00:00,3.06,
2018-05-05 02:15:00,3.06,
2018-05-05 02:30:00,2.95,
2018-05-05 02:45:00,2.99,
2018-05-05 03:00:00,3.02,
2018-05-05 03:15:00,2.92,
2018-05-05 03:30:00,2.95,
2018-05-05 03:45:00,2.92,
2018-05-05 04:00:00,2.95,
2018-05-05 04:15:00,2.95,
2018-05-05 04:30:00,2.99,
2018-05-05 04:45:00,2.88,
2018-05-05 05:00:00,3.42,
2018-05-05 05:15:00,3.13,
2018-05-05 05:30:00,3.53,
2018-05-05 05:45:00,3.31,
2018-05-05 06:00:00,2.88,
2018-05-05 06:15:00,2.88,
2018-05-05 06:30:00,2.99,
2018-05-05 06:45:00,2.92,
2018-05-05 07:00:00,2.99,
2018-05-05 07:15:00,2.88,
2018-05-05 07:30:00,2.88,
2018-05-05 07:45:00,2.88,
2018-05-05 08:00:00,2.88,
2018-05-05 08:15:00,2.88,
2018-05-05 08:30:00,2.84,
2018-05-05 08:45:00,2.81,
2018-05-05 09:00:00,3.46,
2018-05-05 09:15:00,3.56,
2018-05-05 09:30:00,3.17,
2018-05-05 09:45:00,3.28,
2018-05-05 10:00:00,3.24,
2018-05-05 10:15:00,3.24,
2018-05-05 10:30:00,3.49,
2018-05-05 10:45:00,3.85,
2018-05-05 11:00:00,3.46,
2018-05-05 11:15:00,2.95,
2018-05-05 11:30:00,2.99,
2018-05-05 11:45:00,2.95,
2018-05-05 12:00:00,2.95,
2018-05-05 12:15:00,3.24,
2018-05-05 12:30:00,3.28,
2018-05-05 12:45:00,3.24,
2018-05-05 13:00:00,3.64,
2018-05-05 13:15:00,3.24,
2018-05-05 13:30:00,3.1,
2018-05-05 13:45:00,3.13,
2018-05-05 14:00:00,3.1,
2018-05-05 14:15:00,3.06,
2018-05-05 14:30:00,3.1,
2018-05-05 14:45:00,3.13,
2018-05-05 15:00:00,3.2,
2018-05-05 15:15:00,3.17,
2018-05-05 15:30:00,3.13,
2018-05-05 15:45:00,3.13,
2018-05-05 16:00:00,3.31,
2018-05-05 16:15:00,3.78,
2018-05-05 16:30:00,3.35,
2018-05-05 16:45:00,3.74,
2018-05-05 17:00:00,3.13,
2018-05-05 17:15:00,3.2,
2018-05-05 17:30:00,3.2,
2018-05-05 17:45:00,3.2,
2018-05-05 18:00:00,3.2,
2018-05-05 18:15:00,3.17,
2018-05-05 18:30:00,3.1,
2018-05-05 18:45:00,3.17,
2018-05-05 19:00:00,3.24,
2018-05-05 19:15:00,3.2,
2018-05-05 19:30:00,3.2,
2018-05-05 19:45:00,3.2,
2018-05-05 20:00:00,3.67,
2018-05-05 20:15:00,3.53,
2018-05-05 20:30:00,3.56,
2018-05-05 20:45:00,3.89,
2018-05-05 21:00:00,3.28,
2018-05-05 21:15:00,3.28,
2018-05-05 21:30:00,3.24,
2018-05-05 21:45:00,3.28,
2018-05-05 22:00:00,3.28,
2018-05-05 22:15:00,3.1,
2018-05-05 22:30:00,2.95,
2018-05-05 22:45:00,2.92,
2018-05-05 23:00:00,3.02,
2018-05-05 23:15:00,2.88,
2018-05-05 23:30:00,2.84,
2018-05-05 23:45:00,2.88,
2018-05-06 00:00:00,2.95,
2018-05-06 00:15:00,3.13,
2018-05-06 00:30:00,2.95,
2018-05-06 00:45:00,2.92,
2018-05-06 01:00:00,2.95,
2018-05-06 01:15:00,2.95,
2018-05-06 01:30:00,3.06,
2018-05-06 01:45:00,3.6,
2018-05-06 02:00:00,3.1,
2018-05-06 02:15:00,2.92,
2018-05-06 02:30:00,2.95,
2018-05-06 02:45:00,3.02,
2018-05-06 03:00:00,3.02,
2018-05-06 03:15:00,2.95,
2018-05-06 03:30:00,2.99,
2018-05-06 03:45:00,2.99,
2018-05-06 04:00:00,3.17,
2018-05-06 04:15:00,3.31,
2018-05-06 04:30:00,3.06,
2018-05-06 04:45:00,2.95,
2018-05-06 05:00:00,2.99,
2018-05-06 05:15:00,2.92,
2018-05-06 05:30:00,2.95,
2018-05-06 05:45:00,2.95,
2018-05-06 06:00:00,2.95,
2018-05-06 06:15:00,3.35,
2018-05-06 06:30:00,3.38,
2018-05-06 06:45:00,2.88,
2018-05-06 07:00:00,2.92,
2018-05-06 07:15:00,3.42,
2018-05-06 07:30:00,3.17,
2018-05-06 07:45:00,2.92,
2018-05-06 08:00:00,2.88,
2018-05-06 08:15:00,2.88,
2018-05-06 08:30:00,2.92,
2018-05-06 08:45:00,2.95,
2018-05-06 09:00:00,3.13,
2018-05-06 09:15:00,3.2,
2018-05-06 09:30:00,3.17,
2018-05-06 09:45:00,3.17,
2018-05-06 10:00:00,3.17,
2018-05-06 10:15:00,3.24,
2018-05-06 10:30:00,3.17,
2018-05-06 10:45:00,3.31,
2018-05-06 11:00:00,3.82,
2018-05-06 11:15:00,3.6,
2018-05-06 11:30:00,3.24,
2018-05-06 11:45:00,3.02,
2018-05-06 12:00:00,3.02,
2018-05-06 12:15:00,3.17,
2018-05-06 12:30:00,3.2,
2018-05-06 12:45:00,3.24,
2018-05-06 13:00:00,3.28,
2018-05-06 13:15:00,3.24,
2018-05-06 13:30:00,3.17,
2018-05-06 13:45:00,3.2,
2018-05-06 14:00:00,3.2,
2018-05-06 14:15:00,3.28,
2018-05-06 14:30:00,3.35,
2018-05-06 14:45:00,3.78,
2018-05-06 15:00:00,3.2,
2018-05-06 15:15:00,3.24,
2018-05-06 15:30:00,3.2,
2018-05-06 15:45:00,3.82,
2018-05-06 16:00:00,3.49,
2018-05-06 16:15:00,3.2,
2018-05-06 16:30:00,3.17,
2018-05-06 16:45:00,3.17,
2018-05-06 17:00:00,3.17,
2018-05-06 17:15:00,3.17,
2018-05-06 17:30:00,3.24,
2018-05-06 17:45:00,3.2,
2018-05-06 18:00:00,3.2,
2018-05-06 18:15:00,3.28,
2018-05-06 18:30:00,3.35,
2018-05-06 18:45:00,3.2,
2018-05-06 19:00:00,3.17,
2018-05-06 19:15:00,3.2,
2018-05-06 19:30:00,3.17,
2018-05-06 19:45:00,3.2,
2018-05-06 20:00:00,3.71,
2018-05-06 20:15:00,3.71,
2018-05-06 20:30:00,3.28,
2018-05-06 20:45:00,3.28,
2018-05-06 21:00:00,3.28,
2018-05-06 21:15:00,3.2,
2018-05-06 21:30:00,3.2,
2018-05-06 21:45:00,3.28,
2018-05-06 22:00:00,3.6,
2018-05-06 22:15:00,3.46,
2018-05-06 22:30:00,2.95,
2018-05-06 22:45:00,2.95,
2018-05-06 23:00:00,2.92,
2018-05-06 23:15:00,3.06,
2018-05-06 23:30:00,2.88,
2018-05-06 23:45:00,2.95,
2018-05-07 00:00:00,3.6,
2018-05-07 00:15:00,2.95,
2018-05-07 00:30:00,2.95,
2018-05-07 00:45:00,3.24,
2018-05-07 01:00:00,3.53,
2018-05-07 01:15:00,3.06,
2018-05-07 01:30:00,2.95,
2018-05-07 01:45:00,3.02,
2018-05-07 02:00:00,3.56,
2018-05-07 02:15:00,3.1,
2018-05-07 02:30:00,2.99,
2018-05-07 02:45:00,2.99,
2018-05-07 03:00:00,2.99,
2018-05-07 03:15:00,2.99,
2018-05-07 03:30:00,3.06,
2018-05-07 03:45:00,2.99,
2018-05-07 04:00:00,2.95,
2018-05-07 04:15:00,2.95,
2018-05-07 04:30:00,2.95,
2018-05-07 04:45:00,2.95,
2018-05-07 05:00:00,2.99,
2018-05-07 05:15:00,2.92,
2018-05-07 05:30:00,3.53,
2018-05-07 05:45:00,3.82,
2018-05-07 06:00:00,2.84,
2018-05-07 06:15:00,2.88,
2018-05-07 06:30:00,2.92,
2018-05-07 06:45:00,2.88,
2018-05-07 07:00:00,2.88,
2018-05-07 07:15:00,2.84,
2018-05-07 07:30:00,3.31,
2018-05-07 07:45:00,3.31,
2018-05-07 08:00:00,3.28,
2018-05-07 08:15:00,37.08,
2018-05-07 08:30:00,103.32,
2018-05-07 08:45:00,96.52,
2018-05-07 09:00:00,70.99,
2018-05-07 09:15:00,109.08,
2018-05-07 09:30:00,110.41,
2018-05-07 09:45:00,108.9,
2018-05-07 10:00:00,103.36,
2018-05-07 10:15:00,83.02,
2018-05-07 10:30:00,116.71,
2018-05-07 10:45:00,96.41,
2018-05-07 11:00:00,129.6,
2018-05-07 11:15:00,103.03,
2018-05-07 11:30:00,131.33,
2018-05-07 11:45:00,119.41,
2018-05-07 12:00:00,88.45,
2018-05-07 12:15:00,20.45,
2018-05-07 12:30:00,5.76,
2018-05-07 12:45:00,4.9,
2018-05-07 13:00:00,4.72,
2018-05-07 13:15:00,91.15,
2018-05-07 13:30:00,104.9,
2018-05-07 13:45:00,117.47,
2018-05-07 14:00:00,98.75,
2018-05-07 14:15:00,113.54,
2018-05-07 14:30:00,105.91,
2018-05-07 14:45:00,96.59,
2018-05-07 15:00:00,104.22,
2018-05-07 15:15:00,113.36,
2018-05-07 15:30:00,119.34,
2018-05-07 15:45:00,111.53,
2018-05-07 16:00:00,108.86,
2018-05-07 16:15:00,85.57,
2018-05-07 16:30:00,109.8,
2018-05-07 16:45:00,71.14,
2018-05-07 17:00:00,103.79,
2018-05-07 17:15:00,119.2,
2018-05-07 17:30:00,94.72,
2018-05-07 17:45:00,42.88,
2018-05-07 18:00:00,35.6,
2018-05-07 18:15:00,69.3,
2018-05-07 18:30:00,87.55,
2018-05-07 18:45:00,105.41,
2018-05-07 19:00:00,85.21,
2018-05-07 19:15:00,106.09,
2018-05-07 19:30:00,89.96,
2018-05-07 19:45:00,96.95,
2018-05-07 20:00:00,109.19,
2018-05-07 20:15:00,85.79,
2018-05-07 20:30:00,128.48,
2018-05-07 20:45:00,87.08,
2018-05-07 21:00:00,79.38,
2018-05-07 21:15:00,4.54,
2018-05-07 21:30:00,3.96,
2018-05-07 21:45:00,4.03,
2018-05-07 22:00:00,4.0,
2018-05-07 22:15:00,3.85,
2018-05-07 22:30:00,3.67,
2018-05-07 22:45:00,3.6,
2018-05-07 23:00:00,4.07,
2018-05-07 23:15:00,4.75,
2018-05-07 23:30:00,4.25,
2018-05-07 23:45:00,3.6,
2018-05-08 00:00:00,3.96,
2018-05-08 00:15:00,3.6,
2018-05-08 00:30:00,3.64,
2018-05-08 00:45:00,3.6,
2018-05-08 01:00:00,3.64,
2018-05-08 01:15:00,3.64,
2018-05-08 01:30:00,3.64,
2018-05-08 01:45:00,3.67,
2018-05-08 02:00:00,3.6,
2018-05-08 02:15:00,3.53,
2018-05-08 02:30:00,3.1,
2018-05-08 02:45:00,3.06,
2018-05-08 03:00:00,3.06,
2018-05-08 03:15:00,3.02,
2018-05-08 03:30:00,3.02,
2018-05-08 03:45:00,3.02,
2018-05-08 04:00:00,3.02,
2018-05-08 04:15:00,2.99,
2018-05-08 04:30:00,3.06,
2018-05-08 04:45:00,3.02,
2018-05-08 05:00:00,3.31,
2018-05-08 05:15:00,3.56,
2018-05-08 05:30:00,3.28,
2018-05-08 05:45:00,3.06,
2018-05-08 06:00:00,3.56,
2018-05-08 06:15:00,2.99,
2018-05-08 06:30:00,2.99,
2018-05-08 06:45:00,2.92,
2018-05-08 07:00:00,3.02,
2018-05-08 07:15:00,3.1,
2018-05-08 07:30:00,3.42,
2018-05-08 07:45:00,3.6,
2018-05-08 08:00:00,5.4,
2018-05-08 08:15:00,35.14,
2018-05-08 08:30:00,48.28,
2018-05-08 08:45:00,71.68,
2018-05-08 09:00:00,130.32,
2018-05-08 09:15:00,110.56,
2018-05-08 09:30:00,104.8,
2018-05-08 09:45:00,111.71,
2018-05-08 10:00:00,131.8,
2018-05-08 10:15:00,83.7,
2018-05-08 10:30:00,102.82,
2018-05-08 10:45:00,140.04,
2018-05-08 11:00:00,80.14,
2018-05-08 11:15:00,74.99,
2018-05-08 11:30:00,65.99,
2018-05-08 11:45:00,55.58,
2018-05-08 12:00:00,55.4,
2018-05-08 12:15:00,15.66,
2018-05-08 12:30:00,5.29,
2018-05-08 12:45:00,5.33,
2018-05-08 13:00:00,5.26,
2018-05-08 13:15:00,44.68,
2018-05-08 13:30:00,60.08,
2018-05-08 13:45:00,60.66,
2018-05-08 14:00:00,69.16,
2018-05-08 14:15:00,58.36,
2018-05-08 14:30:00,69.8,
2018-05-08 14:45:00,50.76,
2018-05-08 15:00:00,48.92,
2018-05-08 15:15:00,54.47,
2018-05-08 15:30:00,90.47,
2018-05-08 15:45:00,99.18,
2018-05-08 16:00:00,72.97,
2018-05-08 16:15:00,64.19,
2018-05-08 16:30:00,52.63,
2018-05-08 16:45:00,73.26,
2018-05-08 17:00:00,64.33,
2018-05-08 17:15:00,50.94,
2018-05-08 17:30:00,46.51,
2018-05-08 17:45:00,31.14,
2018-05-08 18:00:00,30.28,
2018-05-08 18:15:00,40.14,
2018-05-08 18:30:00,58.93,
2018-05-08 18:45:00,52.7,
2018-05-08 19:00:00,60.16,
2018-05-08 19:15:00,55.66,
2018-05-08 19:30:00,51.05,
2018-05-08 19:45:00,46.48,
2018-05-08 20:00:00,63.97,
2018-05-08 20:15:00,50.08,
2018-05-08 20:30:00,70.02,
2018-05-08 20:45:00,45.4,
2018-05-08 21:00:00,28.04,
2018-05-08 21:15:00,4.43,
2018-05-08 21:30:00,4.07,
2018-05-08 21:45:00,4.07,
2018-05-08 22:00:00,4.1,
2018-05-08 22:15:00,3.89,
2018-05-08 22:30:00,3.82,
2018-05-08 22:45:00,3.78,
2018-05-08 23:00:00,3.74,
2018-05-08 23:15:00,3.71,
2018-05-08 23:30:00,3.6,
2018-05-08 23:45:00,3.71,
2018-05-09 00:00:00,3.53,
2018-05-09 00:15:00,4.79,
2018-05-09 00:30:00,4.32,
2018-05-09 00:45:00,3.71,
2018-05-09 01:00:00,3.28,
2018-05-09 01:15:00,3.17,
2018-05-09 01:30:00,3.1,
2018-05-09 01:45:00,3.17,
2018-05-09 02:00:00,3.13,
2018-05-09 02:15:00,3.17,
2018-05-09 02:30:00,3.2,
2018-05-09 02:45:00,3.17,
2018-05-09 03:00:00,3.13,
2018-05-09 03:15:00,3.2,
2018-05-09 03:30:00,3.78,
2018-05-09 03:45:00,3.31,
2018-05-09 04:00:00,3.13,
2018-05-09 04:15:00,3.17,
2018-05-09 04:30:00,3.13,
2018-05-09 04:45:00,3.17,
2018-05-09 05:00:00,3.17,
2018-05-09 05:15:00,3.42,
2018-05-09 05:30:00,3.64,
2018-05-09 05:45:00,3.13,
2018-05-09 06:00:00,3.13,
2018-05-09 06:15:00,3.06,
2018-05-09 06:30:00,3.17,
2018-05-09 06:45:00,3.06,
2018-05-09 07:00:00,3.46,
2018-05-09 07:15:00,3.46,
2018-05-09 07:30:00,3.38,
2018-05-09 07:45:00,3.49,
2018-05-09 08:00:00,16.85,
2018-05-09 08:15:00,44.75,
2018-05-09 08:30:00,60.08,
2018-05-09 08:45:00,57.31,
2018-05-09 09:00:00,50.98,
2018-05-09 09:15:00,58.97,
2018-05-09 09:30:00,61.92,
2018-05-09 09:45:00,50.08,
2018-05-09 10:00:00,52.52,
2018-05-09 10:15:00,47.7,
2018-05-09 10:30:00,69.77,
2018-05-09 10:45:00,64.69,
2018-05-09 11:00:00,64.01,
2018-05-09 11:15:00,58.32,
2018-05-09 11:30:00,59.44,
2018-05-09 11:45:00,56.84,
2018-05-09 12:00:00,53.86,
2018-05-09 12:15:00,8.24,
2018-05-09 12:30:00,4.93,
2018-05-09 12:45:00,6.73,
2018-05-09 13:00:00,6.19,
2018-05-09 13:15:00,45.43,
2018-05-09 13:30:00,65.05,
2018-05-09 13:45:00,57.82,
2018-05-09 14:00:00,58.25,
2018-05-09 14:15:00,67.03,
2018-05-09 14:30:00,61.45,
2018-05-09 14:45:00,65.99,
2018-05-09 15:00:00,65.99,
2018-05-09 15:15:00,63.36,
2018-05-09 15:30:00,55.04,
2018-05-09 15:45:00,60.08,
2018-05-09 16:00:00,52.74,
2018-05-09 16:15:00,54.54,
2018-05-09 16:30:00,76.68,
2018-05-09 16:45:00,62.68,
2018-05-09 17:00:00,69.44,
2018-05-09 17:15:00,54.83,
2018-05-09 17:30:00,50.08,
2018-05-09 17:45:00,34.38,
2018-05-09 18:00:00,32.98,
2018-05-09 18:15:00,49.25,
2018-05-09 18:30:00,46.69,
2018-05-09 18:45:00,55.33,
2018-05-09 19:00:00,48.2,
2018-05-09 19:15:00,56.2,
2018-05-09 19:30:00,48.02,
2018-05-09 19:45:00,42.12,
2018-05-09 20:00:00,51.34,
2018-05-09 20:15:00,45.22,
2018-05-09 20:30:00,40.79,
2018-05-09 20:45:00,36.07,
2018-05-09 21:00:00,27.04,
2018-05-09 21:15:00,5.44,
2018-05-09 21:30:00,4.46,
2018-05-09 21:45:00,4.0,
2018-05-09 22:00:00,4.03,
2018-05-09 22:15:00,3.92,
2018-05-09 22:30:00,3.64,
2018-05-09 22:45:00,3.6,
2018-05-09 23:00:00,3.56,
2018-05-09 23:15:00,3.56,
2018-05-09 23:30:00,3.6,
2018-05-09 23:45:00,3.53,
2018-05-10 00:00:00,3.64,
2018-05-10 00:15:00,3.56,
2018-05-10 00:30:00,3.56,
2018-05-10 00:45:00,3.6,
2018-05-10 01:00:00,3.64,
2018-05-10 01:15:00,3.64,
2018-05-10 01:30:00,4.32,
2018-05-10 01:45:00,4.61,
2018-05-10 02:00:00,3.35,
2018-05-10 02:15:00,3.1,
2018-05-10 02:30:00,3.06,
2018-05-10 02:45:00,3.02,
2018-05-10 03:00:00,3.02,
2018-05-10 03:15:00,3.06,
2018-05-10 03:30:00,3.06,
2018-05-10 03:45:00,3.02,
2018-05-10 04:00:00,3.1,
2018-05-10 04:15:00,3.02,
2018-05-10 04:30:00,3.06,
2018-05-10 04:45:00,3.1,
2018-05-10 05:00:00,3.06,
2018-05-10 05:15:00,3.02,
2018-05-10 05:30:00,2.99,
2018-05-10 05:45:00,3.46,
2018-05-10 06:00:00,3.96,
2018-05-10 06:15:00,3.6,
2018-05-10 06:30:00,3.1,
2018-05-10 06:45:00,3.1,
2018-05-10 07:00:00,3.02,
2018-05-10 07:15:00,3.13,
2018-05-10 07:30:00,3.64,
2018-05-10 07:45:00,3.67,
2018-05-10 08:00:00,6.26,
2018-05-10 08:15:00,50.9,
2018-05-10 08:30:00,58.28,
2018-05-10 08:45:00,66.02,
2018-05-10 09:00:00,63.36,
2018-05-10 09:15:00,53.64,
2018-05-10 09:30:00,57.2,
2018-05-10 09:45:00,76.97,
2018-05-10 10:00:00,65.41,
2018-05-10 10:15:00,68.83,
2018-05-10 10:30:00,71.24,
2018-05-10 10:45:00,51.55,
2018-05-10 11:00:00,56.05,
2018-05-10 11:15:00,58.75,
2018-05-10 11:30:00,62.53,
2018-05-10 11:45:00,54.0,
2018-05-10 12:00:00,56.41,
2018-05-10 12:15:00,7.42,
2018-05-10 12:30:00,4.86,
2018-05-10 12:45:00,5.54,
2018-05-10 13:00:00,6.19,
2018-05-10 13:15:00,44.03,
2018-05-10 13:30:00,60.34,
2018-05-10 13:45:00,61.63,
2018-05-10 14:00:00,66.28,
2018-05-10 14:15:00,51.7,
2018-05-10 14:30:00,51.77,
2018-05-10 14:45:00,52.27,
2018-05-10 15:00:00,51.52,
2018-05-10 15:15:00,70.13,
2018-05-10 15:30:00,53.57,
2018-05-10 15:45:00,49.36,
2018-05-10 16:00:00,49.03,
2018-05-10 16:15:00,55.58,
2018-05-10 16:30:00,75.46,
2018-05-10 16:45:00,55.76,
2018-05-10 17:00:00,50.51,
2018-05-10 17:15:00,54.47,
2018-05-10 17:30:00,57.85,
2018-05-10 17:45:00,30.35,
2018-05-10 18:00:00,33.08,
2018-05-10 18:15:00,48.74,
2018-05-10 18:30:00,59.33,
2018-05-10 18:45:00,65.7,
2018-05-10 19:00:00,68.58,
2018-05-10 19:15:00,67.25,
2018-05-10 19:30:00,58.82,
2018-05-10 19:45:00,62.82,
2018-05-10 20:00:00,61.85,
2018-05-10 20:15:00,64.69,
2018-05-10 20:30:00,58.07,
2018-05-10 20:45:00,59.18,
2018-05-10 21:00:00,36.43,
2018-05-10 21:15:00,7.13,
2018-05-10 21:30:00,4.07,
2018-05-10 21:45:00,4.0,
2018-05-10 22:00:00,4.1,
2018-05-10 22:15:00,3.96,
2018-05-10 22:30:00,3.67,
2018-05-10 22:45:00,3.67,
2018-05-10 23:00:00,3.67,
2018-05-10 23:15:00,3.64,
2018-05-10 23:30:00,3.6,
2018-05-10 23:45:00,3.53,
2018-05-11 00:00:00,3.56,
2018-05-11 00:15:00,3.6,
2018-05-11 00:30:00,4.14,
2018-05-11 00:45:00,4.68,
2018-05-11 01:00:00,3.67,
2018-05-11 01:15:00,3.64,
2018-05-11 01:30:00,3.64,
2018-05-11 01:45:00,3.67,
2018-05-11 02:00:00,3.71,
2018-05-11 02:15:00,3.64,
2018-05-11 02:30:00,3.67,
2018-05-11 02:45:00,3.67,
2018-05-11 03:00:00,3.38,
2018-05-11 03:15:00,3.17,
2018-05-11 03:30:00,3.1,
2018-05-11 03:45:00,3.13,
2018-05-11 04:00:00,3.13,
2018-05-11 04:15:00,3.06,
2018-05-11 04:30:00,3.28,
2018-05-11 04:45:00,3.71,
2018-05-11 05:00:00,3.2,
2018-05-11 05:15:00,3.06,
2018-05-11 05:30:00,3.06,
2018-05-11 05:45:00,3.06,
2018-05-11 06:00:00,3.17,
2018-05-11 06:15:00,3.02,
2018-05-11 06:30:00,3.06,
2018-05-11 06:45:00,3.06,
2018-05-11 07:00:00,3.53,
2018-05-11 07:15:00,3.6,
2018-05-11 07:30:00,3.42,
2018-05-11 07:45:00,4.1,
2018-05-11 08:00:00,3.71,
2018-05-11 08:15:00,41.33,
2018-05-11 08:30:00,63.58,
2018-05-11 08:45:00,60.62,
2018-05-11 09:00:00,62.06,
2018-05-11 09:15:00,56.99,
2018-05-11 09:30:00,61.27,
2018-05-11 09:45:00,69.08,
2018-05-11 10:00:00,64.04,
2018-05-11 10:15:00,66.31,
2018-05-11 10:30:00,61.13,
2018-05-11 10:45:00,64.76,
2018-05-11 11:00:00,70.38,
2018-05-11 11:15:00,63.07,
2018-05-11 11:30:00,63.18,
2018-05-11 11:45:00,68.87,
2018-05-11 12:00:00,54.79,
2018-05-11 12:15:00,7.74,
2018-05-11 12:30:00,4.82,
2018-05-11 12:45:00,5.04,
2018-05-11 13:00:00,7.24,
2018-05-11 13:15:00,43.34,
2018-05-11 13:30:00,45.83,
2018-05-11 13:45:00,64.08,
2018-05-11 14:00:00,62.35,
2018-05-11 14:15:00,57.02,
2018-05-11 14:30:00,58.18,
2018-05-11 14:45:00,60.95,
2018-05-11 15:00:00,63.61,
2018-05-11 15:15:00,46.76,
2018-05-11 15:30:00,46.3,
2018-05-11 15:45:00,46.19,
2018-05-11 16:00:00,55.26,
2018-05-11 16:15:00,66.31,
2018-05-11 16:30:00,47.88,
2018-05-11 16:45:00,71.93,
2018-05-11 17:00:00,50.26,
2018-05-11 17:15:00,61.7,
2018-05-11 17:30:00,56.09,
2018-05-11 17:45:00,34.7,
2018-05-11 18:00:00,28.58,
2018-05-11 18:15:00,31.9,
2018-05-11 18:30:00,55.91,
2018-05-11 18:45:00,34.27,
2018-05-11 19:00:00,33.48,
2018-05-11 19:15:00,40.86,
2018-05-11 19:30:00,50.33,
2018-05-11 19:45:00,46.55,
2018-05-11 20:00:00,36.65,
2018-05-11 20:15:00,34.7,
2018-05-11 20:30:00,43.6,
2018-05-11 20:45:00,35.17,
2018-05-11 21:00:00,6.34,
2018-05-11 21:15:00,5.29,
2018-05-11 21:30:00,5.08,
2018-05-11 21:45:00,4.97,
2018-05-11 22:00:00,3.92,
2018-05-11 22:15:00,3.78,
2018-05-11 22:30:00,3.64,
2018-05-11 22:45:00,3.6,
2018-05-11 23:00:00,3.64,
2018-05-11 23:15:00,3.53,
2018-05-11 23:30:00,3.49,
2018-05-11 23:45:00,3.53,
2018-05-12 00:00:00,2.95,
2018-05-12 00:15:00,3.53,
2018-05-12 00:30:00,3.56,
2018-05-12 00:45:00,3.6,
2018-05-12 01:00:00,3.6,
2018-05-12 01:15:00,3.64,
2018-05-12 01:30:00,3.13,
2018-05-12 01:45:00,3.02,
2018-05-12 02:00:00,3.56,
2018-05-12 02:15:00,3.38,
2018-05-12 02:30:00,3.02,
2018-05-12 02:45:00,3.02,
2018-05-12 03:00:00,2.99,
2018-05-12 03:15:00,2.95,
2018-05-12 03:30:00,2.99,
2018-05-12 03:45:00,2.99,
2018-05-12 04:00:00,3.02,
2018-05-12 04:15:00,2.95,
2018-05-12 04:30:00,2.99,
2018-05-12 04:45:00,3.13,
2018-05-12 05:00:00,3.49,
2018-05-12 05:15:00,3.02,
2018-05-12 05:30:00,3.02,
2018-05-12 05:45:00,2.95,
2018-05-12 06:00:00,2.95,
2018-05-12 06:15:00,2.95,
2018-05-12 06:30:00,2.95,
2018-05-12 06:45:00,3.06,
2018-05-12 07:00:00,3.38,
2018-05-12 07:15:00,3.6,
2018-05-12 07:30:00,3.2,
2018-05-12 07:45:00,3.17,
2018-05-12 08:00:00,3.17,
2018-05-12 08:15:00,3.82,
2018-05-12 08:30:00,6.01,
2018-05-12 08:45:00,5.83,
2018-05-12 09:00:00,5.04,
2018-05-12 09:15:00,5.18,
2018-05-12 09:30:00,5.18,
2018-05-12 09:45:00,5.15,
2018-05-12 10:00:00,5.33,
2018-05-12 10:15:00,20.56,
2018-05-12 10:30:00,23.4,
2018-05-12 10:45:00,22.97,
2018-05-12 11:00:00,22.79,
2018-05-12 11:15:00,22.68,
2018-05-12 11:30:00,22.79,
2018-05-12 11:45:00,21.24,
2018-05-12 12:00:00,21.06,
2018-05-12 12:15:00,20.2,
2018-05-12 12:30:00,6.12,
2018-05-12 12:45:00,3.85,
2018-05-12 13:00:00,4.07,
2018-05-12 13:15:00,17.28,
2018-05-12 13:30:00,24.84,
2018-05-12 13:45:00,24.77,
2018-05-12 14:00:00,23.98,
2018-05-12 14:15:00,24.8,
2018-05-12 14:30:00,24.59,
2018-05-12 14:45:00,24.88,
2018-05-12 15:00:00,24.23,
2018-05-12 15:15:00,25.7,
2018-05-12 15:30:00,25.74,
2018-05-12 15:45:00,21.92,
2018-05-12 16:00:00,4.39,
2018-05-12 16:15:00,5.18,
2018-05-12 16:30:00,4.07,
2018-05-12 16:45:00,3.67,
2018-05-12 17:00:00,3.74,
2018-05-12 17:15:00,3.82,
2018-05-12 17:30:00,3.67,
2018-05-12 17:45:00,3.71,
2018-05-12 18:00:00,3.78,
2018-05-12 18:15:00,3.53,
2018-05-12 18:30:00,3.6,
2018-05-12 18:45:00,3.67,
2018-05-12 19:00:00,3.74,
2018-05-12 19:15:00,3.74,
2018-05-12 19:30:00,3.74,
2018-05-12 19:45:00,3.82,
2018-05-12 20:00:00,3.74,
2018-05-12 20:15:00,3.78,
2018-05-12 20:30:00,3.82,
2018-05-12 20:45:00,3.78,
2018-05-12 21:00:00,3.74,
2018-05-12 21:15:00,3.82,
2018-05-12 21:30:00,3.53,
2018-05-12 21:45:00,3.17,
2018-05-12 22:00:00,3.31,
2018-05-12 22:15:00,3.64,
2018-05-12 22:30:00,3.31,
2018-05-12 22:45:00,2.92,
2018-05-12 23:00:00,2.95,
2018-05-12 23:15:00,2.81,
2018-05-12 23:30:00,2.88,
2018-05-12 23:45:00,2.88,
2018-05-13 00:00:00,2.92,
2018-05-13 00:15:00,2.88,
2018-05-13 00:30:00,2.88,
2018-05-13 00:45:00,2.92,
2018-05-13 01:00:00,2.95,
2018-05-13 01:15:00,2.95,
2018-05-13 01:30:00,2.95,
2018-05-13 01:45:00,2.95,
2018-05-13 02:00:00,3.46,
2018-05-13 02:15:00,3.06,
2018-05-13 02:30:00,2.99,
2018-05-13 02:45:00,3.06,
2018-05-13 03:00:00,2.95,
2018-05-13 03:15:00,2.95,
2018-05-13 03:30:00,2.95,
2018-05-13 03:45:00,3.28,
2018-05-13 04:00:00,3.56,
2018-05-13 04:15:00,2.95,
2018-05-13 04:30:00,2.92,
2018-05-13 04:45:00,2.95,
2018-05-13 05:00:00,2.92,
2018-05-13 05:15:00,2.88,
2018-05-13 05:30:00,3.17,
2018-05-13 05:45:00,3.46,
2018-05-13 06:00:00,2.88,
2018-05-13 06:15:00,2.88,
2018-05-13 06:30:00,2.92,
2018-05-13 06:45:00,2.95,
2018-05-13 07:00:00,2.95,
2018-05-13 07:15:00,2.88,
2018-05-13 07:30:00,2.92,
2018-05-13 07:45:00,2.88,
2018-05-13 08:00:00,2.84,
2018-05-13 08:15:00,2.92,
2018-05-13 08:30:00,3.31,
2018-05-13 08:45:00,3.49,
2018-05-13 09:00:00,3.02,
2018-05-13 09:15:00,3.13,
2018-05-13 09:30:00,3.2,
2018-05-13 09:45:00,3.24,
2018-05-13 10:00:00,3.71,
2018-05-13 10:15:00,3.2,
2018-05-13 10:30:00,3.13,
2018-05-13 10:45:00,3.13,
2018-05-13 11:00:00,3.13,
2018-05-13 11:15:00,3.06,
2018-05-13 11:30:00,2.99,
2018-05-13 11:45:00,2.99,
2018-05-13 12:00:00,3.06,
2018-05-13 12:15:00,3.17,
2018-05-13 12:30:00,3.17,
2018-05-13 12:45:00,3.28,
2018-05-13 13:00:00,3.17,
2018-05-13 13:15:00,3.13,
2018-05-13 13:30:00,3.1,
2018-05-13 13:45:00,3.1,
2018-05-13 14:00:00,3.31,
2018-05-13 14:15:00,3.67,
2018-05-13 14:30:00,3.56,
2018-05-13 14:45:00,3.78,
2018-05-13 15:00:00,3.13,
2018-05-13 15:15:00,3.13,
2018-05-13 15:30:00,3.13,
2018-05-13 15:45:00,3.2,
2018-05-13 16:00:00,3.13,
2018-05-13 16:15:00,3.13,
2018-05-13 16:30:00,3.17,
2018-05-13 16:45:00,3.13,
2018-05-13 17:00:00,3.13,
2018-05-13 17:15:00,3.28,
2018-05-13 17:30:00,3.2,
2018-05-13 17:45:00,3.2,
2018-05-13 18:00:00,3.17,
2018-05-13 18:15:00,3.53,
2018-05-13 18:30:00,3.2,
2018-05-13 18:45:00,3.2,
2018-05-13 19:00:00,3.13,
2018-05-13 19:15:00,3.2,
2018-05-13 19:30:00,3.2,
2018-05-13 19:45:00,3.17,
2018-05-13 20:00:00,3.24,
2018-05-13 20:15:00,3.85,
2018-05-13 20:30:00,3.49,
2018-05-13 20:45:00,3.2,
2018-05-13 21:00:00,3.2,
2018-05-13 21:15:00,3.2,
2018-05-13 21:30:00,3.2,
2018-05-13 21:45:00,3.17,
2018-05-13 22:00:00,3.64,
2018-05-13 22:15:00,3.38,
2018-05-13 22:30:00,2.92,
2018-05-13 22:45:00,2.95,
2018-05-13 23:00:00,2.92,
2018-05-13 23:15:00,2.92,
2018-05-13 23:30:00,2.95,
2018-05-13 23:45:00,2.92,
2018-05-14 00:00:00,4.54,
2018-05-14 00:15:00,2.99,
2018-05-14 00:30:00,2.99,
2018-05-14 00:45:00,2.92,
2018-05-14 01:00:00,3.49,
2018-05-14 01:15:00,3.35,
2018-05-14 01:30:00,3.38,
2018-05-14 01:45:00,3.38,
2018-05-14 02:00:00,2.95,
2018-05-14 02:15:00,2.88,
2018-05-14 02:30:00,2.95,
2018-05-14 02:45:00,3.06,
2018-05-14 03:00:00,2.99,
2018-05-14 03:15:00,2.95,
2018-05-14 03:30:00,2.95,
2018-05-14 03:45:00,2.99,
2018-05-14 04:00:00,2.99,
2018-05-14 04:15:00,3.02,
2018-05-14 04:30:00,2.92,
2018-05-14 04:45:00,2.99,
2018-05-14 05:00:00,2.99,
2018-05-14 05:15:00,2.88,
2018-05-14 05:30:00,2.95,
2018-05-14 05:45:00,3.2,
2018-05-14 06:00:00,3.49,
2018-05-14 06:15:00,3.24,
2018-05-14 06:30:00,3.17,
2018-05-14 06:45:00,2.95,
2018-05-14 07:00:00,2.95,
2018-05-14 07:15:00,2.92,
2018-05-14 07:30:00,3.49,
2018-05-14 07:45:00,3.46,
2018-05-14 08:00:00,3.35,
2018-05-14 08:15:00,23.08,
2018-05-14 08:30:00,49.36,
2018-05-14 08:45:00,58.1,
2018-05-14 09:00:00,47.59,
2018-05-14 09:15:00,51.08,
2018-05-14 09:30:00,56.81,
2018-05-14 09:45:00,57.02,
2018-05-14 10:00:00,66.13,
2018-05-14 10:15:00,48.96,
2018-05-14 10:30:00,61.52,
2018-05-14 10:45:00,61.42,
2018-05-14 11:00:00,51.59,
2018-05-14 11:15:00,51.05,
2018-05-14 11:30:00,57.74,
2018-05-14 11:45:00,71.68,
2018-05-14 12:00:00,48.64,
2018-05-14 12:15:00,13.03,
2018-05-14 12:30:00,5.04,
2018-05-14 12:45:00,4.43,
2018-05-14 13:00:00,4.28,
2018-05-14 13:15:00,38.3,
2018-05-14 13:30:00,54.0,
2018-05-14 13:45:00,56.2,
2018-05-14 14:00:00,57.85,
2018-05-14 14:15:00,65.66,
2018-05-14 14:30:00,48.24,
2018-05-14 14:45:00,49.68,
2018-05-14 15:00:00,54.68,
2018-05-14 15:15:00,75.49,
2018-05-14 15:30:00,56.48,
2018-05-14 15:45:00,61.67,
2018-05-14 16:00:00,60.62,
2018-05-14 16:15:00,54.22,
2018-05-14 16:30:00,63.54,
2018-05-14 16:45:00,69.34,
2018-05-14 17:00:00,60.91,
2018-05-14 17:15:00,64.12,
2018-05-14 17:30:00,54.79,
2018-05-14 17:45:00,31.21,
2018-05-14 18:00:00,30.17,
2018-05-14 18:15:00,41.22,
2018-05-14 18:30:00,66.6,
2018-05-14 18:45:00,70.24,
2018-05-14 19:00:00,52.49,
2018-05-14 19:15:00,54.68,
2018-05-14 19:30:00,60.44,
2018-05-14 19:45:00,67.86,
2018-05-14 20:00:00,64.4,
2018-05-14 20:15:00,67.54,
2018-05-14 20:30:00,62.46,
2018-05-14 20:45:00,59.8,
2018-05-14 21:00:00,39.92,
2018-05-14 21:15:00,7.31,
2018-05-14 21:30:00,4.0,
2018-05-14 21:45:00,3.89,
2018-05-14 22:00:00,3.85,
2018-05-14 22:15:00,3.74,
2018-05-14 22:30:00,3.56,
2018-05-14 22:45:00,3.56,
2018-05-14 23:00:00,3.56,
2018-05-14 23:15:00,3.49,
2018-05-14 23:30:00,3.42,
2018-05-14 23:45:00,4.07,
2018-05-15 00:00:00,3.82,
2018-05-15 00:15:00,3.46,
2018-05-15 00:30:00,3.53,
2018-05-15 00:45:00,3.53,
2018-05-15 01:00:00,3.53,
2018-05-15 01:15:00,3.42,
2018-05-15 01:30:00,3.46,
2018-05-15 01:45:00,3.38,
2018-05-15 02:00:00,3.46,
2018-05-15 02:15:00,2.92,
2018-05-15 02:30:00,2.84,
2018-05-15 02:45:00,2.88,
2018-05-15 03:00:00,2.84,
2018-05-15 03:15:00,2.95,
2018-05-15 03:30:00,2.84,
2018-05-15 03:45:00,2.88,
2018-05-15 04:00:00,2.88,
2018-05-15 04:15:00,2.84,
2018-05-15 04:30:00,2.95,
2018-05-15 04:45:00,3.06,
2018-05-15 05:00:00,3.46,
2018-05-15 05:15:00,2.92,
2018-05-15 05:30:00,2.81,
2018-05-15 05:45:00,2.88,
2018-05-15 06:00:00,2.92,
2018-05-15 06:15:00,2.92,
2018-05-15 06:30:00,3.42,
2018-05-15 06:45:00,2.88,
2018-05-15 07:00:00,2.92,
2018-05-15 07:15:00,3.06,
2018-05-15 07:30:00,3.49,
2018-05-15 07:45:00,4.21,
2018-05-15 08:00:00,5.51,
2018-05-15 08:15:00,32.22,
2018-05-15 08:30:00,42.8,
2018-05-15 08:45:00,49.64,
2018-05-15 09:00:00,59.18,
2018-05-15 09:15:00,67.5,
2018-05-15 09:30:00,58.75,
2018-05-15 09:45:00,68.72,
2018-05-15 10:00:00,58.25,
2018-05-15 10:15:00,54.04,
2018-05-15 10:30:00,54.97,
2018-05-15 10:45:00,54.36,
2018-05-15 11:00:00,71.57,
2018-05-15 11:15:00,55.08,
2018-05-15 11:30:00,74.99,
2018-05-15 11:45:00,61.42,
2018-05-15 12:00:00,71.64,
2018-05-15 12:15:00,8.53,
2018-05-15 12:30:00,4.93,
2018-05-15 12:45:00,4.79,
2018-05-15 13:00:00,4.72,
2018-05-15 13:15:00,43.34,
2018-05-15 13:30:00,64.04,
2018-05-15 13:45:00,96.01,
2018-05-15 14:00:00,105.98,
2018-05-15 14:15:00,102.6,
2018-05-15 14:30:00,103.5,
2018-05-15 14:45:00,99.11,
2018-05-15 15:00:00,86.8,
2018-05-15 15:15:00,103.1,
2018-05-15 15:30:00,112.57,
2018-05-15 15:45:00,87.08,
2018-05-15 16:00:00,95.33,
2018-05-15 16:15:00,113.26,
2018-05-15 16:30:00,96.7,
2018-05-15 16:45:00,105.26,
2018-05-15 17:00:00,103.75,
2018-05-15 17:15:00,119.34,
2018-05-15 17:30:00,101.74,
2018-05-15 17:45:00,33.77,
2018-05-15 18:00:00,32.98,
2018-05-15 18:15:00,64.15,
2018-05-15 18:30:00,69.84,
2018-05-15 18:45:00,61.92,
2018-05-15 19:00:00,63.68,
2018-05-15 19:15:00,53.17,
2018-05-15 19:30:00,51.12,
2018-05-15 19:45:00,72.0,
2018-05-15 20:00:00,65.66,
2018-05-15 20:15:00,67.93,
2018-05-15 20:30:00,79.92,
2018-05-15 20:45:00,54.97,
2018-05-15 21:00:00,31.46,
2018-05-15 21:15:00,8.06,
2018-05-15 21:30:00,7.74,
2018-05-15 21:45:00,4.57,
2018-05-15 22:00:00,4.28,
2018-05-15 22:15:00,4.1,
2018-05-15 22:30:00,3.96,
2018-05-15 22:45:00,3.89,
2018-05-15 23:00:00,3.89,
2018-05-15 23:15:00,3.85,
2018-05-15 23:30:00,4.57,
2018-05-15 23:45:00,4.72,
2018-05-16 00:00:00,3.67,
2018-05-16 00:15:00,3.78,
2018-05-16 00:30:00,3.82,
2018-05-16 00:45:00,3.82,
2018-05-16 01:00:00,3.85,
2018-05-16 01:15:00,3.96,
2018-05-16 01:30:00,3.78,
2018-05-16 01:45:00,3.89,
2018-05-16 02:00:00,3.82,
2018-05-16 02:15:00,3.82,
2018-05-16 02:30:00,3.92,
2018-05-16 02:45:00,3.6,
2018-05-16 03:00:00,3.24,
2018-05-16 03:15:00,3.24,
2018-05-16 03:30:00,3.2,
2018-05-16 03:45:00,3.31,
2018-05-16 04:00:00,3.31,
2018-05-16 04:15:00,3.24,
2018-05-16 04:30:00,3.85,
2018-05-16 04:45:00,3.56,
2018-05-16 05:00:00,3.24,
2018-05-16 05:15:00,3.24,
2018-05-16 05:30:00,3.24,
2018-05-16 05:45:00,3.28,
2018-05-16 06:00:00,3.2,
2018-05-16 06:15:00,3.56,
2018-05-16 06:30:00,3.71,
2018-05-16 06:45:00,3.28,
2018-05-16 07:00:00,3.24,
2018-05-16 07:15:00,3.35,
2018-05-16 07:30:00,3.53,
2018-05-16 07:45:00,3.42,
2018-05-16 08:00:00,3.82,
2018-05-16 08:15:00,35.53,
2018-05-16 08:30:00,60.59,
2018-05-16 08:45:00,50.4,
2018-05-16 09:00:00,48.1,
2018-05-16 09:15:00,47.59,
2018-05-16 09:30:00,57.31,
2018-05-16 09:45:00,48.17,
2018-05-16 10:00:00,48.13,
2018-05-16 10:15:00,44.5,
2018-05-16 10:30:00,53.17,
2018-05-16 10:45:00,53.93,
2018-05-16 11:00:00,84.67,
2018-05-16 11:15:00,66.13,
2018-05-16 11:30:00,111.71,
2018-05-16 11:45:00,105.23,
2018-05-16 12:00:00,117.18,
2018-05-16 12:15:00,23.8,
2018-05-16 12:30:00,5.83,
2018-05-16 12:45:00,5.94,
2018-05-16 13:00:00,5.76,
2018-05-16 13:15:00,38.23,
2018-05-16 13:30:00,109.76,
2018-05-16 13:45:00,124.88,
2018-05-16 14:00:00,110.2,
2018-05-16 14:15:00,120.56,
2018-05-16 14:30:00,100.84,
2018-05-16 14:45:00,125.39,
2018-05-16 15:00:00,81.43,
2018-05-16 15:15:00,64.15,
2018-05-16 15:30:00,61.02,
2018-05-16 15:45:00,126.07,
2018-05-16 16:00:00,93.89,
2018-05-16 16:15:00,95.08,
2018-05-16 16:30:00,109.69,
2018-05-16 16:45:00,96.01,
2018-05-16 17:00:00,99.76,
2018-05-16 17:15:00,103.57,
2018-05-16 17:30:00,79.7,
2018-05-16 17:45:00,37.69,
2018-05-16 18:00:00,33.16,
2018-05-16 18:15:00,50.15,
2018-05-16 18:30:00,73.01,
2018-05-16 18:45:00,72.76,
2018-05-16 19:00:00,72.76,
2018-05-16 19:15:00,71.68,
2018-05-16 19:30:00,81.76,
2018-05-16 19:45:00,70.81,
2018-05-16 20:00:00,74.92,
2018-05-16 20:15:00,87.12,
2018-05-16 20:30:00,76.21,
2018-05-16 20:45:00,88.27,
2018-05-16 21:00:00,45.86,
2018-05-16 21:15:00,5.51,
2018-05-16 21:30:00,5.29,
2018-05-16 21:45:00,5.26,
2018-05-16 22:00:00,4.07,
2018-05-16 22:15:00,3.92,
2018-05-16 22:30:00,3.78,
2018-05-16 22:45:00,3.78,
2018-05-16 23:00:00,3.71,
2018-05-16 23:15:00,3.67,
2018-05-16 23:30:00,3.6,
2018-05-16 23:45:00,3.64,
2018-05-17 00:00:00,3.64,
2018-05-17 00:15:00,3.64,
2018-05-17 00:30:00,3.67,
2018-05-17 00:45:00,3.49,
2018-05-17 01:00:00,3.1,
2018-05-17 01:15:00,3.1,
2018-05-17 01:30:00,3.2,
2018-05-17 01:45:00,3.74,
2018-05-17 02:00:00,3.38,
2018-05-17 02:15:00,3.13,
2018-05-17 02:30:00,3.13,
2018-05-17 02:45:00,3.17,
2018-05-17 03:00:00,3.1,
2018-05-17 03:15:00,3.1,
2018-05-17 03:30:00,3.13,
2018-05-17 03:45:00,3.17,
2018-05-17 04:00:00,3.17,
2018-05-17 04:15:00,3.67,
2018-05-17 04:30:00,3.31,
2018-05-17 04:45:00,3.13,
2018-05-17 05:00:00,3.24,
2018-05-17 05:15:00,3.13,
2018-05-17 05:30:00,3.13,
2018-05-17 05:45:00,3.13,
2018-05-17 06:00:00,3.1,
2018-05-17 06:15:00,3.1,
2018-05-17 06:30:00,3.17,
2018-05-17 06:45:00,3.67,
2018-05-17 07:00:00,3.53,
2018-05-17 07:15:00,3.13,
2018-05-17 07:30:00,3.38,
2018-05-17 07:45:00,3.42,
2018-05-17 08:00:00,3.46,
2018-05-17 08:15:00,48.28,
2018-05-17 08:30:00,62.93,
2018-05-17 08:45:00,65.92,
2018-05-17 09:00:00,72.14,
2018-05-17 09:15:00,81.5,
2018-05-17 09:30:00,62.64,
2018-05-17 09:45:00,50.11,
2018-05-17 10:00:00,85.18,
2018-05-17 10:15:00,110.45,
2018-05-17 10:30:00,100.66,
2018-05-17 10:45:00,88.56,
2018-05-17 11:00:00,86.54,
2018-05-17 11:15:00,91.08,
2018-05-17 11:30:00,113.15,
2018-05-17 11:45:00,125.68,
2018-05-17 12:00:00,88.56,
2018-05-17 12:15:00,18.25,
2018-05-17 12:30:00,4.14,
2018-05-17 12:45:00,4.43,
2018-05-17 13:00:00,5.08,
2018-05-17 13:15:00,71.24,
2018-05-17 13:30:00,103.72,
2018-05-17 13:45:00,133.78,
2018-05-17 14:00:00,105.59,
2018-05-17 14:15:00,116.32,
2018-05-17 14:30:00,93.67,
2018-05-17 14:45:00,67.32,
2018-05-17 15:00:00,97.02,
2018-05-17 15:15:00,101.02,
2018-05-17 15:30:00,84.38,
2018-05-17 15:45:00,119.66,
2018-05-17 16:00:00,77.26,
2018-05-17 16:15:00,123.84,
2018-05-17 16:30:00,85.93,
2018-05-17 16:45:00,107.57,
2018-05-17 17:00:00,90.0,
2018-05-17 17:15:00,109.87,
2018-05-17 17:30:00,96.26,
2018-05-17 17:45:00,31.68,
2018-05-17 18:00:00,30.74,
2018-05-17 18:15:00,61.81,
2018-05-17 18:30:00,112.28,
2018-05-17 18:45:00,77.98,
2018-05-17 19:00:00,114.08,
2018-05-17 19:15:00,90.4,
2018-05-17 19:30:00,102.17,
2018-05-17 19:45:00,100.4,
2018-05-17 20:00:00,84.85,
2018-05-17 20:15:00,103.36,
2018-05-17 20:30:00,103.1,
2018-05-17 20:45:00,103.36,
2018-05-17 21:00:00,35.6,
2018-05-17 21:15:00,7.67,
2018-05-17 21:30:00,4.07,
2018-05-17 21:45:00,4.03,
2018-05-17 22:00:00,4.1,
2018-05-17 22:15:00,3.89,
2018-05-17 22:30:00,3.74,
2018-05-17 22:45:00,3.71,
2018-05-17 23:00:00,3.78,
2018-05-17 23:15:00,3.71,
2018-05-17 23:30:00,3.71,
2018-05-17 23:45:00,3.67,
2018-05-18 00:00:00,3.6,
2018-05-18 00:15:00,3.71,
2018-05-18 00:30:00,3.71,
2018-05-18 00:45:00,3.82,
2018-05-18 01:00:00,3.78,
2018-05-18 01:15:00,4.75,
2018-05-18 01:30:00,4.1,
2018-05-18 01:45:00,3.13,
2018-05-18 02:00:00,3.2,
2018-05-18 02:15:00,3.17,
2018-05-18 02:30:00,3.2,
2018-05-18 02:45:00,3.1,
2018-05-18 03:00:00,3.2,
2018-05-18 03:15:00,3.13,
2018-05-18 03:30:00,3.28,
2018-05-18 03:45:00,3.17,
2018-05-18 04:00:00,3.17,
2018-05-18 04:15:00,3.17,
2018-05-18 04:30:00,3.2,
2018-05-18 04:45:00,3.1,
2018-05-18 05:00:00,3.2,
2018-05-18 05:15:00,3.2,
2018-05-18 05:30:00,3.38,
2018-05-18 05:45:00,3.38,
2018-05-18 06:00:00,3.13,
2018-05-18 06:15:00,3.17,
2018-05-18 06:30:00,3.64,
2018-05-18 06:45:00,3.49,
2018-05-18 07:00:00,3.13,
2018-05-18 07:15:00,3.31,
2018-05-18 07:30:00,3.38,
2018-05-18 07:45:00,3.38,
2018-05-18 08:00:00,5.18,
2018-05-18 08:15:00,77.29,
2018-05-18 08:30:00,100.94,
2018-05-18 08:45:00,120.49,
2018-05-18 09:00:00,85.5,
2018-05-18 09:15:00,107.14,
2018-05-18 09:30:00,75.89,
2018-05-18 09:45:00,44.78,
2018-05-18 10:00:00,61.27,
2018-05-18 10:15:00,49.36,
2018-05-18 10:30:00,51.01,
2018-05-18 10:45:00,46.84,
2018-05-18 11:00:00,49.32,
2018-05-18 11:15:00,51.95,
2018-05-18 11:30:00,46.94,
2018-05-18 11:45:00,71.75,
2018-05-18 12:00:00,53.96,
2018-05-18 12:15:00,5.87,
2018-05-18 12:30:00,3.96,
2018-05-18 12:45:00,4.07,
2018-05-18 13:00:00,4.03,
2018-05-18 13:15:00,58.57,
2018-05-18 13:30:00,52.88,
2018-05-18 13:45:00,45.68,
2018-05-18 14:00:00,60.16,
2018-05-18 14:15:00,69.66,
2018-05-18 14:30:00,55.48,
2018-05-18 14:45:00,73.84,
2018-05-18 15:00:00,61.99,
2018-05-18 15:15:00,51.26,
2018-05-18 15:30:00,58.64,
2018-05-18 15:45:00,58.93,
2018-05-18 16:00:00,59.54,
2018-05-18 16:15:00,43.78,
2018-05-18 16:30:00,41.26,
2018-05-18 16:45:00,58.46,
2018-05-18 17:00:00,58.07,
2018-05-18 17:15:00,54.94,
2018-05-18 17:30:00,63.65,
2018-05-18 17:45:00,32.9,
2018-05-18 18:00:00,33.05,
2018-05-18 18:15:00,52.27,
2018-05-18 18:30:00,62.35,
2018-05-18 18:45:00,48.92,
2018-05-18 19:00:00,61.06,
2018-05-18 19:15:00,68.58,
2018-05-18 19:30:00,48.6,
2018-05-18 19:45:00,46.58,
2018-05-18 20:00:00,53.21,
2018-05-18 20:15:00,77.0,
2018-05-18 20:30:00,63.72,
2018-05-18 20:45:00,62.14,
2018-05-18 21:00:00,28.69,
2018-05-18 21:15:00,4.72,
2018-05-18 21:30:00,4.14,
2018-05-18 21:45:00,4.07,
2018-05-18 22:00:00,4.03,
2018-05-18 22:15:00,3.92,
2018-05-18 22:30:00,3.67,
2018-05-18 22:45:00,4.61,
2018-05-18 23:00:00,4.28,
2018-05-18 23:15:00,3.56,
2018-05-18 23:30:00,3.56,
2018-05-18 23:45:00,3.6,
2018-05-19 00:00:00,3.1,
2018-05-19 00:15:00,3.64,
2018-05-19 00:30:00,3.67,
2018-05-19 00:45:00,3.64,
2018-05-19 01:00:00,3.64,
2018-05-19 01:15:00,3.67,
2018-05-19 01:30:00,3.71,
2018-05-19 01:45:00,3.28,
2018-05-19 02:00:00,2.99,
2018-05-19 02:15:00,2.99,
2018-05-19 02:30:00,3.06,
2018-05-19 02:45:00,3.06,
2018-05-19 03:00:00,3.1,
2018-05-19 03:15:00,3.17,
2018-05-19 03:30:00,3.64,
2018-05-19 03:45:00,3.06,
2018-05-19 04:00:00,2.99,
2018-05-19 04:15:00,3.1,
2018-05-19 04:30:00,3.02,
2018-05-19 04:45:00,2.99,
2018-05-19 05:00:00,3.02,
2018-05-19 05:15:00,3.02,
2018-05-19 05:30:00,3.02,
2018-05-19 05:45:00,3.1,
2018-05-19 06:00:00,3.06,
2018-05-19 06:15:00,2.99,
2018-05-19 06:30:00,3.42,
2018-05-19 06:45:00,3.28,
2018-05-19 07:00:00,3.06,
2018-05-19 07:15:00,3.13,
2018-05-19 07:30:00,3.67,
2018-05-19 07:45:00,3.42,
2018-05-19 08:00:00,3.17,
2018-05-19 08:15:00,28.19,
2018-05-19 08:30:00,44.89,
2018-05-19 08:45:00,42.37,
2018-05-19 09:00:00,50.62,
2018-05-19 09:15:00,57.42,
2018-05-19 09:30:00,59.04,
2018-05-19 09:45:00,55.15,
2018-05-19 10:00:00,55.66,
2018-05-19 10:15:00,49.0,
2018-05-19 10:30:00,55.91,
2018-05-19 10:45:00,56.74,
2018-05-19 11:00:00,56.99,
2018-05-19 11:15:00,52.81,
2018-05-19 11:30:00,53.06,
2018-05-19 11:45:00,55.58,
2018-05-19 12:00:00,29.16,
2018-05-19 12:15:00,9.65,
2018-05-19 12:30:00,5.94,
2018-05-19 12:45:00,6.23,
2018-05-19 13:00:00,6.77,
2018-05-19 13:15:00,20.41,
2018-05-19 13:30:00,50.62,
2018-05-19 13:45:00,37.37,
2018-05-19 14:00:00,41.11,
2018-05-19 14:15:00,46.33,
2018-05-19 14:30:00,49.54,
2018-05-19 14:45:00,49.57,
2018-05-19 15:00:00,50.11,
2018-05-19 15:15:00,39.17,
2018-05-19 15:30:00,38.77,
2018-05-19 15:45:00,36.25,
2018-05-19 16:00:00,35.42,
2018-05-19 16:15:00,33.05,
2018-05-19 16:30:00,35.32,
2018-05-19 16:45:00,33.12,
2018-05-19 17:00:00,7.2,
2018-05-19 17:15:00,4.5,
2018-05-19 17:30:00,3.71,
2018-05-19 17:45:00,3.71,
2018-05-19 18:00:00,3.74,
2018-05-19 18:15:00,3.71,
2018-05-19 18:30:00,3.6,
2018-05-19 18:45:00,3.74,
2018-05-19 19:00:00,3.74,
2018-05-19 19:15:00,3.74,
2018-05-19 19:30:00,3.78,
2018-05-19 19:45:00,3.71,
2018-05-19 20:00:00,3.78,
2018-05-19 20:15:00,3.74,
2018-05-19 20:30:00,3.74,
2018-05-19 20:45:00,3.74,
2018-05-19 21:00:00,3.78,
2018-05-19 21:15:00,3.78,
2018-05-19 21:30:00,3.89,
2018-05-19 21:45:00,4.21,
2018-05-19 22:00:00,4.61,
2018-05-19 22:15:00,3.24,
2018-05-19 22:30:00,3.02,
2018-05-19 22:45:00,3.13,
2018-05-19 23:00:00,3.1,
2018-05-19 23:15:00,2.99,
2018-05-19 23:30:00,2.95,
2018-05-19 23:45:00,3.06,
2018-05-20 00:00:00,4.54,
2018-05-20 00:15:00,3.1,
2018-05-20 00:30:00,3.06,
2018-05-20 00:45:00,3.49,
2018-05-20 01:00:00,3.13,
2018-05-20 01:15:00,3.06,
2018-05-20 01:30:00,3.1,
2018-05-20 01:45:00,3.06,
2018-05-20 02:00:00,3.06,
2018-05-20 02:15:00,3.2,
2018-05-20 02:30:00,3.71,
2018-05-20 02:45:00,3.2,
2018-05-20 03:00:00,3.17,
2018-05-20 03:15:00,3.1,
2018-05-20 03:30:00,3.67,
2018-05-20 03:45:00,3.35,
2018-05-20 04:00:00,3.06,
2018-05-20 04:15:00,3.06,
2018-05-20 04:30:00,3.17,
2018-05-20 04:45:00,3.06,
2018-05-20 05:00:00,3.1,
2018-05-20 05:15:00,3.06,
2018-05-20 05:30:00,3.06,
2018-05-20 05:45:00,3.17,
2018-05-20 06:00:00,3.06,
2018-05-20 06:15:00,3.1,
2018-05-20 06:30:00,3.2,
2018-05-20 06:45:00,3.67,
2018-05-20 07:00:00,3.17,
2018-05-20 07:15:00,3.13,
2018-05-20 07:30:00,3.06,
2018-05-20 07:45:00,3.35,
2018-05-20 08:00:00,3.64,
2018-05-20 08:15:00,19.15,
2018-05-20 08:30:00,25.74,
2018-05-20 08:45:00,24.55,
2018-05-20 09:00:00,24.01,
2018-05-20 09:15:00,23.36,
2018-05-20 09:30:00,23.36,
2018-05-20 09:45:00,23.33,
2018-05-20 10:00:00,24.84,
2018-05-20 10:15:00,25.99,
2018-05-20 10:30:00,26.6,
2018-05-20 10:45:00,7.42,
2018-05-20 11:00:00,5.51,
2018-05-20 11:15:00,7.42,
2018-05-20 11:30:00,5.87,
2018-05-20 11:45:00,5.04,
2018-05-20 12:00:00,3.49,
2018-05-20 12:15:00,3.35,
2018-05-20 12:30:00,3.46,
2018-05-20 12:45:00,3.46,
2018-05-20 13:00:00,3.38,
2018-05-20 13:15:00,6.95,
2018-05-20 13:30:00,13.14,
2018-05-20 13:45:00,13.43,
2018-05-20 14:00:00,14.65,
2018-05-20 14:15:00,11.56,
2018-05-20 14:30:00,11.52,
2018-05-20 14:45:00,11.45,
2018-05-20 15:00:00,11.3,
2018-05-20 15:15:00,11.41,
2018-05-20 15:30:00,13.1,
2018-05-20 15:45:00,13.82,
2018-05-20 16:00:00,11.02,
2018-05-20 16:15:00,11.34,
2018-05-20 16:30:00,5.94,
2018-05-20 16:45:00,5.76,
2018-05-20 17:00:00,6.26,
2018-05-20 17:15:00,4.21,
2018-05-20 17:30:00,4.03,
2018-05-20 17:45:00,4.1,
2018-05-20 18:00:00,3.96,
2018-05-20 18:15:00,3.82,
2018-05-20 18:30:00,3.85,
2018-05-20 18:45:00,3.92,
2018-05-20 19:00:00,4.03,
2018-05-20 19:15:00,4.0,
2018-05-20 19:30:00,4.03,
2018-05-20 19:45:00,4.79,
2018-05-20 20:00:00,4.64,
2018-05-20 20:15:00,4.0,
2018-05-20 20:30:00,3.85,
2018-05-20 20:45:00,3.38,
2018-05-20 21:00:00,3.38,
2018-05-20 21:15:00,3.46,
2018-05-20 21:30:00,3.42,
2018-05-20 21:45:00,3.46,
2018-05-20 22:00:00,3.42,
2018-05-20 22:15:00,3.31,
2018-05-20 22:30:00,3.13,
2018-05-20 22:45:00,3.1,
2018-05-20 23:00:00,3.13,
2018-05-20 23:15:00,3.13,
2018-05-20 23:30:00,3.1,
2018-05-20 23:45:00,3.17,
2018-05-21 00:00:00,3.24,
2018-05-21 00:15:00,3.28,
2018-05-21 00:30:00,3.06,
2018-05-21 00:45:00,3.02,
2018-05-21 01:00:00,3.02,
2018-05-21 01:15:00,2.95,
2018-05-21 01:30:00,2.99,
2018-05-21 01:45:00,2.99,
2018-05-21 02:00:00,3.06,
2018-05-21 02:15:00,2.99,
2018-05-21 02:30:00,2.95,
2018-05-21 02:45:00,2.99,
2018-05-21 03:00:00,3.02,
2018-05-21 03:15:00,3.46,
2018-05-21 03:30:00,3.2,
2018-05-21 03:45:00,3.02,
2018-05-21 04:00:00,3.02,
2018-05-21 04:15:00,3.02,
2018-05-21 04:30:00,2.95,
2018-05-21 04:45:00,3.38,
2018-05-21 05:00:00,3.6,
2018-05-21 05:15:00,3.02,
2018-05-21 05:30:00,2.92,
2018-05-21 05:45:00,2.95,
2018-05-21 06:00:00,2.95,
2018-05-21 06:15:00,2.99,
2018-05-21 06:30:00,3.1,
2018-05-21 06:45:00,3.49,
2018-05-21 07:00:00,3.02,
2018-05-21 07:15:00,2.99,
2018-05-21 07:30:00,3.24,
2018-05-21 07:45:00,3.13,
2018-05-21 08:00:00,3.2,
2018-05-21 08:15:00,26.06,
2018-05-21 08:30:00,49.93,
2018-05-21 08:45:00,67.72,
2018-05-21 09:00:00,66.6,
2018-05-21 09:15:00,67.32,
2018-05-21 09:30:00,56.48,
2018-05-21 09:45:00,65.34,
2018-05-21 10:00:00,59.69,
2018-05-21 10:15:00,55.26,
2018-05-21 10:30:00,56.12,
2018-05-21 10:45:00,51.34,
2018-05-21 11:00:00,55.4,
2018-05-21 11:15:00,67.28,
2018-05-21 11:30:00,58.68,
2018-05-21 11:45:00,50.65,
2018-05-21 12:00:00,47.05,
2018-05-21 12:15:00,4.32,
2018-05-21 12:30:00,4.28,
2018-05-21 12:45:00,5.0,
2018-05-21 13:00:00,5.0,
2018-05-21 13:15:00,53.89,
2018-05-21 13:30:00,57.42,
2018-05-21 13:45:00,79.34,
2018-05-21 14:00:00,55.84,
2018-05-21 14:15:00,70.88,
2018-05-21 14:30:00,59.94,
2018-05-21 14:45:00,76.18,
2018-05-21 15:00:00,52.88,
2018-05-21 15:15:00,64.51,
2018-05-21 15:30:00,69.7,
2018-05-21 15:45:00,75.42,
2018-05-21 16:00:00,52.52,
2018-05-21 16:15:00,79.6,
2018-05-21 16:30:00,66.64,
2018-05-21 16:45:00,69.73,
2018-05-21 17:00:00,71.75,
2018-05-21 17:15:00,46.08,
2018-05-21 17:30:00,44.57,
2018-05-21 17:45:00,30.82,
2018-05-21 18:00:00,29.99,
2018-05-21 18:15:00,31.93,
2018-05-21 18:30:00,37.69,
2018-05-21 18:45:00,33.16,
2018-05-21 19:00:00,36.72,
2018-05-21 19:15:00,36.14,
2018-05-21 19:30:00,35.21,
2018-05-21 19:45:00,34.2,
2018-05-21 20:00:00,36.4,
2018-05-21 20:15:00,35.96,
2018-05-21 20:30:00,35.64,
2018-05-21 20:45:00,37.44,
2018-05-21 21:00:00,27.61,
2018-05-21 21:15:00,4.79,
2018-05-21 21:30:00,5.22,
2018-05-21 21:45:00,4.43,
2018-05-21 22:00:00,4.0,
2018-05-21 22:15:00,3.82,
2018-05-21 22:30:00,3.71,
2018-05-21 22:45:00,3.64,
2018-05-21 23:00:00,3.6,
2018-05-21 23:15:00,3.64,
2018-05-21 23:30:00,3.56,
2018-05-21 23:45:00,3.56,
2018-05-22 00:00:00,3.06,
2018-05-22 00:15:00,3.02,
2018-05-22 00:30:00,3.06,
2018-05-22 00:45:00,3.13,
2018-05-22 01:00:00,3.02,
2018-05-22 01:15:00,3.02,
2018-05-22 01:30:00,3.1,
2018-05-22 01:45:00,3.6,
2018-05-22 02:00:00,3.17,
2018-05-22 02:15:00,3.1,
2018-05-22 02:30:00,3.02,
2018-05-22 02:45:00,3.02,
2018-05-22 03:00:00,3.06,
2018-05-22 03:15:00,3.1,
2018-05-22 03:30:00,3.49,
2018-05-22 03:45:00,3.38,
2018-05-22 04:00:00,3.06,
2018-05-22 04:15:00,3.06,
2018-05-22 04:30:00,3.02,
2018-05-22 04:45:00,3.02,
2018-05-22 05:00:00,3.1,
2018-05-22 05:15:00,2.99,
2018-05-22 05:30:00,3.17,
2018-05-22 05:45:00,3.6,
2018-05-22 06:00:00,3.1,
2018-05-22 06:15:00,3.06,
2018-05-22 06:30:00,3.02,
2018-05-22 06:45:00,3.06,
2018-05-22 07:00:00,2.99,
2018-05-22 07:15:00,2.99,
2018-05-22 07:30:00,2.95,
2018-05-22 07:45:00,3.56,
2018-05-22 08:00:00,3.17,
2018-05-22 08:15:00,20.12,
2018-05-22 08:30:00,24.41,
2018-05-22 08:45:00,24.3,
2018-05-22 09:00:00,24.62,
2018-05-22 09:15:00,24.7,
2018-05-22 09:30:00,24.77,
2018-05-22 09:45:00,24.77,
2018-05-22 10:00:00,25.52,
2018-05-22 10:15:00,26.75,
2018-05-22 10:30:00,28.12,
2018-05-22 10:45:00,33.8,
2018-05-22 11:00:00,34.52,
2018-05-22 11:15:00,61.56,
2018-05-22 11:30:00,49.54,
2018-05-22 11:45:00,77.33,
2018-05-22 12:00:00,65.56,
2018-05-22 12:15:00,3.31,
2018-05-22 12:30:00,3.31,
2018-05-22 12:45:00,3.28,
2018-05-22 13:00:00,3.28,
2018-05-22 13:15:00,24.3,
2018-05-22 13:30:00,63.79,
2018-05-22 13:45:00,90.68,
2018-05-22 14:00:00,72.4,
2018-05-22 14:15:00,92.09,
2018-05-22 14:30:00,68.26,
2018-05-22 14:45:00,32.72,
2018-05-22 15:00:00,52.2,
2018-05-22 15:15:00,82.55,
2018-05-22 15:30:00,73.4,
2018-05-22 15:45:00,71.17,
2018-05-22 16:00:00,86.83,
2018-05-22 16:15:00,69.77,
2018-05-22 16:30:00,87.48,
2018-05-22 16:45:00,77.58,
2018-05-22 17:00:00,60.01,
2018-05-22 17:15:00,66.06,
2018-05-22 17:30:00,87.16,
2018-05-22 17:45:00,59.11,
2018-05-22 18:00:00,72.61,
2018-05-22 18:15:00,3.64,
2018-05-22 18:30:00,3.67,
2018-05-22 18:45:00,3.67,
2018-05-22 19:00:00,3.82,
2018-05-22 19:15:00,3.74,
2018-05-22 19:30:00,3.78,
2018-05-22 19:45:00,3.82,
2018-05-22 20:00:00,3.78,
2018-05-22 20:15:00,4.39,
2018-05-22 20:30:00,4.36,
2018-05-22 20:45:00,3.28,
2018-05-22 21:00:00,3.35,
2018-05-22 21:15:00,3.28,
2018-05-22 21:30:00,3.24,
2018-05-22 21:45:00,3.35,
2018-05-22 22:00:00,3.31,
2018-05-22 22:15:00,3.2,
2018-05-22 22:30:00,3.1,
2018-05-22 22:45:00,3.06,
2018-05-22 23:00:00,3.06,
2018-05-22 23:15:00,3.02,
2018-05-22 23:30:00,3.02,
2018-05-22 23:45:00,3.06,
2018-05-23 00:00:00,3.49,
2018-05-23 00:15:00,3.2,
2018-05-23 00:30:00,3.64,
2018-05-23 00:45:00,3.42,
2018-05-23 01:00:00,3.49,
2018-05-23 01:15:00,3.06,
2018-05-23 01:30:00,3.02,
2018-05-23 01:45:00,2.99,
2018-05-23 02:00:00,3.02,
2018-05-23 02:15:00,2.99,
2018-05-23 02:30:00,3.06,
2018-05-23 02:45:00,3.02,
2018-05-23 03:00:00,2.99,
2018-05-23 03:15:00,3.02,
2018-05-23 03:30:00,3.06,
2018-05-23 03:45:00,3.06,
2018-05-23 04:00:00,3.06,
2018-05-23 04:15:00,3.06,
2018-05-23 04:30:00,3.46,
2018-05-23 04:45:00,3.2,
2018-05-23 05:00:00,3.24,
2018-05-23 05:15:00,3.74,
2018-05-23 05:30:00,3.1,
2018-05-23 05:45:00,3.02,
2018-05-23 06:00:00,3.02,
2018-05-23 06:15:00,3.02,
2018-05-23 06:30:00,3.02,
2018-05-23 06:45:00,3.06,
2018-05-23 07:00:00,2.95,
2018-05-23 07:15:00,3.06,
2018-05-23 07:30:00,3.67,
2018-05-23 07:45:00,3.96,
2018-05-23 08:00:00,3.6,
2018-05-23 08:15:00,40.86,
2018-05-23 08:30:00,102.2,
2018-05-23 08:45:00,97.06,
2018-05-23 09:00:00,124.13,
2018-05-23 09:15:00,93.71,
2018-05-23 09:30:00,103.82,
2018-05-23 09:45:00,95.65,
2018-05-23 10:00:00,104.51,
2018-05-23 10:15:00,116.1,
2018-05-23 10:30:00,120.92,
2018-05-23 10:45:00,114.59,
2018-05-23 11:00:00,113.36,
2018-05-23 11:15:00,110.09,
2018-05-23 11:30:00,108.68,
2018-05-23 11:45:00,86.36,
2018-05-23 12:00:00,80.39,
2018-05-23 12:15:00,7.56,
2018-05-23 12:30:00,5.15,
2018-05-23 12:45:00,5.29,
2018-05-23 13:00:00,5.54,
2018-05-23 13:15:00,93.53,
2018-05-23 13:30:00,99.5,
2018-05-23 13:45:00,102.46,
2018-05-23 14:00:00,130.57,
2018-05-23 14:15:00,91.76,
2018-05-23 14:30:00,109.3,
2018-05-23 14:45:00,92.63,
2018-05-23 15:00:00,133.06,
2018-05-23 15:15:00,84.71,
2018-05-23 15:30:00,111.35,
2018-05-23 15:45:00,84.13,
2018-05-23 16:00:00,124.13,
2018-05-23 16:15:00,83.77,
2018-05-23 16:30:00,123.08,
2018-05-23 16:45:00,106.99,
2018-05-23 17:00:00,107.1,
2018-05-23 17:15:00,129.6,
2018-05-23 17:30:00,66.74,
2018-05-23 17:45:00,39.6,
2018-05-23 18:00:00,28.76,
2018-05-23 18:15:00,42.26,
2018-05-23 18:30:00,33.88,
2018-05-23 18:45:00,35.39,
2018-05-23 19:00:00,33.3,
2018-05-23 19:15:00,41.76,
2018-05-23 19:30:00,44.71,
2018-05-23 19:45:00,43.49,
2018-05-23 20:00:00,42.41,
2018-05-23 20:15:00,34.42,
2018-05-23 20:30:00,35.75,
2018-05-23 20:45:00,42.77,
2018-05-23 21:00:00,14.47,
2018-05-23 21:15:00,5.29,
2018-05-23 21:30:00,5.26,
2018-05-23 21:45:00,4.28,
2018-05-23 22:00:00,3.96,
2018-05-23 22:15:00,3.82,
2018-05-23 22:30:00,3.67,
2018-05-23 22:45:00,3.74,
2018-05-23 23:00:00,3.64,
2018-05-23 23:15:00,3.42,
2018-05-23 23:30:00,3.38,
2018-05-23 23:45:00,3.42,
2018-05-24 00:00:00,3.6,
2018-05-24 00:15:00,3.38,
2018-05-24 00:30:00,3.35,
2018-05-24 00:45:00,2.95,
2018-05-24 01:00:00,2.88,
2018-05-24 01:15:00,2.88,
2018-05-24 01:30:00,2.99,
2018-05-24 01:45:00,3.46,
2018-05-24 02:00:00,3.38,
2018-05-24 02:15:00,2.92,
2018-05-24 02:30:00,2.95,
2018-05-24 02:45:00,2.99,
2018-05-24 03:00:00,2.95,
2018-05-24 03:15:00,2.99,
2018-05-24 03:30:00,3.53,
2018-05-24 03:45:00,3.06,
2018-05-24 04:00:00,2.95,
2018-05-24 04:15:00,2.99,
2018-05-24 04:30:00,2.95,
2018-05-24 04:45:00,2.95,
2018-05-24 05:00:00,2.95,
2018-05-24 05:15:00,2.99,
2018-05-24 05:30:00,2.99,
2018-05-24 05:45:00,2.92,
2018-05-24 06:00:00,2.95,
2018-05-24 06:15:00,2.99,
2018-05-24 06:30:00,2.95,
2018-05-24 06:45:00,3.02,
2018-05-24 07:00:00,3.56,
2018-05-24 07:15:00,3.17,
2018-05-24 07:30:00,3.46,
2018-05-24 07:45:00,3.85,
2018-05-24 08:00:00,4.97,
2018-05-24 08:15:00,79.27,
2018-05-24 08:30:00,111.38,
2018-05-24 08:45:00,66.1,
2018-05-24 09:00:00,122.58,
2018-05-24 09:15:00,94.93,
2018-05-24 09:30:00,108.47,
2018-05-24 09:45:00,99.58,
2018-05-24 10:00:00,103.72,
2018-05-24 10:15:00,119.66,
2018-05-24 10:30:00,92.12,
2018-05-24 10:45:00,53.42,
2018-05-24 11:00:00,110.66,
2018-05-24 11:15:00,100.44,
2018-05-24 11:30:00,123.19,
2018-05-24 11:45:00,87.16,
2018-05-24 12:00:00,97.31,
2018-05-24 12:15:00,5.0,
2018-05-24 12:30:00,4.79,
2018-05-24 12:45:00,4.64,
2018-05-24 13:00:00,4.82,
2018-05-24 13:15:00,91.76,
2018-05-24 13:30:00,59.94,
2018-05-24 13:45:00,46.19,
2018-05-24 14:00:00,63.11,
2018-05-24 14:15:00,67.82,
2018-05-24 14:30:00,58.97,
2018-05-24 14:45:00,74.92,
2018-05-24 15:00:00,51.23,
2018-05-24 15:15:00,56.7,
2018-05-24 15:30:00,99.47,
2018-05-24 15:45:00,107.1,
2018-05-24 16:00:00,86.72,
2018-05-24 16:15:00,134.89,
2018-05-24 16:30:00,87.01,
2018-05-24 16:45:00,52.42,
2018-05-24 17:00:00,88.13,
2018-05-24 17:15:00,103.79,
2018-05-24 17:30:00,73.73,
2018-05-24 17:45:00,32.72,
2018-05-24 18:00:00,31.28,
2018-05-24 18:15:00,60.05,
2018-05-24 18:30:00,109.55,
2018-05-24 18:45:00,65.45,
2018-05-24 19:00:00,102.24,
2018-05-24 19:15:00,108.14,
2018-05-24 19:30:00,91.58,
2018-05-24 19:45:00,77.15,
2018-05-24 20:00:00,94.86,
2018-05-24 20:15:00,61.34,
2018-05-24 20:30:00,101.38,
2018-05-24 20:45:00,100.58,
2018-05-24 21:00:00,59.15,
2018-05-24 21:15:00,33.88,
2018-05-24 21:30:00,33.55,
2018-05-24 21:45:00,8.39,
2018-05-24 22:00:00,4.28,
2018-05-24 22:15:00,3.89,
2018-05-24 22:30:00,3.64,
2018-05-24 22:45:00,3.71,
2018-05-24 23:00:00,3.71,
2018-05-24 23:15:00,3.56,
2018-05-24 23:30:00,3.92,
2018-05-24 23:45:00,4.54,
2018-05-25 00:00:00,3.71,
2018-05-25 00:15:00,3.56,
2018-05-25 00:30:00,3.56,
2018-05-25 00:45:00,3.6,
2018-05-25 01:00:00,3.67,
2018-05-25 01:15:00,3.6,
2018-05-25 01:30:00,3.6,
2018-05-25 01:45:00,3.6,
2018-05-25 02:00:00,3.06,
2018-05-25 02:15:00,2.99,
2018-05-25 02:30:00,2.88,
2018-05-25 02:45:00,2.88,
2018-05-25 03:00:00,2.84,
2018-05-25 03:15:00,3.1,
2018-05-25 03:30:00,3.49,
2018-05-25 03:45:00,2.99,
2018-05-25 04:00:00,2.84,
2018-05-25 04:15:00,2.92,
2018-05-25 04:30:00,2.88,
2018-05-25 04:45:00,2.95,
2018-05-25 05:00:00,2.95,
2018-05-25 05:15:00,2.88,
2018-05-25 05:30:00,3.1,
2018-05-25 05:45:00,3.2,
2018-05-25 06:00:00,2.88,
2018-05-25 06:15:00,2.88,
2018-05-25 06:30:00,2.88,
2018-05-25 06:45:00,2.88,
2018-05-25 07:00:00,2.88,
2018-05-25 07:15:00,2.92,
2018-05-25 07:30:00,3.2,
2018-05-25 07:45:00,4.07,
2018-05-25 08:00:00,3.71,
2018-05-25 08:15:00,35.57,
2018-05-25 08:30:00,50.54,
2018-05-25 08:45:00,64.62,
2018-05-25 09:00:00,63.94,
2018-05-25 09:15:00,58.64,
2018-05-25 09:30:00,74.23,
2018-05-25 09:45:00,50.11,
2018-05-25 10:00:00,50.65,
2018-05-25 10:15:00,51.48,
2018-05-25 10:30:00,74.84,
2018-05-25 10:45:00,56.56,
2018-05-25 11:00:00,55.8,
2018-05-25 11:15:00,56.38,
2018-05-25 11:30:00,66.06,
2018-05-25 11:45:00,70.09,
2018-05-25 12:00:00,63.83,
2018-05-25 12:15:00,4.64,
2018-05-25 12:30:00,4.82,
2018-05-25 12:45:00,5.44,
2018-05-25 13:00:00,5.29,
2018-05-25 13:15:00,49.07,
2018-05-25 13:30:00,59.51,
2018-05-25 13:45:00,53.53,
2018-05-25 14:00:00,51.59,
2018-05-25 14:15:00,47.23,
2018-05-25 14:30:00,63.58,
2018-05-25 14:45:00,58.64,
2018-05-25 15:00:00,54.25,
2018-05-25 15:15:00,49.32,
2018-05-25 15:30:00,49.57,
2018-05-25 15:45:00,78.16,
2018-05-25 16:00:00,60.77,
2018-05-25 16:15:00,64.98,
2018-05-25 16:30:00,69.8,
2018-05-25 16:45:00,58.72,
2018-05-25 17:00:00,46.66,
2018-05-25 17:15:00,41.22,
2018-05-25 17:30:00,32.72,
2018-05-25 17:45:00,29.81,
2018-05-25 18:00:00,29.38,
2018-05-25 18:15:00,29.16,
2018-05-25 18:30:00,33.98,
2018-05-25 18:45:00,31.07,
2018-05-25 19:00:00,32.54,
2018-05-25 19:15:00,38.66,
2018-05-25 19:30:00,34.6,
2018-05-25 19:45:00,37.8,
2018-05-25 20:00:00,35.71,
2018-05-25 20:15:00,36.68,
2018-05-25 20:30:00,36.72,
2018-05-25 20:45:00,31.43,
2018-05-25 21:00:00,6.41,
2018-05-25 21:15:00,5.47,
2018-05-25 21:30:00,5.26,
2018-05-25 21:45:00,5.22,
2018-05-25 22:00:00,4.54,
2018-05-25 22:15:00,3.92,
2018-05-25 22:30:00,3.89,
2018-05-25 22:45:00,3.71,
2018-05-25 23:00:00,3.64,
2018-05-25 23:15:00,3.67,
2018-05-25 23:30:00,3.64,
2018-05-25 23:45:00,3.67,
2018-05-26 00:00:00,2.74,
2018-05-26 00:15:00,3.64,
2018-05-26 00:30:00,3.67,
2018-05-26 00:45:00,3.56,
2018-05-26 01:00:00,3.1,
2018-05-26 01:15:00,3.17,
2018-05-26 01:30:00,3.1,
2018-05-26 01:45:00,3.1,
2018-05-26 02:00:00,3.13,
2018-05-26 02:15:00,3.71,
2018-05-26 02:30:00,3.53,
2018-05-26 02:45:00,3.13,
2018-05-26 03:00:00,3.17,
2018-05-26 03:15:00,3.1,
2018-05-26 03:30:00,3.13,
2018-05-26 03:45:00,3.13,
2018-05-26 04:00:00,3.17,
2018-05-26 04:15:00,3.13,
2018-05-26 04:30:00,3.17,
2018-05-26 04:45:00,3.13,
2018-05-26 05:00:00,3.17,
2018-05-26 05:15:00,3.46,
2018-05-26 05:30:00,3.49,
2018-05-26 05:45:00,3.2,
2018-05-26 06:00:00,3.17,
2018-05-26 06:15:00,3.17,
2018-05-26 06:30:00,3.1,
2018-05-26 06:45:00,3.2,
2018-05-26 07:00:00,3.17,
2018-05-26 07:15:00,3.06,
2018-05-26 07:30:00,3.6,
2018-05-26 07:45:00,3.28,
2018-05-26 08:00:00,3.31,
2018-05-26 08:15:00,23.76,
2018-05-26 08:30:00,35.46,
2018-05-26 08:45:00,36.0,
2018-05-26 09:00:00,37.15,
2018-05-26 09:15:00,36.58,
2018-05-26 09:30:00,35.5,
2018-05-26 09:45:00,37.3,
2018-05-26 10:00:00,33.88,
2018-05-26 10:15:00,37.66,
2018-05-26 10:30:00,34.24,
2018-05-26 10:45:00,38.16,
2018-05-26 11:00:00,35.6,
2018-05-26 11:15:00,30.96,
2018-05-26 11:30:00,38.12,
2018-05-26 11:45:00,33.95,
2018-05-26 12:00:00,9.32,
2018-05-26 12:15:00,3.6,
2018-05-26 12:30:00,3.42,
2018-05-26 12:45:00,4.14,
2018-05-26 13:00:00,3.96,
2018-05-26 13:15:00,13.39,
2018-05-26 13:30:00,40.61,
2018-05-26 13:45:00,34.27,
2018-05-26 14:00:00,37.26,
2018-05-26 14:15:00,36.36,
2018-05-26 14:30:00,30.82,
2018-05-26 14:45:00,37.22,
2018-05-26 15:00:00,37.15,
2018-05-26 15:15:00,34.27,
2018-05-26 15:30:00,36.43,
2018-05-26 15:45:00,35.35,
2018-05-26 16:00:00,35.82,
2018-05-26 16:15:00,41.72,
2018-05-26 16:30:00,35.82,
2018-05-26 16:45:00,31.82,
2018-05-26 17:00:00,11.74,
2018-05-26 17:15:00,4.0,
2018-05-26 17:30:00,4.28,
2018-05-26 17:45:00,4.72,
2018-05-26 18:00:00,3.74,
2018-05-26 18:15:00,3.46,
2018-05-26 18:30:00,3.46,
2018-05-26 18:45:00,3.53,
2018-05-26 19:00:00,3.64,
2018-05-26 19:15:00,3.49,
2018-05-26 19:30:00,3.53,
2018-05-26 19:45:00,3.56,
2018-05-26 20:00:00,3.53,
2018-05-26 20:15:00,3.56,
2018-05-26 20:30:00,3.64,
2018-05-26 20:45:00,3.53,
2018-05-26 21:00:00,3.53,
2018-05-26 21:15:00,3.6,
2018-05-26 21:30:00,3.56,
2018-05-26 21:45:00,3.64,
2018-05-26 22:00:00,3.6,
2018-05-26 22:15:00,3.49,
2018-05-26 22:30:00,4.21,
2018-05-26 22:45:00,3.46,
2018-05-26 23:00:00,2.81,
2018-05-26 23:15:00,2.81,
2018-05-26 23:30:00,2.7,
2018-05-26 23:45:00,2.7,
2018-05-27 00:00:00,2.88,
2018-05-27 00:15:00,2.7,
2018-05-27 00:30:00,2.81,
2018-05-27 00:45:00,2.77,
2018-05-27 01:00:00,2.77,
2018-05-27 01:15:00,2.77,
2018-05-27 01:30:00,2.74,
2018-05-27 01:45:00,2.81,
2018-05-27 02:00:00,2.88,
2018-05-27 02:15:00,2.77,
2018-05-27 02:30:00,3.28,
2018-05-27 02:45:00,3.31,
2018-05-27 03:00:00,3.24,
2018-05-27 03:15:00,2.92,
2018-05-27 03:30:00,2.81,
2018-05-27 03:45:00,2.81,
2018-05-27 04:00:00,2.81,
2018-05-27 04:15:00,2.81,
2018-05-27 04:30:00,2.77,
2018-05-27 04:45:00,2.84,
2018-05-27 05:00:00,2.84,
2018-05-27 05:15:00,2.77,
2018-05-27 05:30:00,2.77,
2018-05-27 05:45:00,2.74,
2018-05-27 06:00:00,3.06,
2018-05-27 06:15:00,3.28,
2018-05-27 06:30:00,2.74,
2018-05-27 06:45:00,2.81,
2018-05-27 07:00:00,2.74,
2018-05-27 07:15:00,3.02,
2018-05-27 07:30:00,3.35,
2018-05-27 07:45:00,2.88,
2018-05-27 08:00:00,2.77,
2018-05-27 08:15:00,2.74,
2018-05-27 08:30:00,2.7,
2018-05-27 08:45:00,2.81,
2018-05-27 09:00:00,3.31,
2018-05-27 09:15:00,3.13,
2018-05-27 09:30:00,3.17,
2018-05-27 09:45:00,3.17,
2018-05-27 10:00:00,3.13,
2018-05-27 10:15:00,3.17,
2018-05-27 10:30:00,3.2,
2018-05-27 10:45:00,3.42,
2018-05-27 11:00:00,3.71,
2018-05-27 11:15:00,2.88,
2018-05-27 11:30:00,2.81,
2018-05-27 11:45:00,2.92,
2018-05-27 12:00:00,2.88,
2018-05-27 12:15:00,3.02,
2018-05-27 12:30:00,3.42,
2018-05-27 12:45:00,3.53,
2018-05-27 13:00:00,3.02,
2018-05-27 13:15:00,3.06,
2018-05-27 13:30:00,2.99,
2018-05-27 13:45:00,2.99,
2018-05-27 14:00:00,2.99,
2018-05-27 14:15:00,2.99,
2018-05-27 14:30:00,3.02,
2018-05-27 14:45:00,3.17,
2018-05-27 15:00:00,3.56,
2018-05-27 15:15:00,3.28,
2018-05-27 15:30:00,2.99,
2018-05-27 15:45:00,3.02,
2018-05-27 16:00:00,3.02,
2018-05-27 16:15:00,2.99,
2018-05-27 16:30:00,2.92,
2018-05-27 16:45:00,2.95,
2018-05-27 17:00:00,2.95,
2018-05-27 17:15:00,2.95,
2018-05-27 17:30:00,3.53,
2018-05-27 17:45:00,3.31,
2018-05-27 18:00:00,3.02,
2018-05-27 18:15:00,2.84,
2018-05-27 18:30:00,2.84,
2018-05-27 18:45:00,3.02,
2018-05-27 19:00:00,3.35,
2018-05-27 19:15:00,3.38,
2018-05-27 19:30:00,2.99,
2018-05-27 19:45:00,3.06,
2018-05-27 20:00:00,3.13,
2018-05-27 20:15:00,3.2,
2018-05-27 20:30:00,3.17,
2018-05-27 20:45:00,3.17,
2018-05-27 21:00:00,3.1,
2018-05-27 21:15:00,3.13,
2018-05-27 21:30:00,3.17,
2018-05-27 21:45:00,3.17,
2018-05-27 22:00:00,3.6,
2018-05-27 22:15:00,3.31,
2018-05-27 22:30:00,2.92,
2018-05-27 22:45:00,2.88,
2018-05-27 23:00:00,3.2,
2018-05-27 23:15:00,3.31,
2018-05-27 23:30:00,2.84,
2018-05-27 23:45:00,2.88,
2018-05-28 00:00:00,3.6,
2018-05-28 00:15:00,2.84,
2018-05-28 00:30:00,2.95,
2018-05-28 00:45:00,2.88,
2018-05-28 01:00:00,2.92,
2018-05-28 01:15:00,2.88,
2018-05-28 01:30:00,2.92,
2018-05-28 01:45:00,3.02,
2018-05-28 02:00:00,2.88,
2018-05-28 02:15:00,2.88,
2018-05-28 02:30:00,3.46,
2018-05-28 02:45:00,3.17,
2018-05-28 03:00:00,2.99,
2018-05-28 03:15:00,3.38,
2018-05-28 03:30:00,2.88,
2018-05-28 03:45:00,2.81,
2018-05-28 04:00:00,2.84,
2018-05-28 04:15:00,2.84,
2018-05-28 04:30:00,2.92,
2018-05-28 04:45:00,2.88,
2018-05-28 05:00:00,2.81,
2018-05-28 05:15:00,2.84,
2018-05-28 05:30:00,2.81,
2018-05-28 05:45:00,2.81,
2018-05-28 06:00:00,2.77,
2018-05-28 06:15:00,2.84,
2018-05-28 06:30:00,2.81,
2018-05-28 06:45:00,3.28,
2018-05-28 07:00:00,3.1,
2018-05-28 07:15:00,3.49,
2018-05-28 07:30:00,3.02,
2018-05-28 07:45:00,3.1,
2018-05-28 08:00:00,4.43,
2018-05-28 08:15:00,27.07,
2018-05-28 08:30:00,47.45,
2018-05-28 08:45:00,51.59,
2018-05-28 09:00:00,58.61,
2018-05-28 09:15:00,78.59,
2018-05-28 09:30:00,65.34,
2018-05-28 09:45:00,64.01,
2018-05-28 10:00:00,51.16,
2018-05-28 10:15:00,53.82,
2018-05-28 10:30:00,51.16,
2018-05-28 10:45:00,63.9,
2018-05-28 11:00:00,58.86,
2018-05-28 11:15:00,55.22,
2018-05-28 11:30:00,60.37,
2018-05-28 11:45:00,58.28,
2018-05-28 12:00:00,54.61,
2018-05-28 12:15:00,4.43,
2018-05-28 12:30:00,4.28,
2018-05-28 12:45:00,4.18,
2018-05-28 13:00:00,4.1,
2018-05-28 13:15:00,43.78,
2018-05-28 13:30:00,54.43,
2018-05-28 13:45:00,56.23,
2018-05-28 14:00:00,56.92,
2018-05-28 14:15:00,59.08,
2018-05-28 14:30:00,62.14,
2018-05-28 14:45:00,54.11,
2018-05-28 15:00:00,47.16,
2018-05-28 15:15:00,68.65,
2018-05-28 15:30:00,63.18,
2018-05-28 15:45:00,61.49,
2018-05-28 16:00:00,52.27,
2018-05-28 16:15:00,48.67,
2018-05-28 16:30:00,58.9,
2018-05-28 16:45:00,46.94,
2018-05-28 17:00:00,53.46,
2018-05-28 17:15:00,66.71,
2018-05-28 17:30:00,42.62,
2018-05-28 17:45:00,29.34,
2018-05-28 18:00:00,29.45,
2018-05-28 18:15:00,38.63,
2018-05-28 18:30:00,57.06,
2018-05-28 18:45:00,54.14,
2018-05-28 19:00:00,59.51,
2018-05-28 19:15:00,59.69,
2018-05-28 19:30:00,53.89,
2018-05-28 19:45:00,58.64,
2018-05-28 20:00:00,59.94,
2018-05-28 20:15:00,55.8,
2018-05-28 20:30:00,56.77,
2018-05-28 20:45:00,54.29,
2018-05-28 21:00:00,24.52,
2018-05-28 21:15:00,6.48,
2018-05-28 21:30:00,3.92,
2018-05-28 21:45:00,3.85,
2018-05-28 22:00:00,3.96,
2018-05-28 22:15:00,3.85,
2018-05-28 22:30:00,3.64,
2018-05-28 22:45:00,3.64,
2018-05-28 23:00:00,3.64,
2018-05-28 23:15:00,3.56,
2018-05-28 23:30:00,3.56,
2018-05-28 23:45:00,3.56,
2018-05-29 00:00:00,3.46,
2018-05-29 00:15:00,3.53,
2018-05-29 00:30:00,3.2,
2018-05-29 00:45:00,3.06,
2018-05-29 01:00:00,3.06,
2018-05-29 01:15:00,3.06,
2018-05-29 01:30:00,3.02,
2018-05-29 01:45:00,3.42,
2018-05-29 02:00:00,3.42,
2018-05-29 02:15:00,3.02,
2018-05-29 02:30:00,3.02,
2018-05-29 02:45:00,2.99,
2018-05-29 03:00:00,2.99,
2018-05-29 03:15:00,3.02,
2018-05-29 03:30:00,3.02,
2018-05-29 03:45:00,3.42,
2018-05-29 04:00:00,3.35,
2018-05-29 04:15:00,3.06,
2018-05-29 04:30:00,3.06,
2018-05-29 04:45:00,3.02,
2018-05-29 05:00:00,3.02,
2018-05-29 05:15:00,3.06,
2018-05-29 05:30:00,2.99,
2018-05-29 05:45:00,2.99,
2018-05-29 06:00:00,3.31,
2018-05-29 06:15:00,3.6,
2018-05-29 06:30:00,3.2,
2018-05-29 06:45:00,2.99,
2018-05-29 07:00:00,2.99,
2018-05-29 07:15:00,2.95,
2018-05-29 07:30:00,3.31,
2018-05-29 07:45:00,4.03,
2018-05-29 08:00:00,6.19,
2018-05-29 08:15:00,30.67,
2018-05-29 08:30:00,40.68,
2018-05-29 08:45:00,46.04,
2018-05-29 09:00:00,50.26,
2018-05-29 09:15:00,49.18,
2018-05-29 09:30:00,69.88,
2018-05-29 09:45:00,53.32,
2018-05-29 10:00:00,55.58,
2018-05-29 10:15:00,49.0,
2018-05-29 10:30:00,51.59,
2018-05-29 10:45:00,46.8,
2018-05-29 11:00:00,57.17,
2018-05-29 11:15:00,63.22,
2018-05-29 11:30:00,59.0,
2018-05-29 11:45:00,55.33,
2018-05-29 12:00:00,42.59,
2018-05-29 12:15:00,4.9,
2018-05-29 12:30:00,5.04,
2018-05-29 12:45:00,5.04,
2018-05-29 13:00:00,5.11,
2018-05-29 13:15:00,33.59,
2018-05-29 13:30:00,45.58,
2018-05-29 13:45:00,55.73,
2018-05-29 14:00:00,46.84,
2018-05-29 14:15:00,47.38,
2018-05-29 14:30:00,53.64,
2018-05-29 14:45:00,45.04,
2018-05-29 15:00:00,65.88,
2018-05-29 15:15:00,47.66,
2018-05-29 15:30:00,46.22,
2018-05-29 15:45:00,62.17,
2018-05-29 16:00:00,44.06,
2018-05-29 16:15:00,45.83,
2018-05-29 16:30:00,52.99,
2018-05-29 16:45:00,48.85,
2018-05-29 17:00:00,54.18,
2018-05-29 17:15:00,54.5,
2018-05-29 17:30:00,47.23,
2018-05-29 17:45:00,15.84,
2018-05-29 18:00:00,8.28,
2018-05-29 18:15:00,33.62,
2018-05-29 18:30:00,40.93,
2018-05-29 18:45:00,39.31,
2018-05-29 19:00:00,36.5,
2018-05-29 19:15:00,35.17,
2018-05-29 19:30:00,40.57,
2018-05-29 19:45:00,37.51,
2018-05-29 20:00:00,36.22,
2018-05-29 20:15:00,40.75,
2018-05-29 20:30:00,35.1,
2018-05-29 20:45:00,29.84,
2018-05-29 21:00:00,7.74,
2018-05-29 21:15:00,5.47,
2018-05-29 21:30:00,3.82,
2018-05-29 21:45:00,3.78,
2018-05-29 22:00:00,3.82,
2018-05-29 22:15:00,3.71,
2018-05-29 22:30:00,3.49,
2018-05-29 22:45:00,3.46,
2018-05-29 23:00:00,3.53,
2018-05-29 23:15:00,3.49,
2018-05-29 23:30:00,3.46,
2018-05-29 23:45:00,3.49,
2018-05-30 00:00:00,3.53,
2018-05-30 00:15:00,3.02,
2018-05-30 00:30:00,2.95,
2018-05-30 00:45:00,2.92,
2018-05-30 01:00:00,3.28,
2018-05-30 01:15:00,3.46,
2018-05-30 01:30:00,2.92,
2018-05-30 01:45:00,2.95,
2018-05-30 02:00:00,2.95,
2018-05-30 02:15:00,2.95,
2018-05-30 02:30:00,2.92,
2018-05-30 02:45:00,2.92,
2018-05-30 03:00:00,2.95,
2018-05-30 03:15:00,3.02,
2018-05-30 03:30:00,2.95,
2018-05-30 03:45:00,2.92,
2018-05-30 04:00:00,3.2,
2018-05-30 04:15:00,3.35,
2018-05-30 04:30:00,2.99,
2018-05-30 04:45:00,3.02,
2018-05-30 05:00:00,2.95,
2018-05-30 05:15:00,2.95,
2018-05-30 05:30:00,2.92,
2018-05-30 05:45:00,2.95,
2018-05-30 06:00:00,3.49,
2018-05-30 06:15:00,3.17,
2018-05-30 06:30:00,2.92,
2018-05-30 06:45:00,2.95,
2018-05-30 07:00:00,2.95,
2018-05-30 07:15:00,2.92,
2018-05-30 07:30:00,3.28,
2018-05-30 07:45:00,3.82,
2018-05-30 08:00:00,5.51,
2018-05-30 08:15:00,33.8,
2018-05-30 08:30:00,56.63,
2018-05-30 08:45:00,51.19,
2018-05-30 09:00:00,56.2,
2018-05-30 09:15:00,47.66,
2018-05-30 09:30:00,68.22,
2018-05-30 09:45:00,109.76,
2018-05-30 10:00:00,109.12,
2018-05-30 10:15:00,82.8,
2018-05-30 10:30:00,102.53,
2018-05-30 10:45:00,109.58,
2018-05-30 11:00:00,59.87,
2018-05-30 11:15:00,91.84,
2018-05-30 11:30:00,116.1,
2018-05-30 11:45:00,49.21,
2018-05-30 12:00:00,47.45,
2018-05-30 12:15:00,10.62,
2018-05-30 12:30:00,4.86,
2018-05-30 12:45:00,4.79,
2018-05-30 13:00:00,4.86,
2018-05-30 13:15:00,37.15,
2018-05-30 13:30:00,51.44,
2018-05-30 13:45:00,45.47,
2018-05-30 14:00:00,45.4,
2018-05-30 14:15:00,49.03,
2018-05-30 14:30:00,75.17,
2018-05-30 14:45:00,96.08,
2018-05-30 15:00:00,106.74,
2018-05-30 15:15:00,77.33,
2018-05-30 15:30:00,91.08,
2018-05-30 15:45:00,87.12,
2018-05-30 16:00:00,95.11,
2018-05-30 16:15:00,115.78,
2018-05-30 16:30:00,67.75,
2018-05-30 16:45:00,108.65,
2018-05-30 17:00:00,104.69,
2018-05-30 17:15:00,91.51,
2018-05-30 17:30:00,108.86,
2018-05-30 17:45:00,32.94,
2018-05-30 18:00:00,29.92,
2018-05-30 18:15:00,55.19,
2018-05-30 18:30:00,94.36,
2018-05-30 18:45:00,104.83,
2018-05-30 19:00:00,46.01,
2018-05-30 19:15:00,43.52,
2018-05-30 19:30:00,58.36,
2018-05-30 19:45:00,52.52,
2018-05-30 20:00:00,67.1,
2018-05-30 20:15:00,107.78,
2018-05-30 20:30:00,101.23,
2018-05-30 20:45:00,68.8,
2018-05-30 21:00:00,63.22,
2018-05-30 21:15:00,7.56,
2018-05-30 21:30:00,3.96,
2018-05-30 21:45:00,3.82,
2018-05-30 22:00:00,3.89,
2018-05-30 22:15:00,3.71,
2018-05-30 22:30:00,3.64,
2018-05-30 22:45:00,3.56,
2018-05-30 23:00:00,3.56,
2018-05-30 23:15:00,3.42,
2018-05-30 23:30:00,3.46,
2018-05-30 23:45:00,3.53,
2018-05-31 00:00:00,2.88,
2018-05-31 00:15:00,3.46,
2018-05-31 00:30:00,3.49,
2018-05-31 00:45:00,3.28,
2018-05-31 01:00:00,2.95,
2018-05-31 01:15:00,3.02,
2018-05-31 01:30:00,2.95,
2018-05-31 01:45:00,3.31,
2018-05-31 02:00:00,3.56,
2018-05-31 02:15:00,3.06,
2018-05-31 02:30:00,2.95,
2018-05-31 02:45:00,2.95,
2018-05-31 03:00:00,2.92,
2018-05-31 03:15:00,2.92,
2018-05-31 03:30:00,2.92,
2018-05-31 03:45:00,2.92,
2018-05-31 04:00:00,2.95,
2018-05-31 04:15:00,3.38,
2018-05-31 04:30:00,3.02,
2018-05-31 04:45:00,2.92,
2018-05-31 05:00:00,2.92,
2018-05-31 05:15:00,2.84,
2018-05-31 05:30:00,2.99,
2018-05-31 05:45:00,2.92,
2018-05-31 06:00:00,2.92,
2018-05-31 06:15:00,2.88,
2018-05-31 06:30:00,2.84,
2018-05-31 06:45:00,2.88,
2018-05-31 07:00:00,2.92,
2018-05-31 07:15:00,2.92,
2018-05-31 07:30:00,3.67,
2018-05-31 07:45:00,4.25,
2018-05-31 08:00:00,4.61,
2018-05-31 08:15:00,66.46,
2018-05-31 08:30:00,80.32,
2018-05-31 08:45:00,67.75,
2018-05-31 09:00:00,133.13,
2018-05-31 09:15:00,95.22,
2018-05-31 09:30:00,54.54,
2018-05-31 09:45:00,115.16,
2018-05-31 10:00:00,121.46,
2018-05-31 10:15:00,99.68,
2018-05-31 10:30:00,110.09,
2018-05-31 10:45:00,49.75,
2018-05-31 11:00:00,57.89,
2018-05-31 11:15:00,60.3,
2018-05-31 11:30:00,46.01,
2018-05-31 11:45:00,64.04,
2018-05-31 12:00:00,47.16,
2018-05-31 12:15:00,6.59,
2018-05-31 12:30:00,5.08,
2018-05-31 12:45:00,5.15,
2018-05-31 13:00:00,5.15,
2018-05-31 13:15:00,57.31,
2018-05-31 13:30:00,51.8,
2018-05-31 13:45:00,68.54,
2018-05-31 14:00:00,50.44,
2018-05-31 14:15:00,52.67,
2018-05-31 14:30:00,47.45,
2018-05-31 14:45:00,42.66,
2018-05-31 15:00:00,64.91,
2018-05-31 15:15:00,91.8,
2018-05-31 15:30:00,107.75,
2018-05-31 15:45:00,82.76,
2018-05-31 16:00:00,116.93,
2018-05-31 16:15:00,52.99,
2018-05-31 16:30:00,59.58,
2018-05-31 16:45:00,88.13,
2018-05-31 17:00:00,39.78,
2018-05-31 17:15:00,34.52,
2018-05-31 17:30:00,48.6,
2018-05-31 17:45:00,45.47,
2018-05-31 18:00:00,41.4,
2018-05-31 18:15:00,27.76,
2018-05-31 18:30:00,5.29,
2018-05-31 18:45:00,3.67,
2018-05-31 19:00:00,3.74,
2018-05-31 19:15:00,3.67,
2018-05-31 19:30:00,3.71,
2018-05-31 19:45:00,3.96,
2018-05-31 20:00:00,4.79,
2018-05-31 20:15:00,3.89,
2018-05-31 20:30:00,3.64,
2018-05-31 20:45:00,3.64,
2018-05-31 21:00:00,3.71,
2018-05-31 21:15:00,3.71,
2018-05-31 21:30:00,3.71,
2018-05-31 21:45:00,3.71,
2018-05-31 22:00:00,3.67,
2018-05-31 22:15:00,3.35,
2018-05-31 22:30:00,2.84,
2018-05-31 22:45:00,2.92,
2018-05-31 23:00:00,2.88,
2018-05-31 23:15:00,2.84,
2018-05-31 23:30:00,2.84,
2018-05-31 23:45:00,2.92,
2018-06-01 00:00:00,4.07,
2018-06-01 00:15:00,2.92,
2018-06-01 00:30:00,2.88,
2018-06-01 00:45:00,3.02,
2018-06-01 01:00:00,3.56,
2018-06-01 01:15:00,3.02,
2018-06-01 01:30:00,2.92,
2018-06-01 01:45:00,3.02,
2018-06-01 02:00:00,3.46,
2018-06-01 02:15:00,2.92,
2018-06-01 02:30:00,3.02,
2018-06-01 02:45:00,2.95,
2018-06-01 03:00:00,2.99,
2018-06-01 03:15:00,2.95,
2018-06-01 03:30:00,2.95,
2018-06-01 03:45:00,2.99,
2018-06-01 04:00:00,2.99,
2018-06-01 04:15:00,2.95,
2018-06-01 04:30:00,3.02,
2018-06-01 04:45:00,2.99,
2018-06-01 05:00:00,3.13,
2018-06-01 05:15:00,3.92,
2018-06-01 05:30:00,3.64,
2018-06-01 05:45:00,3.02,
2018-06-01 06:00:00,2.99,
2018-06-01 06:15:00,2.92,
2018-06-01 06:30:00,2.95,
2018-06-01 06:45:00,2.95,
2018-06-01 07:00:00,2.99,
2018-06-01 07:15:00,2.88,
2018-06-01 07:30:00,3.1,
2018-06-01 07:45:00,3.24,
2018-06-01 08:00:00,3.28,
2018-06-01 08:15:00,32.36,
2018-06-01 08:30:00,51.19,
2018-06-01 08:45:00,51.12,
2018-06-01 09:00:00,58.82,
2018-06-01 09:15:00,58.14,
2018-06-01 09:30:00,58.9,
2018-06-01 09:45:00,45.54,
2018-06-01 10:00:00,42.41,
2018-06-01 10:15:00,40.86,
2018-06-01 10:30:00,54.58,
2018-06-01 10:45:00,49.0,
2018-06-01 11:00:00,72.14,
2018-06-01 11:15:00,52.34,
2018-06-01 11:30:00,70.74,
2018-06-01 11:45:00,50.47,
2018-06-01 12:00:00,39.71,
2018-06-01 12:15:00,7.52,
2018-06-01 12:30:00,6.08,
2018-06-01 12:45:00,6.19,
2018-06-01 13:00:00,6.05,
2018-06-01 13:15:00,42.66,
2018-06-01 13:30:00,39.24,
2018-06-01 13:45:00,40.82,
2018-06-01 14:00:00,44.82,
2018-06-01 14:15:00,46.87,
2018-06-01 14:30:00,55.33,
2018-06-01 14:45:00,56.66,
2018-06-01 15:00:00,55.94,
2018-06-01 15:15:00,56.77,
2018-06-01 15:30:00,40.36,
2018-06-01 15:45:00,41.26,
2018-06-01 16:00:00,46.44,
2018-06-01 16:15:00,58.14,
2018-06-01 16:30:00,56.74,
2018-06-01 16:45:00,63.22,
2018-06-01 17:00:00,44.35,
2018-06-01 17:15:00,54.5,
2018-06-01 17:30:00,42.88,
2018-06-01 17:45:00,35.96,
2018-06-01 18:00:00,49.39,
2018-06-01 18:15:00,34.45,
2018-06-01 18:30:00,8.24,
2018-06-01 18:45:00,3.82,
2018-06-01 19:00:00,3.64,
2018-06-01 19:15:00,4.75,
2018-06-01 19:30:00,4.97,
2018-06-01 19:45:00,3.89,
2018-06-01 20:00:00,3.6,
2018-06-01 20:15:00,3.6,
2018-06-01 20:30:00,3.67,
2018-06-01 20:45:00,3.67,
2018-06-01 21:00:00,3.67,
2018-06-01 21:15:00,3.64,
2018-06-01 21:30:00,3.67,
2018-06-01 21:45:00,3.71,
2018-06-01 22:00:00,3.71,
2018-06-01 22:15:00,3.64,
2018-06-01 22:30:00,3.46,
2018-06-01 22:45:00,3.42,
2018-06-01 23:00:00,3.42,
2018-06-01 23:15:00,3.42,
2018-06-01 23:30:00,3.42,
2018-06-01 23:45:00,3.49,
2018-06-02 00:00:00,2.95,
2018-06-02 00:15:00,4.46,
2018-06-02 00:30:00,3.38,
2018-06-02 00:45:00,2.88,
2018-06-02 01:00:00,2.95,
2018-06-02 01:15:00,2.92,
2018-06-02 01:30:00,2.88,
2018-06-02 01:45:00,2.92,
2018-06-02 02:00:00,2.92,
2018-06-02 02:15:00,2.92,
2018-06-02 02:30:00,2.99,
2018-06-02 02:45:00,2.88,
2018-06-02 03:00:00,2.95,
2018-06-02 03:15:00,2.92,
2018-06-02 03:30:00,3.46,
2018-06-02 03:45:00,2.99,
2018-06-02 04:00:00,2.99,
2018-06-02 04:15:00,2.95,
2018-06-02 04:30:00,2.92,
2018-06-02 04:45:00,2.95,
2018-06-02 05:00:00,2.99,
2018-06-02 05:15:00,3.2,
2018-06-02 05:30:00,3.53,
2018-06-02 05:45:00,3.02,
2018-06-02 06:00:00,2.95,
2018-06-02 06:15:00,2.95,
2018-06-02 06:30:00,2.92,
2018-06-02 06:45:00,3.06,
2018-06-02 07:00:00,3.24,
2018-06-02 07:15:00,3.46,
2018-06-02 07:30:00,2.99,
2018-06-02 07:45:00,3.06,
2018-06-02 08:00:00,3.06,
2018-06-02 08:15:00,5.22,
2018-06-02 08:30:00,24.48,
2018-06-02 08:45:00,9.36,
2018-06-02 09:00:00,3.31,
2018-06-02 09:15:00,3.2,
2018-06-02 09:30:00,3.28,
2018-06-02 09:45:00,3.13,
2018-06-02 10:00:00,3.1,
2018-06-02 10:15:00,3.1,
2018-06-02 10:30:00,3.1,
2018-06-02 10:45:00,3.06,
2018-06-02 11:00:00,4.43,
2018-06-02 11:15:00,6.26,
2018-06-02 11:30:00,5.65,
2018-06-02 11:45:00,3.28,
2018-06-02 12:00:00,3.82,
2018-06-02 12:15:00,3.24,
2018-06-02 12:30:00,3.31,
2018-06-02 12:45:00,3.24,
2018-06-02 13:00:00,3.1,
2018-06-02 13:15:00,3.17,
2018-06-02 13:30:00,5.76,
2018-06-02 13:45:00,5.83,
2018-06-02 14:00:00,6.12,
2018-06-02 14:15:00,3.24,
2018-06-02 14:30:00,3.13,
2018-06-02 14:45:00,3.17,
2018-06-02 15:00:00,5.04,
2018-06-02 15:15:00,3.82,
2018-06-02 15:30:00,4.68,
2018-06-02 15:45:00,6.62,
2018-06-02 16:00:00,4.5,
2018-06-02 16:15:00,4.93,
2018-06-02 16:30:00,4.32,
2018-06-02 16:45:00,4.1,
2018-06-02 17:00:00,3.74,
2018-06-02 17:15:00,3.64,
2018-06-02 17:30:00,3.67,
2018-06-02 17:45:00,3.71,
2018-06-02 18:00:00,3.67,
2018-06-02 18:15:00,3.6,
2018-06-02 18:30:00,3.53,
2018-06-02 18:45:00,3.67,
2018-06-02 19:00:00,3.67,
2018-06-02 19:15:00,3.71,
2018-06-02 19:30:00,3.67,
2018-06-02 19:45:00,4.75,
2018-06-02 20:00:00,3.78,
2018-06-02 20:15:00,3.67,
2018-06-02 20:30:00,3.71,
2018-06-02 20:45:00,3.71,
2018-06-02 21:00:00,3.74,
2018-06-02 21:15:00,3.17,
2018-06-02 21:30:00,3.17,
2018-06-02 21:45:00,3.13,
2018-06-02 22:00:00,3.2,
2018-06-02 22:15:00,3.02,
2018-06-02 22:30:00,2.95,
2018-06-02 22:45:00,2.88,
2018-06-02 23:00:00,2.92,
2018-06-02 23:15:00,2.92,
2018-06-02 23:30:00,2.88,
2018-06-02 23:45:00,2.88,
2018-06-03 00:00:00,2.84,
2018-06-03 00:15:00,3.78,
2018-06-03 00:30:00,4.0,
2018-06-03 00:45:00,2.88,
2018-06-03 01:00:00,2.84,
2018-06-03 01:15:00,2.84,
2018-06-03 01:30:00,2.92,
2018-06-03 01:45:00,2.99,
2018-06-03 02:00:00,3.02,
2018-06-03 02:15:00,2.95,
2018-06-03 02:30:00,2.99,
2018-06-03 02:45:00,3.02,
2018-06-03 03:00:00,3.02,
2018-06-03 03:15:00,2.99,
2018-06-03 03:30:00,2.99,
2018-06-03 03:45:00,2.99,
2018-06-03 04:00:00,2.95,
2018-06-03 04:15:00,3.06,
2018-06-03 04:30:00,3.24,
2018-06-03 04:45:00,3.17,
2018-06-03 05:00:00,3.56,
2018-06-03 05:15:00,3.13,
2018-06-03 05:30:00,2.95,
2018-06-03 05:45:00,2.99,
2018-06-03 06:00:00,2.99,
2018-06-03 06:15:00,2.99,
2018-06-03 06:30:00,2.95,
2018-06-03 06:45:00,2.95,
2018-06-03 07:00:00,3.06,
2018-06-03 07:15:00,2.99,
2018-06-03 07:30:00,3.02,
2018-06-03 07:45:00,3.35,
2018-06-03 08:00:00,2.77,
2018-06-03 08:15:00,2.81,
2018-06-03 08:30:00,2.81,
2018-06-03 08:45:00,2.74,
2018-06-03 09:00:00,2.92,
2018-06-03 09:15:00,2.95,
2018-06-03 09:30:00,2.95,
2018-06-03 09:45:00,3.42,
2018-06-03 10:00:00,3.38,
2018-06-03 10:15:00,2.95,
2018-06-03 10:30:00,2.99,
2018-06-03 10:45:00,2.99,
2018-06-03 11:00:00,2.95,
2018-06-03 11:15:00,2.81,
2018-06-03 11:30:00,3.2,
2018-06-03 11:45:00,3.1,
2018-06-03 12:00:00,2.81,
2018-06-03 12:15:00,2.95,
2018-06-03 12:30:00,3.02,
2018-06-03 12:45:00,3.02,
2018-06-03 13:00:00,3.02,
2018-06-03 13:15:00,3.06,
2018-06-03 13:30:00,2.99,
2018-06-03 13:45:00,2.99,
2018-06-03 14:00:00,2.99,
2018-06-03 14:15:00,2.95,
2018-06-03 14:30:00,2.95,
2018-06-03 14:45:00,3.02,
2018-06-03 15:00:00,3.56,
2018-06-03 15:15:00,3.24,
2018-06-03 15:30:00,3.42,
2018-06-03 15:45:00,3.24,
2018-06-03 16:00:00,2.95,
2018-06-03 16:15:00,2.95,
2018-06-03 16:30:00,3.06,
2018-06-03 16:45:00,2.95,
2018-06-03 17:00:00,2.92,
2018-06-03 17:15:00,2.95,
2018-06-03 17:30:00,2.99,
2018-06-03 17:45:00,2.99,
2018-06-03 18:00:00,3.02,
2018-06-03 18:15:00,2.84,
2018-06-03 18:30:00,2.81,
2018-06-03 18:45:00,2.95,
2018-06-03 19:00:00,2.95,
2018-06-03 19:15:00,2.99,
2018-06-03 19:30:00,2.95,
2018-06-03 19:45:00,2.92,
2018-06-03 20:00:00,3.53,
2018-06-03 20:15:00,3.35,
2018-06-03 20:30:00,3.71,
2018-06-03 20:45:00,3.1,
2018-06-03 21:00:00,3.1,
2018-06-03 21:15:00,3.13,
2018-06-03 21:30:00,3.17,
2018-06-03 21:45:00,3.1,
2018-06-03 22:00:00,3.1,
2018-06-03 22:15:00,3.02,
2018-06-03 22:30:00,2.92,
2018-06-03 22:45:00,2.88,
2018-06-03 23:00:00,2.88,
2018-06-03 23:15:00,2.84,
2018-06-03 23:30:00,3.31,
2018-06-03 23:45:00,3.17,
2018-06-04 00:00:00,3.56,
2018-06-04 00:15:00,2.84,
2018-06-04 00:30:00,2.88,
2018-06-04 00:45:00,2.88,
2018-06-04 01:00:00,2.95,
2018-06-04 01:15:00,3.2,
2018-06-04 01:30:00,3.35,
2018-06-04 01:45:00,2.84,
2018-06-04 02:00:00,2.92,
2018-06-04 02:15:00,2.95,
2018-06-04 02:30:00,2.92,
2018-06-04 02:45:00,2.95,
2018-06-04 03:00:00,2.88,
2018-06-04 03:15:00,2.92,
2018-06-04 03:30:00,2.88,
2018-06-04 03:45:00,3.31,
2018-06-04 04:00:00,3.17,
2018-06-04 04:15:00,2.99,
2018-06-04 04:30:00,2.88,
2018-06-04 04:45:00,2.92,
2018-06-04 05:00:00,2.92,
2018-06-04 05:15:00,2.84,
2018-06-04 05:30:00,3.1,
2018-06-04 05:45:00,3.38,
2018-06-04 06:00:00,2.99,
2018-06-04 06:15:00,2.88,
2018-06-04 06:30:00,2.84,
2018-06-04 06:45:00,2.88,
2018-06-04 07:00:00,2.84,
2018-06-04 07:15:00,2.95,
2018-06-04 07:30:00,3.42,
2018-06-04 07:45:00,3.85,
2018-06-04 08:00:00,3.35,
2018-06-04 08:15:00,30.46,
2018-06-04 08:30:00,39.74,
2018-06-04 08:45:00,45.83,
2018-06-04 09:00:00,59.69,
2018-06-04 09:15:00,72.25,
2018-06-04 09:30:00,56.88,
2018-06-04 09:45:00,74.92,
2018-06-04 10:00:00,46.76,
2018-06-04 10:15:00,61.16,
2018-06-04 10:30:00,90.25,
2018-06-04 10:45:00,92.3,
2018-06-04 11:00:00,69.98,
2018-06-04 11:15:00,61.06,
2018-06-04 11:30:00,83.3,
2018-06-04 11:45:00,46.87,
2018-06-04 12:00:00,61.06,
2018-06-04 12:15:00,5.29,
2018-06-04 12:30:00,5.0,
2018-06-04 12:45:00,4.28,
2018-06-04 13:00:00,4.54,
2018-06-04 13:15:00,69.8,
2018-06-04 13:30:00,56.12,
2018-06-04 13:45:00,69.41,
2018-06-04 14:00:00,98.68,
2018-06-04 14:15:00,107.96,
2018-06-04 14:30:00,58.28,
2018-06-04 14:45:00,108.11,
2018-06-04 15:00:00,54.04,
2018-06-04 15:15:00,66.53,
2018-06-04 15:30:00,52.42,
2018-06-04 15:45:00,64.26,
2018-06-04 16:00:00,74.41,
2018-06-04 16:15:00,61.74,
2018-06-04 16:30:00,47.34,
2018-06-04 16:45:00,89.5,
2018-06-04 17:00:00,105.98,
2018-06-04 17:15:00,98.28,
2018-06-04 17:30:00,63.9,
2018-06-04 17:45:00,37.58,
2018-06-04 18:00:00,33.34,
2018-06-04 18:15:00,65.3,
2018-06-04 18:30:00,86.36,
2018-06-04 18:45:00,110.09,
2018-06-04 19:00:00,90.11,
2018-06-04 19:15:00,115.38,
2018-06-04 19:30:00,102.28,
2018-06-04 19:45:00,80.14,
2018-06-04 20:00:00,106.67,
2018-06-04 20:15:00,117.79,
2018-06-04 20:30:00,62.53,
2018-06-04 20:45:00,104.72,
2018-06-04 21:00:00,102.6,
2018-06-04 21:15:00,8.35,
2018-06-04 21:30:00,4.36,
2018-06-04 21:45:00,3.96,
2018-06-04 22:00:00,3.89,
2018-06-04 22:15:00,3.71,
2018-06-04 22:30:00,3.71,
2018-06-04 22:45:00,3.64,
2018-06-04 23:00:00,3.53,
2018-06-04 23:15:00,4.21,
2018-06-04 23:30:00,4.54,
2018-06-04 23:45:00,4.39,
2018-06-05 00:00:00,3.56,
2018-06-05 00:15:00,3.53,
2018-06-05 00:30:00,3.53,
2018-06-05 00:45:00,3.46,
2018-06-05 01:00:00,3.46,
2018-06-05 01:15:00,3.53,
2018-06-05 01:30:00,3.56,
2018-06-05 01:45:00,3.49,
2018-06-05 02:00:00,3.53,
2018-06-05 02:15:00,3.49,
2018-06-05 02:30:00,3.53,
2018-06-05 02:45:00,3.56,
2018-06-05 03:00:00,3.49,
2018-06-05 03:15:00,3.53,
2018-06-05 03:30:00,3.13,
2018-06-05 03:45:00,2.95,
2018-06-05 04:00:00,2.99,
2018-06-05 04:15:00,3.02,
2018-06-05 04:30:00,3.24,
2018-06-05 04:45:00,3.53,
2018-06-05 05:00:00,2.92,
2018-06-05 05:15:00,2.95,
2018-06-05 05:30:00,2.92,
2018-06-05 05:45:00,2.95,
2018-06-05 06:00:00,2.95,
2018-06-05 06:15:00,2.92,
2018-06-05 06:30:00,2.92,
2018-06-05 06:45:00,3.28,
2018-06-05 07:00:00,3.35,
2018-06-05 07:15:00,3.02,
2018-06-05 07:30:00,3.13,
2018-06-05 07:45:00,3.53,
2018-06-05 08:00:00,3.82,
2018-06-05 08:15:00,32.44,
2018-06-05 08:30:00,41.76,
2018-06-05 08:45:00,45.94,
2018-06-05 09:00:00,66.17,
2018-06-05 09:15:00,54.0,
2018-06-05 09:30:00,65.05,
2018-06-05 09:45:00,48.67,
2018-06-05 10:00:00,41.51,
2018-06-05 10:15:00,41.62,
2018-06-05 10:30:00,49.97,
2018-06-05 10:45:00,58.61,
2018-06-05 11:00:00,54.76,
2018-06-05 11:15:00,89.32,
2018-06-05 11:30:00,101.88,
2018-06-05 11:45:00,116.1,
2018-06-05 12:00:00,77.33,
2018-06-05 12:15:00,10.01,
2018-06-05 12:30:00,5.04,
2018-06-05 12:45:00,4.93,
2018-06-05 13:00:00,4.43,
2018-06-05 13:15:00,68.08,
2018-06-05 13:30:00,124.45,
2018-06-05 13:45:00,87.48,
2018-06-05 14:00:00,101.16,
2018-06-05 14:15:00,102.2,
2018-06-05 14:30:00,69.55,
2018-06-05 14:45:00,109.76,
2018-06-05 15:00:00,104.94,
2018-06-05 15:15:00,68.04,
2018-06-05 15:30:00,65.7,
2018-06-05 15:45:00,125.6,
2018-06-05 16:00:00,89.35,
2018-06-05 16:15:00,110.77,
2018-06-05 16:30:00,104.87,
2018-06-05 16:45:00,78.48,
2018-06-05 17:00:00,88.16,
2018-06-05 17:15:00,119.38,
2018-06-05 17:30:00,66.96,
2018-06-05 17:45:00,30.49,
2018-06-05 18:00:00,30.56,
2018-06-05 18:15:00,65.12,
2018-06-05 18:30:00,125.39,
2018-06-05 18:45:00,88.56,
2018-06-05 19:00:00,122.65,
2018-06-05 19:15:00,95.65,
2018-06-05 19:30:00,124.27,
2018-06-05 19:45:00,86.26,
2018-06-05 20:00:00,88.74,
2018-06-05 20:15:00,87.37,
2018-06-05 20:30:00,116.93,
2018-06-05 20:45:00,83.02,
2018-06-05 21:00:00,85.14,
2018-06-05 21:15:00,7.7,
2018-06-05 21:30:00,4.03,
2018-06-05 21:45:00,4.0,
2018-06-05 22:00:00,3.96,
2018-06-05 22:15:00,3.89,
2018-06-05 22:30:00,3.64,
2018-06-05 22:45:00,3.6,
2018-06-05 23:00:00,3.6,
2018-06-05 23:15:00,3.56,
2018-06-05 23:30:00,4.36,
2018-06-05 23:45:00,4.21,
2018-06-06 00:00:00,2.99,
2018-06-06 00:15:00,3.56,
2018-06-06 00:30:00,3.67,
2018-06-06 00:45:00,3.56,
2018-06-06 01:00:00,3.56,
2018-06-06 01:15:00,3.6,
2018-06-06 01:30:00,3.6,
2018-06-06 01:45:00,3.6,
2018-06-06 02:00:00,3.64,
2018-06-06 02:15:00,3.6,
2018-06-06 02:30:00,3.64,
2018-06-06 02:45:00,3.1,
2018-06-06 03:00:00,3.02,
2018-06-06 03:15:00,3.13,
2018-06-06 03:30:00,3.02,
2018-06-06 03:45:00,2.99,
2018-06-06 04:00:00,3.06,
2018-06-06 04:15:00,3.42,
2018-06-06 04:30:00,3.64,
2018-06-06 04:45:00,3.13,
2018-06-06 05:00:00,3.06,
2018-06-06 05:15:00,3.02,
2018-06-06 05:30:00,3.02,
2018-06-06 05:45:00,3.13,
2018-06-06 06:00:00,3.6,
2018-06-06 06:15:00,3.06,
2018-06-06 06:30:00,2.99,
2018-06-06 06:45:00,2.99,
2018-06-06 07:00:00,2.99,
2018-06-06 07:15:00,2.99,
2018-06-06 07:30:00,3.2,
2018-06-06 07:45:00,3.46,
2018-06-06 08:00:00,7.2,
2018-06-06 08:15:00,69.8,
2018-06-06 08:30:00,94.9,
2018-06-06 08:45:00,102.6,
2018-06-06 09:00:00,110.56,
2018-06-06 09:15:00,90.61,
2018-06-06 09:30:00,102.38,
2018-06-06 09:45:00,122.04,
2018-06-06 10:00:00,55.4,
2018-06-06 10:15:00,42.12,
2018-06-06 10:30:00,43.16,
2018-06-06 10:45:00,39.38,
2018-06-06 11:00:00,40.97,
2018-06-06 11:15:00,56.23,
2018-06-06 11:30:00,39.13,
2018-06-06 11:45:00,45.29,
2018-06-06 12:00:00,42.16,
2018-06-06 12:15:00,7.06,
2018-06-06 12:30:00,5.36,
2018-06-06 12:45:00,5.33,
2018-06-06 13:00:00,4.79,
2018-06-06 13:15:00,28.98,
2018-06-06 13:30:00,52.88,
2018-06-06 13:45:00,56.99,
2018-06-06 14:00:00,115.56,
2018-06-06 14:15:00,88.7,
2018-06-06 14:30:00,81.32,
2018-06-06 14:45:00,78.88,
2018-06-06 15:00:00,110.74,
2018-06-06 15:15:00,123.62,
2018-06-06 15:30:00,85.54,
2018-06-06 15:45:00,95.26,
2018-06-06 16:00:00,56.16,
2018-06-06 16:15:00,50.4,
2018-06-06 16:30:00,111.49,
2018-06-06 16:45:00,126.0,
2018-06-06 17:00:00,115.7,
2018-06-06 17:15:00,88.99,
2018-06-06 17:30:00,92.45,
2018-06-06 17:45:00,127.48,
2018-06-06 18:00:00,37.73,
2018-06-06 18:15:00,4.14,
2018-06-06 18:30:00,3.85,
2018-06-06 18:45:00,3.85,
2018-06-06 19:00:00,3.85,
2018-06-06 19:15:00,3.82,
2018-06-06 19:30:00,3.89,
2018-06-06 19:45:00,3.78,
2018-06-06 20:00:00,3.82,
2018-06-06 20:15:00,3.78,
2018-06-06 20:30:00,3.71,
2018-06-06 20:45:00,4.68,
2018-06-06 21:00:00,4.64,
2018-06-06 21:15:00,3.74,
2018-06-06 21:30:00,3.78,
2018-06-06 21:45:00,3.82,
2018-06-06 22:00:00,3.82,
2018-06-06 22:15:00,3.71,
2018-06-06 22:30:00,3.56,
2018-06-06 22:45:00,3.56,
2018-06-06 23:00:00,2.99,
2018-06-06 23:15:00,2.99,
2018-06-06 23:30:00,2.95,
2018-06-06 23:45:00,3.02,
2018-06-07 00:00:00,3.42,
2018-06-07 00:15:00,3.02,
2018-06-07 00:30:00,2.99,
2018-06-07 00:45:00,2.99,
2018-06-07 01:00:00,2.95,
2018-06-07 01:15:00,2.99,
2018-06-07 01:30:00,2.99,
2018-06-07 01:45:00,3.49,
2018-06-07 02:00:00,3.35,
2018-06-07 02:15:00,3.31,
2018-06-07 02:30:00,3.31,
2018-06-07 02:45:00,3.06,
2018-06-07 03:00:00,3.02,
2018-06-07 03:15:00,2.99,
2018-06-07 03:30:00,2.95,
2018-06-07 03:45:00,2.99,
2018-06-07 04:00:00,3.02,
2018-06-07 04:15:00,3.02,
2018-06-07 04:30:00,2.95,
2018-06-07 04:45:00,2.99,
2018-06-07 05:00:00,2.95,
2018-06-07 05:15:00,2.99,
2018-06-07 05:30:00,3.02,
2018-06-07 05:45:00,2.99,
2018-06-07 06:00:00,2.95,
2018-06-07 06:15:00,2.95,
2018-06-07 06:30:00,3.46,
2018-06-07 06:45:00,3.53,
2018-06-07 07:00:00,3.49,
2018-06-07 07:15:00,3.02,
2018-06-07 07:30:00,3.06,
2018-06-07 07:45:00,3.24,
2018-06-07 08:00:00,3.92,
2018-06-07 08:15:00,78.26,
2018-06-07 08:30:00,105.73,
2018-06-07 08:45:00,104.69,
2018-06-07 09:00:00,95.22,
2018-06-07 09:15:00,105.48,
2018-06-07 09:30:00,67.14,
2018-06-07 09:45:00,62.86,
2018-06-07 10:00:00,40.68,
2018-06-07 10:15:00,45.83,
2018-06-07 10:30:00,47.05,
2018-06-07 10:45:00,49.43,
2018-06-07 11:00:00,59.29,
2018-06-07 11:15:00,56.84,
2018-06-07 11:30:00,45.9,
2018-06-07 11:45:00,48.46,
2018-06-07 12:00:00,46.73,
2018-06-07 12:15:00,5.94,
2018-06-07 12:30:00,5.08,
2018-06-07 12:45:00,5.11,
2018-06-07 13:00:00,5.11,
2018-06-07 13:15:00,42.41,
2018-06-07 13:30:00,70.7,
2018-06-07 13:45:00,76.25,
2018-06-07 14:00:00,92.59,
2018-06-07 14:15:00,86.36,
2018-06-07 14:30:00,83.12,
2018-06-07 14:45:00,82.69,
2018-06-07 15:00:00,84.28,
2018-06-07 15:15:00,106.27,
2018-06-07 15:30:00,112.5,
2018-06-07 15:45:00,78.05,
2018-06-07 16:00:00,40.46,
2018-06-07 16:15:00,38.59,
2018-06-07 16:30:00,58.54,
2018-06-07 16:45:00,47.95,
2018-06-07 17:00:00,51.73,
2018-06-07 17:15:00,45.65,
2018-06-07 17:30:00,45.94,
2018-06-07 17:45:00,30.46,
2018-06-07 18:00:00,29.84,
2018-06-07 18:15:00,38.77,
2018-06-07 18:30:00,55.8,
2018-06-07 18:45:00,57.02,
2018-06-07 19:00:00,40.97,
2018-06-07 19:15:00,41.29,
2018-06-07 19:30:00,61.96,
2018-06-07 19:45:00,48.96,
2018-06-07 20:00:00,49.03,
2018-06-07 20:15:00,52.42,
2018-06-07 20:30:00,68.33,
2018-06-07 20:45:00,40.03,
2018-06-07 21:00:00,14.72,
2018-06-07 21:15:00,6.73,
2018-06-07 21:30:00,3.74,
2018-06-07 21:45:00,3.67,
2018-06-07 22:00:00,3.67,
2018-06-07 22:15:00,3.53,
2018-06-07 22:30:00,3.38,
2018-06-07 22:45:00,3.42,
2018-06-07 23:00:00,3.42,
2018-06-07 23:15:00,3.35,
2018-06-07 23:30:00,3.35,
2018-06-07 23:45:00,3.35,
2018-06-08 00:00:00,3.49,
2018-06-08 00:15:00,3.35,
2018-06-08 00:30:00,3.42,
2018-06-08 00:45:00,3.42,
2018-06-08 01:00:00,3.49,
2018-06-08 01:15:00,3.28,
2018-06-08 01:30:00,2.84,
2018-06-08 01:45:00,2.92,
2018-06-08 02:00:00,2.88,
2018-06-08 02:15:00,2.92,
2018-06-08 02:30:00,2.88,
2018-06-08 02:45:00,2.84,
2018-06-08 03:00:00,2.84,
2018-06-08 03:15:00,2.92,
2018-06-08 03:30:00,2.84,
2018-06-08 03:45:00,2.92,
2018-06-08 04:00:00,2.88,
2018-06-08 04:15:00,2.84,
2018-06-08 04:30:00,2.95,
2018-06-08 04:45:00,2.99,
2018-06-08 05:00:00,3.31,
2018-06-08 05:15:00,3.06,
2018-06-08 05:30:00,3.46,
2018-06-08 05:45:00,3.1,
2018-06-08 06:00:00,2.88,
2018-06-08 06:15:00,2.95,
2018-06-08 06:30:00,2.88,
2018-06-08 06:45:00,2.88,
2018-06-08 07:00:00,3.2,
2018-06-08 07:15:00,3.35,
2018-06-08 07:30:00,3.46,
2018-06-08 07:45:00,3.35,
2018-06-08 08:00:00,3.35,
2018-06-08 08:15:00,33.44,
2018-06-08 08:30:00,56.92,
2018-06-08 08:45:00,60.62,
2018-06-08 09:00:00,55.12,
2018-06-08 09:15:00,48.02,
2018-06-08 09:30:00,45.79,
2018-06-08 09:45:00,50.98,
2018-06-08 10:00:00,41.18,
2018-06-08 10:15:00,39.53,
2018-06-08 10:30:00,45.18,
2018-06-08 10:45:00,63.18,
2018-06-08 11:00:00,54.83,
2018-06-08 11:15:00,63.54,
2018-06-08 11:30:00,54.07,
2018-06-08 11:45:00,48.38,
2018-06-08 12:00:00,46.48,
2018-06-08 12:15:00,8.82,
2018-06-08 12:30:00,4.46,
2018-06-08 12:45:00,4.75,
2018-06-08 13:00:00,5.58,
2018-06-08 13:15:00,50.26,
2018-06-08 13:30:00,52.74,
2018-06-08 13:45:00,42.16,
2018-06-08 14:00:00,39.64,
2018-06-08 14:15:00,48.49,
2018-06-08 14:30:00,50.04,
2018-06-08 14:45:00,53.89,
2018-06-08 15:00:00,53.39,
2018-06-08 15:15:00,40.5,
2018-06-08 15:30:00,47.7,
2018-06-08 15:45:00,54.0,
2018-06-08 16:00:00,45.79,
2018-06-08 16:15:00,52.49,
2018-06-08 16:30:00,44.24,
2018-06-08 16:45:00,35.71,
2018-06-08 17:00:00,46.73,
2018-06-08 17:15:00,46.91,
2018-06-08 17:30:00,33.73,
2018-06-08 17:45:00,27.9,
2018-06-08 18:00:00,28.94,
2018-06-08 18:15:00,31.07,
2018-06-08 18:30:00,33.84,
2018-06-08 18:45:00,52.49,
2018-06-08 19:00:00,37.15,
2018-06-08 19:15:00,54.0,
2018-06-08 19:30:00,45.54,
2018-06-08 19:45:00,46.3,
2018-06-08 20:00:00,53.96,
2018-06-08 20:15:00,38.63,
2018-06-08 20:30:00,56.12,
2018-06-08 20:45:00,30.1,
2018-06-08 21:00:00,4.03,
2018-06-08 21:15:00,4.14,
2018-06-08 21:30:00,3.78,
2018-06-08 21:45:00,3.82,
2018-06-08 22:00:00,3.82,
2018-06-08 22:15:00,3.67,
2018-06-08 22:30:00,3.53,
2018-06-08 22:45:00,3.46,
2018-06-08 23:00:00,4.14,
2018-06-08 23:15:00,4.14,
2018-06-08 23:30:00,3.38,
2018-06-08 23:45:00,3.38,
2018-06-09 00:00:00,2.81,
2018-06-09 00:15:00,3.46,
2018-06-09 00:30:00,3.46,
2018-06-09 00:45:00,2.95,
2018-06-09 01:00:00,2.84,
2018-06-09 01:15:00,2.88,
2018-06-09 01:30:00,2.95,
2018-06-09 01:45:00,2.84,
2018-06-09 02:00:00,2.92,
2018-06-09 02:15:00,2.88,
2018-06-09 02:30:00,2.92,
2018-06-09 02:45:00,2.99,
2018-06-09 03:00:00,2.95,
2018-06-09 03:15:00,2.92,
2018-06-09 03:30:00,3.38,
2018-06-09 03:45:00,3.2,
2018-06-09 04:00:00,2.92,
2018-06-09 04:15:00,2.99,
2018-06-09 04:30:00,2.92,
2018-06-09 04:45:00,2.92,
2018-06-09 05:00:00,3.31,
2018-06-09 05:15:00,3.35,
2018-06-09 05:30:00,2.92,
2018-06-09 05:45:00,2.92,
2018-06-09 06:00:00,2.92,
2018-06-09 06:15:00,2.88,
2018-06-09 06:30:00,2.92,
2018-06-09 06:45:00,2.84,
2018-06-09 07:00:00,2.95,
2018-06-09 07:15:00,2.88,
2018-06-09 07:30:00,2.88,
2018-06-09 07:45:00,2.92,
2018-06-09 08:00:00,2.92,
2018-06-09 08:15:00,3.13,
2018-06-09 08:30:00,3.46,
2018-06-09 08:45:00,2.77,
2018-06-09 09:00:00,2.95,
2018-06-09 09:15:00,3.06,
2018-06-09 09:30:00,3.02,
2018-06-09 09:45:00,3.02,
2018-06-09 10:00:00,3.56,
2018-06-09 10:15:00,3.35,
2018-06-09 10:30:00,3.06,
2018-06-09 10:45:00,3.02,
2018-06-09 11:00:00,3.02,
2018-06-09 11:15:00,2.88,
2018-06-09 11:30:00,2.88,
2018-06-09 11:45:00,2.88,
2018-06-09 12:00:00,2.92,
2018-06-09 12:15:00,3.06,
2018-06-09 12:30:00,3.06,
2018-06-09 12:45:00,3.17,
2018-06-09 13:00:00,3.17,
2018-06-09 13:15:00,3.06,
2018-06-09 13:30:00,2.95,
2018-06-09 13:45:00,2.99,
2018-06-09 14:00:00,3.02,
2018-06-09 14:15:00,3.38,
2018-06-09 14:30:00,3.67,
2018-06-09 14:45:00,3.13,
2018-06-09 15:00:00,3.6,
2018-06-09 15:15:00,3.1,
2018-06-09 15:30:00,3.02,
2018-06-09 15:45:00,2.99,
2018-06-09 16:00:00,2.99,
2018-06-09 16:15:00,3.06,
2018-06-09 16:30:00,3.02,
2018-06-09 16:45:00,3.06,
2018-06-09 17:00:00,3.02,
2018-06-09 17:15:00,3.02,
2018-06-09 17:30:00,3.06,
2018-06-09 17:45:00,3.13,
2018-06-09 18:00:00,3.06,
2018-06-09 18:15:00,2.92,
2018-06-09 18:30:00,2.92,
2018-06-09 18:45:00,3.02,
2018-06-09 19:00:00,3.46,
2018-06-09 19:15:00,3.71,
2018-06-09 19:30:00,3.13,
2018-06-09 19:45:00,3.02,
2018-06-09 20:00:00,2.99,
2018-06-09 20:15:00,3.2,
2018-06-09 20:30:00,3.67,
2018-06-09 20:45:00,3.17,
2018-06-09 21:00:00,3.06,
2018-06-09 21:15:00,3.06,
2018-06-09 21:30:00,3.06,
2018-06-09 21:45:00,3.02,
2018-06-09 22:00:00,3.06,
2018-06-09 22:15:00,2.92,
2018-06-09 22:30:00,2.84,
2018-06-09 22:45:00,2.88,
2018-06-09 23:00:00,2.77,
2018-06-09 23:15:00,2.81,
2018-06-09 23:30:00,2.81,
2018-06-09 23:45:00,2.81,
2018-06-10 00:00:00,2.88,
2018-06-10 00:15:00,3.17,
2018-06-10 00:30:00,3.24,
2018-06-10 00:45:00,2.88,
2018-06-10 01:00:00,2.77,
2018-06-10 01:15:00,2.77,
2018-06-10 01:30:00,3.38,
2018-06-10 01:45:00,3.06,
2018-06-10 02:00:00,2.84,
2018-06-10 02:15:00,2.84,
2018-06-10 02:30:00,2.81,
2018-06-10 02:45:00,2.81,
2018-06-10 03:00:00,2.88,
2018-06-10 03:15:00,2.84,
2018-06-10 03:30:00,2.81,
2018-06-10 03:45:00,2.88,
2018-06-10 04:00:00,2.81,
2018-06-10 04:15:00,2.84,
2018-06-10 04:30:00,3.02,
2018-06-10 04:45:00,3.46,
2018-06-10 05:00:00,2.81,
2018-06-10 05:15:00,2.84,
2018-06-10 05:30:00,2.88,
2018-06-10 05:45:00,2.84,
2018-06-10 06:00:00,2.77,
2018-06-10 06:15:00,3.02,
2018-06-10 06:30:00,3.35,
2018-06-10 06:45:00,2.88,
2018-06-10 07:00:00,2.84,
2018-06-10 07:15:00,2.77,
2018-06-10 07:30:00,2.81,
2018-06-10 07:45:00,2.84,
2018-06-10 08:00:00,2.84,
2018-06-10 08:15:00,2.77,
2018-06-10 08:30:00,2.81,
2018-06-10 08:45:00,2.81,
2018-06-10 09:00:00,3.53,
2018-06-10 09:15:00,3.35,
2018-06-10 09:30:00,3.13,
2018-06-10 09:45:00,3.1,
2018-06-10 10:00:00,3.1,
2018-06-10 10:15:00,3.06,
2018-06-10 10:30:00,3.17,
2018-06-10 10:45:00,3.56,
2018-06-10 11:00:00,3.64,
2018-06-10 11:15:00,2.95,
2018-06-10 11:30:00,3.02,
2018-06-10 11:45:00,2.95,
2018-06-10 12:00:00,2.92,
2018-06-10 12:15:00,3.06,
2018-06-10 12:30:00,3.71,
2018-06-10 12:45:00,3.71,
2018-06-10 13:00:00,3.1,
2018-06-10 13:15:00,3.06,
2018-06-10 13:30:00,3.1,
2018-06-10 13:45:00,3.06,
2018-06-10 14:00:00,3.17,
2018-06-10 14:15:00,3.1,
2018-06-10 14:30:00,3.1,
2018-06-10 14:45:00,3.1,
2018-06-10 15:00:00,3.1,
2018-06-10 15:15:00,3.06,
2018-06-10 15:30:00,3.1,
2018-06-10 15:45:00,3.1,
2018-06-10 16:00:00,3.06,
2018-06-10 16:15:00,3.64,
2018-06-10 16:30:00,3.38,
2018-06-10 16:45:00,3.71,
2018-06-10 17:00:00,3.2,
2018-06-10 17:15:00,3.06,
2018-06-10 17:30:00,3.1,
2018-06-10 17:45:00,3.06,
2018-06-10 18:00:00,3.06,
2018-06-10 18:15:00,2.92,
2018-06-10 18:30:00,2.92,
2018-06-10 18:45:00,3.02,
2018-06-10 19:00:00,3.06,
2018-06-10 19:15:00,3.1,
2018-06-10 19:30:00,3.1,
2018-06-10 19:45:00,3.1,
2018-06-10 20:00:00,3.06,
2018-06-10 20:15:00,3.1,
2018-06-10 20:30:00,3.64,
2018-06-10 20:45:00,3.24,
2018-06-10 21:00:00,3.13,
2018-06-10 21:15:00,3.56,
2018-06-10 21:30:00,3.67,
2018-06-10 21:45:00,3.1,
2018-06-10 22:00:00,3.1,
2018-06-10 22:15:00,3.06,
2018-06-10 22:30:00,2.99,
2018-06-10 22:45:00,2.88,
2018-06-10 23:00:00,2.84,
2018-06-10 23:15:00,2.84,
2018-06-10 23:30:00,2.84,
2018-06-10 23:45:00,2.84,
2018-06-11 00:00:00,3.67,
2018-06-11 00:15:00,3.28,
2018-06-11 00:30:00,3.28,
2018-06-11 00:45:00,2.88,
2018-06-11 01:00:00,2.92,
2018-06-11 01:15:00,2.92,
2018-06-11 01:30:00,2.88,
2018-06-11 01:45:00,2.88,
2018-06-11 02:00:00,2.92,
2018-06-11 02:15:00,3.02,
2018-06-11 02:30:00,3.02,
2018-06-11 02:45:00,3.46,
2018-06-11 03:00:00,3.13,
2018-06-11 03:15:00,2.92,
2018-06-11 03:30:00,2.92,
2018-06-11 03:45:00,2.92,
2018-06-11 04:00:00,2.88,
2018-06-11 04:15:00,3.2,
2018-06-11 04:30:00,3.31,
2018-06-11 04:45:00,2.88,
2018-06-11 05:00:00,2.88,
2018-06-11 05:15:00,2.84,
2018-06-11 05:30:00,2.88,
2018-06-11 05:45:00,2.88,
2018-06-11 06:00:00,2.81,
2018-06-11 06:15:00,2.81,
2018-06-11 06:30:00,2.77,
2018-06-11 06:45:00,2.77,
2018-06-11 07:00:00,2.84,
2018-06-11 07:15:00,2.92,
2018-06-11 07:30:00,4.18,
2018-06-11 07:45:00,4.68,
2018-06-11 08:00:00,4.72,
2018-06-11 08:15:00,41.94,
2018-06-11 08:30:00,69.88,
2018-06-11 08:45:00,55.44,
2018-06-11 09:00:00,75.49,
2018-06-11 09:15:00,66.46,
2018-06-11 09:30:00,61.52,
2018-06-11 09:45:00,51.37,
2018-06-11 10:00:00,92.99,
2018-06-11 10:15:00,113.98,
2018-06-11 10:30:00,84.24,
2018-06-11 10:45:00,112.64,
2018-06-11 11:00:00,90.68,
2018-06-11 11:15:00,133.85,
2018-06-11 11:30:00,86.36,
2018-06-11 11:45:00,78.12,
2018-06-11 12:00:00,68.33,
2018-06-11 12:15:00,4.97,
2018-06-11 12:30:00,3.71,
2018-06-11 12:45:00,3.74,
2018-06-11 13:00:00,3.74,
2018-06-11 13:15:00,50.9,
2018-06-11 13:30:00,59.18,
2018-06-11 13:45:00,60.05,
2018-06-11 14:00:00,54.14,
2018-06-11 14:15:00,89.93,
2018-06-11 14:30:00,121.07,
2018-06-11 14:45:00,96.8,
2018-06-11 15:00:00,117.22,
2018-06-11 15:15:00,88.02,
2018-06-11 15:30:00,40.43,
2018-06-11 15:45:00,47.09,
2018-06-11 16:00:00,56.63,
2018-06-11 16:15:00,46.91,
2018-06-11 16:30:00,43.67,
2018-06-11 16:45:00,54.43,
2018-06-11 17:00:00,57.38,
2018-06-11 17:15:00,51.7,
2018-06-11 17:30:00,41.15,
2018-06-11 17:45:00,29.7,
2018-06-11 18:00:00,28.94,
2018-06-11 18:15:00,43.31,
2018-06-11 18:30:00,44.75,
2018-06-11 18:45:00,65.66,
2018-06-11 19:00:00,97.92,
2018-06-11 19:15:00,58.9,
2018-06-11 19:30:00,72.36,
2018-06-11 19:45:00,124.49,
2018-06-11 20:00:00,111.53,
2018-06-11 20:15:00,69.55,
2018-06-11 20:30:00,108.04,
2018-06-11 20:45:00,76.07,
2018-06-11 21:00:00,37.84,
2018-06-11 21:15:00,9.97,
2018-06-11 21:30:00,6.19,
2018-06-11 21:45:00,4.14,
2018-06-11 22:00:00,4.14,
2018-06-11 22:15:00,3.92,
2018-06-11 22:30:00,3.78,
2018-06-11 22:45:00,3.74,
2018-06-11 23:00:00,3.71,
2018-06-11 23:15:00,3.67,
2018-06-11 23:30:00,3.71,
2018-06-11 23:45:00,3.64,
2018-06-12 00:00:00,3.42,
2018-06-12 00:15:00,3.64,
2018-06-12 00:30:00,4.0,
2018-06-12 00:45:00,4.72,
2018-06-12 01:00:00,4.1,
2018-06-12 01:15:00,3.38,
2018-06-12 01:30:00,3.1,
2018-06-12 01:45:00,3.02,
2018-06-12 02:00:00,3.1,
2018-06-12 02:15:00,3.13,
2018-06-12 02:30:00,3.1,
2018-06-12 02:45:00,3.13,
2018-06-12 03:00:00,3.1,
2018-06-12 03:15:00,3.13,
2018-06-12 03:30:00,3.17,
2018-06-12 03:45:00,3.13,
2018-06-12 04:00:00,3.1,
2018-06-12 04:15:00,3.1,
2018-06-12 04:30:00,3.1,
2018-06-12 04:45:00,3.1,
2018-06-12 05:00:00,3.13,
2018-06-12 05:15:00,3.13,
2018-06-12 05:30:00,3.35,
2018-06-12 05:45:00,3.56,
2018-06-12 06:00:00,3.1,
2018-06-12 06:15:00,3.1,
2018-06-12 06:30:00,3.71,
2018-06-12 06:45:00,3.24,
2018-06-12 07:00:00,2.99,
2018-06-12 07:15:00,3.06,
2018-06-12 07:30:00,3.24,
2018-06-12 07:45:00,3.28,
2018-06-12 08:00:00,3.28,
2018-06-12 08:15:00,69.73,
2018-06-12 08:30:00,115.24,
2018-06-12 08:45:00,81.22,
2018-06-12 09:00:00,59.26,
2018-06-12 09:15:00,59.29,
2018-06-12 09:30:00,60.26,
2018-06-12 09:45:00,51.91,
2018-06-12 10:00:00,57.49,
2018-06-12 10:15:00,46.08,
2018-06-12 10:30:00,44.35,
2018-06-12 10:45:00,46.01,
2018-06-12 11:00:00,54.14,
2018-06-12 11:15:00,61.34,
2018-06-12 11:30:00,49.54,
2018-06-12 11:45:00,60.77,
2018-06-12 12:00:00,45.61,
2018-06-12 12:15:00,20.41,
2018-06-12 12:30:00,4.79,
2018-06-12 12:45:00,4.64,
2018-06-12 13:00:00,4.72,
2018-06-12 13:15:00,39.06,
2018-06-12 13:30:00,47.48,
2018-06-12 13:45:00,50.69,
2018-06-12 14:00:00,62.1,
2018-06-12 14:15:00,102.13,
2018-06-12 14:30:00,80.93,
2018-06-12 14:45:00,93.74,
2018-06-12 15:00:00,91.91,
2018-06-12 15:15:00,55.55,
2018-06-12 15:30:00,110.77,
2018-06-12 15:45:00,91.3,
2018-06-12 16:00:00,63.61,
2018-06-12 16:15:00,67.9,
2018-06-12 16:30:00,68.98,
2018-06-12 16:45:00,86.0,
2018-06-12 17:00:00,77.11,
2018-06-12 17:15:00,66.46,
2018-06-12 17:30:00,82.62,
2018-06-12 17:45:00,32.18,
2018-06-12 18:00:00,31.72,
2018-06-12 18:15:00,58.64,
2018-06-12 18:30:00,83.59,
2018-06-12 18:45:00,96.55,
2018-06-12 19:00:00,112.82,
2018-06-12 19:15:00,63.04,
2018-06-12 19:30:00,99.65,
2018-06-12 19:45:00,113.9,
2018-06-12 20:00:00,78.84,
2018-06-12 20:15:00,101.02,
2018-06-12 20:30:00,79.42,
2018-06-12 20:45:00,81.25,
2018-06-12 21:00:00,54.65,
2018-06-12 21:15:00,5.36,
2018-06-12 21:30:00,3.96,
2018-06-12 21:45:00,3.92,
2018-06-12 22:00:00,3.89,
2018-06-12 22:15:00,3.71,
2018-06-12 22:30:00,3.53,
2018-06-12 22:45:00,3.6,
2018-06-12 23:00:00,3.49,
2018-06-12 23:15:00,3.42,
2018-06-12 23:30:00,3.46,
2018-06-12 23:45:00,3.42,
2018-06-13 00:00:00,2.84,
2018-06-13 00:15:00,3.38,
2018-06-13 00:30:00,3.46,
2018-06-13 00:45:00,3.24,
2018-06-13 01:00:00,2.84,
2018-06-13 01:15:00,2.88,
2018-06-13 01:30:00,2.92,
2018-06-13 01:45:00,3.1,
2018-06-13 02:00:00,3.46,
2018-06-13 02:15:00,2.88,
2018-06-13 02:30:00,2.84,
2018-06-13 02:45:00,2.88,
2018-06-13 03:00:00,2.84,
2018-06-13 03:15:00,2.88,
2018-06-13 03:30:00,2.88,
2018-06-13 03:45:00,3.2,
2018-06-13 04:00:00,3.17,
2018-06-13 04:15:00,2.88,
2018-06-13 04:30:00,2.92,
2018-06-13 04:45:00,2.88,
2018-06-13 05:00:00,2.88,
2018-06-13 05:15:00,2.84,
2018-06-13 05:30:00,2.92,
2018-06-13 05:45:00,2.84,
2018-06-13 06:00:00,2.88,
2018-06-13 06:15:00,2.88,
2018-06-13 06:30:00,3.38,
2018-06-13 06:45:00,3.2,
2018-06-13 07:00:00,2.95,
2018-06-13 07:15:00,2.99,
2018-06-13 07:30:00,3.38,
2018-06-13 07:45:00,3.78,
2018-06-13 08:00:00,3.67,
2018-06-13 08:15:00,34.7,
2018-06-13 08:30:00,56.23,
2018-06-13 08:45:00,71.64,
2018-06-13 09:00:00,76.0,
2018-06-13 09:15:00,86.76,
2018-06-13 09:30:00,82.73,
2018-06-13 09:45:00,51.91,
2018-06-13 10:00:00,65.56,
2018-06-13 10:15:00,83.59,
2018-06-13 10:30:00,45.36,
2018-06-13 10:45:00,78.55,
2018-06-13 11:00:00,72.83,
2018-06-13 11:15:00,105.16,
2018-06-13 11:30:00,60.12,
2018-06-13 11:45:00,61.45,
2018-06-13 12:00:00,51.77,
2018-06-13 12:15:00,7.85,
2018-06-13 12:30:00,7.74,
2018-06-13 12:45:00,7.67,
2018-06-13 13:00:00,7.74,
2018-06-13 13:15:00,7.92,
2018-06-13 13:30:00,8.68,
2018-06-13 13:45:00,7.7,
2018-06-13 14:00:00,7.49,
2018-06-13 14:15:00,7.49,
2018-06-13 14:30:00,7.49,
2018-06-13 14:45:00,7.45,
2018-06-13 15:00:00,7.38,
2018-06-13 15:15:00,7.38,
2018-06-13 15:30:00,3.53,
2018-06-13 15:45:00,3.6,
2018-06-13 16:00:00,3.6,
2018-06-13 16:15:00,3.6,
2018-06-13 16:30:00,3.67,
2018-06-13 16:45:00,3.42,
2018-06-13 17:00:00,3.02,
2018-06-13 17:15:00,3.06,
2018-06-13 17:30:00,3.06,
2018-06-13 17:45:00,3.1,
2018-06-13 18:00:00,3.46,
2018-06-13 18:15:00,3.56,
2018-06-13 18:30:00,2.99,
2018-06-13 18:45:00,2.95,
2018-06-13 19:00:00,3.02,
2018-06-13 19:15:00,3.02,
2018-06-13 19:30:00,3.1,
2018-06-13 19:45:00,3.02,
2018-06-13 20:00:00,3.2,
2018-06-13 20:15:00,3.56,
2018-06-13 20:30:00,3.02,
2018-06-13 20:45:00,3.02,
2018-06-13 21:00:00,3.1,
2018-06-13 21:15:00,3.06,
2018-06-13 21:30:00,3.06,
2018-06-13 21:45:00,3.1,
2018-06-13 22:00:00,3.06,
2018-06-13 22:15:00,2.99,
2018-06-13 22:30:00,2.84,
2018-06-13 22:45:00,2.95,
2018-06-13 23:00:00,3.42,
2018-06-13 23:15:00,2.92,
2018-06-13 23:30:00,2.77,
2018-06-13 23:45:00,2.84,
2018-06-14 00:00:00,3.42,
2018-06-14 00:15:00,3.02,
2018-06-14 00:30:00,3.42,
2018-06-14 00:45:00,2.84,
2018-06-14 01:00:00,2.81,
2018-06-14 01:15:00,2.88,
2018-06-14 01:30:00,2.81,
2018-06-14 01:45:00,2.77,
2018-06-14 02:00:00,2.84,
2018-06-14 02:15:00,2.84,
2018-06-14 02:30:00,2.81,
2018-06-14 02:45:00,2.88,
2018-06-14 03:00:00,2.88,
2018-06-14 03:15:00,3.42,
2018-06-14 03:30:00,2.99,
2018-06-14 03:45:00,2.81,
2018-06-14 04:00:00,2.84,
2018-06-14 04:15:00,2.92,
2018-06-14 04:30:00,2.84,
2018-06-14 04:45:00,3.17,
2018-06-14 05:00:00,3.31,
2018-06-14 05:15:00,2.81,
2018-06-14 05:30:00,2.84,
2018-06-14 05:45:00,2.84,
2018-06-14 06:00:00,2.84,
2018-06-14 06:15:00,2.77,
2018-06-14 06:30:00,2.81,
2018-06-14 06:45:00,2.81,
2018-06-14 07:00:00,2.84,
2018-06-14 07:15:00,2.95,
2018-06-14 07:30:00,3.31,
2018-06-14 07:45:00,3.35,
2018-06-14 08:00:00,4.36,
2018-06-14 08:15:00,80.24,
2018-06-14 08:30:00,113.08,
2018-06-14 08:45:00,83.34,
2018-06-14 09:00:00,75.38,
2018-06-14 09:15:00,59.76,
2018-06-14 09:30:00,54.54,
2018-06-14 09:45:00,58.25,
2018-06-14 10:00:00,45.58,
2018-06-14 10:15:00,46.01,
2018-06-14 10:30:00,56.41,
2018-06-14 10:45:00,92.74,
2018-06-14 11:00:00,79.24,
2018-06-14 11:15:00,104.04,
2018-06-14 11:30:00,82.04,
2018-06-14 11:45:00,104.04,
2018-06-14 12:00:00,98.86,
2018-06-14 12:15:00,17.5,
2018-06-14 12:30:00,7.06,
2018-06-14 12:45:00,6.77,
2018-06-14 13:00:00,6.7,
2018-06-14 13:15:00,6.48,
2018-06-14 13:30:00,7.34,
2018-06-14 13:45:00,7.42,
2018-06-14 14:00:00,7.27,
2018-06-14 14:15:00,22.14,
2018-06-14 14:30:00,74.45,
2018-06-14 14:45:00,97.06,
2018-06-14 15:00:00,56.7,
2018-06-14 15:15:00,57.85,
2018-06-14 15:30:00,64.66,
2018-06-14 15:45:00,63.36,
2018-06-14 16:00:00,62.17,
2018-06-14 16:15:00,57.28,
2018-06-14 16:30:00,48.17,
2018-06-14 16:45:00,49.68,
2018-06-14 17:00:00,57.74,
2018-06-14 17:15:00,72.0,
2018-06-14 17:30:00,64.48,
2018-06-14 17:45:00,30.02,
2018-06-14 18:00:00,30.49,
2018-06-14 18:15:00,39.06,
2018-06-14 18:30:00,56.12,
2018-06-14 18:45:00,78.7,
2018-06-14 19:00:00,60.08,
2018-06-14 19:15:00,62.89,
2018-06-14 19:30:00,49.97,
2018-06-14 19:45:00,51.88,
2018-06-14 20:00:00,54.4,
2018-06-14 20:15:00,54.5,
2018-06-14 20:30:00,43.2,
2018-06-14 20:45:00,56.88,
2018-06-14 21:00:00,43.2,
2018-06-14 21:15:00,11.99,
2018-06-14 21:30:00,3.89,
2018-06-14 21:45:00,3.85,
2018-06-14 22:00:00,3.89,
2018-06-14 22:15:00,3.74,
2018-06-14 22:30:00,3.56,
2018-06-14 22:45:00,3.46,
2018-06-14 23:00:00,3.46,
2018-06-14 23:15:00,4.46,
2018-06-14 23:30:00,3.96,
2018-06-14 23:45:00,3.46,
2018-06-15 00:00:00,3.46,
2018-06-15 00:15:00,3.42,
2018-06-15 00:30:00,3.53,
2018-06-15 00:45:00,3.6,
2018-06-15 01:00:00,3.46,
2018-06-15 01:15:00,3.17,
2018-06-15 01:30:00,2.88,
2018-06-15 01:45:00,2.92,
2018-06-15 02:00:00,2.95,
2018-06-15 02:15:00,2.88,
2018-06-15 02:30:00,2.84,
2018-06-15 02:45:00,2.92,
2018-06-15 03:00:00,2.92,
2018-06-15 03:15:00,2.92,
2018-06-15 03:30:00,3.02,
2018-06-15 03:45:00,2.88,
2018-06-15 04:00:00,3.13,
2018-06-15 04:15:00,3.49,
2018-06-15 04:30:00,3.06,
2018-06-15 04:45:00,2.95,
2018-06-15 05:00:00,2.92,
2018-06-15 05:15:00,3.17,
2018-06-15 05:30:00,3.35,
2018-06-15 05:45:00,2.92,
2018-06-15 06:00:00,2.95,
2018-06-15 06:15:00,2.95,
2018-06-15 06:30:00,2.95,
2018-06-15 06:45:00,2.88,
2018-06-15 07:00:00,2.88,
2018-06-15 07:15:00,3.02,
2018-06-15 07:30:00,3.17,
2018-06-15 07:45:00,3.1,
2018-06-15 08:00:00,3.06,
2018-06-15 08:15:00,34.38,
2018-06-15 08:30:00,39.74,
2018-06-15 08:45:00,48.1,
2018-06-15 09:00:00,48.56,
2018-06-15 09:15:00,45.58,
2018-06-15 09:30:00,61.81,
2018-06-15 09:45:00,61.63,
2018-06-15 10:00:00,53.75,
2018-06-15 10:15:00,40.64,
2018-06-15 10:30:00,41.18,
2018-06-15 10:45:00,43.16,
2018-06-15 11:00:00,53.57,
2018-06-15 11:15:00,49.93,
2018-06-15 11:30:00,73.4,
2018-06-15 11:45:00,71.86,
2018-06-15 12:00:00,50.15,
2018-06-15 12:15:00,9.65,
2018-06-15 12:30:00,10.26,
2018-06-15 12:45:00,8.39,
2018-06-15 13:00:00,8.17,
2018-06-15 13:15:00,33.3,
2018-06-15 13:30:00,78.34,
2018-06-15 13:45:00,69.48,
2018-06-15 14:00:00,67.61,
2018-06-15 14:15:00,58.0,
2018-06-15 14:30:00,68.47,
2018-06-15 14:45:00,65.38,
2018-06-15 15:00:00,62.14,
2018-06-15 15:15:00,62.64,
2018-06-15 15:30:00,59.18,
2018-06-15 15:45:00,55.8,
2018-06-15 16:00:00,45.97,
2018-06-15 16:15:00,53.1,
2018-06-15 16:30:00,54.29,
2018-06-15 16:45:00,58.5,
2018-06-15 17:00:00,92.84,
2018-06-15 17:15:00,83.63,
2018-06-15 17:30:00,92.05,
2018-06-15 17:45:00,33.12,
2018-06-15 18:00:00,32.87,
2018-06-15 18:15:00,62.82,
2018-06-15 18:30:00,73.66,
2018-06-15 18:45:00,84.96,
2018-06-15 19:00:00,97.99,
2018-06-15 19:15:00,83.7,
2018-06-15 19:30:00,79.56,
2018-06-15 19:45:00,101.74,
2018-06-15 20:00:00,71.46,
2018-06-15 20:15:00,98.39,
2018-06-15 20:30:00,97.52,
2018-06-15 20:45:00,74.48,
2018-06-15 21:00:00,52.38,
2018-06-15 21:15:00,4.36,
2018-06-15 21:30:00,4.0,
2018-06-15 21:45:00,3.85,
2018-06-15 22:00:00,3.82,
2018-06-15 22:15:00,3.74,
2018-06-15 22:30:00,3.6,
2018-06-15 22:45:00,3.53,
2018-06-15 23:00:00,3.42,
2018-06-15 23:15:00,3.42,
2018-06-15 23:30:00,3.42,
2018-06-15 23:45:00,3.35,
2018-06-16 00:00:00,2.99,
2018-06-16 00:15:00,3.38,
2018-06-16 00:30:00,3.74,
2018-06-16 00:45:00,4.03,
2018-06-16 01:00:00,2.92,
2018-06-16 01:15:00,2.84,
2018-06-16 01:30:00,2.92,
2018-06-16 01:45:00,2.84,
2018-06-16 02:00:00,2.88,
2018-06-16 02:15:00,2.92,
2018-06-16 02:30:00,2.88,
2018-06-16 02:45:00,2.84,
2018-06-16 03:00:00,2.92,
2018-06-16 03:15:00,2.92,
2018-06-16 03:30:00,2.84,
2018-06-16 03:45:00,2.84,
2018-06-16 04:00:00,2.88,
2018-06-16 04:15:00,2.99,
2018-06-16 04:30:00,2.92,
2018-06-16 04:45:00,2.92,
2018-06-16 05:00:00,3.28,
2018-06-16 05:15:00,4.32,
2018-06-16 05:30:00,2.99,
2018-06-16 05:45:00,2.95,
2018-06-16 06:00:00,2.92,
2018-06-16 06:15:00,2.88,
2018-06-16 06:30:00,2.88,
2018-06-16 06:45:00,2.92,
2018-06-16 07:00:00,2.95,
2018-06-16 07:15:00,2.95,
2018-06-16 07:30:00,3.17,
2018-06-16 07:45:00,3.74,
2018-06-16 08:00:00,6.55,
2018-06-16 08:15:00,27.76,
2018-06-16 08:30:00,27.58,
2018-06-16 08:45:00,28.37,
2018-06-16 09:00:00,27.47,
2018-06-16 09:15:00,24.44,
2018-06-16 09:30:00,24.08,
2018-06-16 09:45:00,22.93,
2018-06-16 10:00:00,22.43,
2018-06-16 10:15:00,22.28,
2018-06-16 10:30:00,22.9,
2018-06-16 10:45:00,18.5,
2018-06-16 11:00:00,3.46,
2018-06-16 11:15:00,4.46,
2018-06-16 11:30:00,5.33,
2018-06-16 11:45:00,5.44,
2018-06-16 12:00:00,4.68,
2018-06-16 12:15:00,3.56,
2018-06-16 12:30:00,3.64,
2018-06-16 12:45:00,3.35,
2018-06-16 13:00:00,3.24,
2018-06-16 13:15:00,3.28,
2018-06-16 13:30:00,3.85,
2018-06-16 13:45:00,6.44,
2018-06-16 14:00:00,6.44,
2018-06-16 14:15:00,6.16,
2018-06-16 14:30:00,6.23,
2018-06-16 14:45:00,4.72,
2018-06-16 15:00:00,4.61,
2018-06-16 15:15:00,4.86,
2018-06-16 15:30:00,23.44,
2018-06-16 15:45:00,22.72,
2018-06-16 16:00:00,24.62,
2018-06-16 16:15:00,26.53,
2018-06-16 16:30:00,9.43,
2018-06-16 16:45:00,4.07,
2018-06-16 17:00:00,4.36,
2018-06-16 17:15:00,3.96,
2018-06-16 17:30:00,3.71,
2018-06-16 17:45:00,3.71,
2018-06-16 18:00:00,3.71,
2018-06-16 18:15:00,3.67,
2018-06-16 18:30:00,3.53,
2018-06-16 18:45:00,3.67,
2018-06-16 19:00:00,3.74,
2018-06-16 19:15:00,3.71,
2018-06-16 19:30:00,3.71,
2018-06-16 19:45:00,3.82,
2018-06-16 20:00:00,3.71,
2018-06-16 20:15:00,4.1,
2018-06-16 20:30:00,4.9,
2018-06-16 20:45:00,3.71,
2018-06-16 21:00:00,3.74,
2018-06-16 21:15:00,3.67,
2018-06-16 21:30:00,3.1,
2018-06-16 21:45:00,3.2,
2018-06-16 22:00:00,3.17,
2018-06-16 22:15:00,3.06,
2018-06-16 22:30:00,2.95,
2018-06-16 22:45:00,2.95,
2018-06-16 23:00:00,2.92,
2018-06-16 23:15:00,2.88,
2018-06-16 23:30:00,2.88,
2018-06-16 23:45:00,2.88,
2018-06-17 00:00:00,2.74,
2018-06-17 00:15:00,2.77,
2018-06-17 00:30:00,2.74,
2018-06-17 00:45:00,2.95,
2018-06-17 01:00:00,3.53,
2018-06-17 01:15:00,3.46,
2018-06-17 01:30:00,2.88,
2018-06-17 01:45:00,2.74,
2018-06-17 02:00:00,2.81,
2018-06-17 02:15:00,2.77,
2018-06-17 02:30:00,2.74,
2018-06-17 02:45:00,2.77,
2018-06-17 03:00:00,2.77,
2018-06-17 03:15:00,2.77,
2018-06-17 03:30:00,2.77,
2018-06-17 03:45:00,2.77,
2018-06-17 04:00:00,2.77,
2018-06-17 04:15:00,2.74,
2018-06-17 04:30:00,2.81,
2018-06-17 04:45:00,2.84,
2018-06-17 05:00:00,3.35,
2018-06-17 05:15:00,3.42,
2018-06-17 05:30:00,3.02,
2018-06-17 05:45:00,2.77,
2018-06-17 06:00:00,2.81,
2018-06-17 06:15:00,2.74,
2018-06-17 06:30:00,2.74,
2018-06-17 06:45:00,2.74,
2018-06-17 07:00:00,2.74,
2018-06-17 07:15:00,2.81,
2018-06-17 07:30:00,2.81,
2018-06-17 07:45:00,2.74,
2018-06-17 08:00:00,2.74,
2018-06-17 08:15:00,2.74,
2018-06-17 08:30:00,2.77,
2018-06-17 08:45:00,2.88,
2018-06-17 09:00:00,3.49,
2018-06-17 09:15:00,3.1,
2018-06-17 09:30:00,2.99,
2018-06-17 09:45:00,2.99,
2018-06-17 10:00:00,3.2,
2018-06-17 10:15:00,3.6,
2018-06-17 10:30:00,3.17,
2018-06-17 10:45:00,2.99,
2018-06-17 11:00:00,2.95,
2018-06-17 11:15:00,2.84,
2018-06-17 11:30:00,2.81,
2018-06-17 11:45:00,2.81,
2018-06-17 12:00:00,2.92,
2018-06-17 12:15:00,2.99,
2018-06-17 12:30:00,3.06,
2018-06-17 12:45:00,3.02,
2018-06-17 13:00:00,3.06,
2018-06-17 13:15:00,3.06,
2018-06-17 13:30:00,3.06,
2018-06-17 13:45:00,3.13,
2018-06-17 14:00:00,3.56,
2018-06-17 14:15:00,3.02,
2018-06-17 14:30:00,3.02,
2018-06-17 14:45:00,3.02,
2018-06-17 15:00:00,2.95,
2018-06-17 15:15:00,3.06,
2018-06-17 15:30:00,3.02,
2018-06-17 15:45:00,3.56,
2018-06-17 16:00:00,3.31,
2018-06-17 16:15:00,2.99,
2018-06-17 16:30:00,2.95,
2018-06-17 16:45:00,3.06,
2018-06-17 17:00:00,2.95,
2018-06-17 17:15:00,2.95,
2018-06-17 17:30:00,2.95,
2018-06-17 17:45:00,2.99,
2018-06-17 18:00:00,3.17,
2018-06-17 18:15:00,3.42,
2018-06-17 18:30:00,2.84,
2018-06-17 18:45:00,2.92,
2018-06-17 19:00:00,2.99,
2018-06-17 19:15:00,2.95,
2018-06-17 19:30:00,2.95,
2018-06-17 19:45:00,2.99,
2018-06-17 20:00:00,2.99,
2018-06-17 20:15:00,3.1,
2018-06-17 20:30:00,2.95,
2018-06-17 20:45:00,2.95,
2018-06-17 21:00:00,3.17,
2018-06-17 21:15:00,3.64,
2018-06-17 21:30:00,3.17,
2018-06-17 21:45:00,2.99,
2018-06-17 22:00:00,2.99,
2018-06-17 22:15:00,2.95,
2018-06-17 22:30:00,2.77,
2018-06-17 22:45:00,3.06,
2018-06-17 23:00:00,3.02,
2018-06-17 23:15:00,2.66,
2018-06-17 23:30:00,2.74,
2018-06-17 23:45:00,2.77,
2018-06-18 00:00:00,3.28,
2018-06-18 00:15:00,2.74,
2018-06-18 00:30:00,2.74,
2018-06-18 00:45:00,2.74,
2018-06-18 01:00:00,2.77,
2018-06-18 01:15:00,2.77,
2018-06-18 01:30:00,2.81,
2018-06-18 01:45:00,2.77,
2018-06-18 02:00:00,2.77,
2018-06-18 02:15:00,3.28,
2018-06-18 02:30:00,3.24,
2018-06-18 02:45:00,3.35,
2018-06-18 03:00:00,2.84,
2018-06-18 03:15:00,2.84,
2018-06-18 03:30:00,2.77,
2018-06-18 03:45:00,2.74,
2018-06-18 04:00:00,2.74,
2018-06-18 04:15:00,2.74,
2018-06-18 04:30:00,2.74,
2018-06-18 04:45:00,2.81,
2018-06-18 05:00:00,2.74,
2018-06-18 05:15:00,2.66,
2018-06-18 05:30:00,2.7,
2018-06-18 05:45:00,2.7,
2018-06-18 06:00:00,3.13,
2018-06-18 06:15:00,2.92,
2018-06-18 06:30:00,2.7,
2018-06-18 06:45:00,2.7,
2018-06-18 07:00:00,2.66,
2018-06-18 07:15:00,2.84,
2018-06-18 07:30:00,3.46,
2018-06-18 07:45:00,4.32,
2018-06-18 08:00:00,5.26,
2018-06-18 08:15:00,66.17,
2018-06-18 08:30:00,77.04,
2018-06-18 08:45:00,92.41,
2018-06-18 09:00:00,111.78,
2018-06-18 09:15:00,86.11,
2018-06-18 09:30:00,92.52,
2018-06-18 09:45:00,82.33,
2018-06-18 10:00:00,89.89,
2018-06-18 10:15:00,77.58,
2018-06-18 10:30:00,72.54,
2018-06-18 10:45:00,82.37,
2018-06-18 11:00:00,92.92,
2018-06-18 11:15:00,98.06,
2018-06-18 11:30:00,66.96,
2018-06-18 11:45:00,87.52,
2018-06-18 12:00:00,71.71,
2018-06-18 12:15:00,12.49,
2018-06-18 12:30:00,4.93,
2018-06-18 12:45:00,4.93,
2018-06-18 13:00:00,5.62,
2018-06-18 13:15:00,72.65,
2018-06-18 13:30:00,83.52,
2018-06-18 13:45:00,88.74,
2018-06-18 14:00:00,70.13,
2018-06-18 14:15:00,95.0,
2018-06-18 14:30:00,94.36,
2018-06-18 14:45:00,60.08,
2018-06-18 15:00:00,52.49,
2018-06-18 15:15:00,53.28,
2018-06-18 15:30:00,69.37,
2018-06-18 15:45:00,96.12,
2018-06-18 16:00:00,84.67,
2018-06-18 16:15:00,71.68,
2018-06-18 16:30:00,50.72,
2018-06-18 16:45:00,42.91,
2018-06-18 17:00:00,59.47,
2018-06-18 17:15:00,43.74,
2018-06-18 17:30:00,43.56,
2018-06-18 17:45:00,29.05,
2018-06-18 18:00:00,28.94,
2018-06-18 18:15:00,42.55,
2018-06-18 18:30:00,43.34,
2018-06-18 18:45:00,39.85,
2018-06-18 19:00:00,40.46,
2018-06-18 19:15:00,43.2,
2018-06-18 19:30:00,32.58,
2018-06-18 19:45:00,35.06,
2018-06-18 20:00:00,37.37,
2018-06-18 20:15:00,35.6,
2018-06-18 20:30:00,28.55,
2018-06-18 20:45:00,26.24,
2018-06-18 21:00:00,7.31,
2018-06-18 21:15:00,6.12,
2018-06-18 21:30:00,3.85,
2018-06-18 21:45:00,3.89,
2018-06-18 22:00:00,3.82,
2018-06-18 22:15:00,3.67,
2018-06-18 22:30:00,3.49,
2018-06-18 22:45:00,3.42,
2018-06-18 23:00:00,3.49,
2018-06-18 23:15:00,3.42,
2018-06-18 23:30:00,3.2,
2018-06-18 23:45:00,2.74,
2018-06-19 00:00:00,3.06,
2018-06-19 00:15:00,2.99,
2018-06-19 00:30:00,2.81,
2018-06-19 00:45:00,2.81,
2018-06-19 01:00:00,2.74,
2018-06-19 01:15:00,2.74,
2018-06-19 01:30:00,2.74,
2018-06-19 01:45:00,2.77,
2018-06-19 02:00:00,2.81,
2018-06-19 02:15:00,2.77,
2018-06-19 02:30:00,2.74,
2018-06-19 02:45:00,2.77,
2018-06-19 03:00:00,2.74,
2018-06-19 03:15:00,3.24,
2018-06-19 03:30:00,3.02,
2018-06-19 03:45:00,2.74,
2018-06-19 04:00:00,2.74,
2018-06-19 04:15:00,2.77,
2018-06-19 04:30:00,2.77,
2018-06-19 04:45:00,2.84,
2018-06-19 05:00:00,2.77,
2018-06-19 05:15:00,2.77,
2018-06-19 05:30:00,3.31,
2018-06-19 05:45:00,3.1,
2018-06-19 06:00:00,2.7,
2018-06-19 06:15:00,2.81,
2018-06-19 06:30:00,2.74,
2018-06-19 06:45:00,2.84,
2018-06-19 07:00:00,2.88,
2018-06-19 07:15:00,3.64,
2018-06-19 07:30:00,3.2,
2018-06-19 07:45:00,3.35,
2018-06-19 08:00:00,3.17,
2018-06-19 08:15:00,26.35,
2018-06-19 08:30:00,32.9,
2018-06-19 08:45:00,67.86,
2018-06-19 09:00:00,79.88,
2018-06-19 09:15:00,79.06,
2018-06-19 09:30:00,86.22,
2018-06-19 09:45:00,64.12,
2018-06-19 10:00:00,39.53,
2018-06-19 10:15:00,37.26,
2018-06-19 10:30:00,38.38,
2018-06-19 10:45:00,39.13,
2018-06-19 11:00:00,39.02,
2018-06-19 11:15:00,34.06,
2018-06-19 11:30:00,35.64,
2018-06-19 11:45:00,42.01,
2018-06-19 12:00:00,47.45,
2018-06-19 12:15:00,10.01,
2018-06-19 12:30:00,6.23,
2018-06-19 12:45:00,6.23,
2018-06-19 13:00:00,7.06,
2018-06-19 13:15:00,32.33,
2018-06-19 13:30:00,43.27,
2018-06-19 13:45:00,43.81,
2018-06-19 14:00:00,45.11,
2018-06-19 14:15:00,50.83,
2018-06-19 14:30:00,73.26,
2018-06-19 14:45:00,48.67,
2018-06-19 15:00:00,81.07,
2018-06-19 15:15:00,73.84,
2018-06-19 15:30:00,66.96,
2018-06-19 15:45:00,91.91,
2018-06-19 16:00:00,91.44,
2018-06-19 16:15:00,65.99,
2018-06-19 16:30:00,54.4,
2018-06-19 16:45:00,49.28,
2018-06-19 17:00:00,43.67,
2018-06-19 17:15:00,42.55,
2018-06-19 17:30:00,41.33,
2018-06-19 17:45:00,30.1,
2018-06-19 18:00:00,29.77,
2018-06-19 18:15:00,35.82,
2018-06-19 18:30:00,54.43,
2018-06-19 18:45:00,49.03,
2018-06-19 19:00:00,44.93,
2018-06-19 19:15:00,38.41,
2018-06-19 19:30:00,51.19,
2018-06-19 19:45:00,49.57,
2018-06-19 20:00:00,43.31,
2018-06-19 20:15:00,35.03,
2018-06-19 20:30:00,32.87,
2018-06-19 20:45:00,32.44,
2018-06-19 21:00:00,14.98,
2018-06-19 21:15:00,6.66,
2018-06-19 21:30:00,4.14,
2018-06-19 21:45:00,4.0,
2018-06-19 22:00:00,3.92,
2018-06-19 22:15:00,3.89,
2018-06-19 22:30:00,3.71,
2018-06-19 22:45:00,3.74,
2018-06-19 23:00:00,3.67,
2018-06-19 23:15:00,3.67,
2018-06-19 23:30:00,3.56,
2018-06-19 23:45:00,3.53,
2018-06-20 00:00:00,3.49,
2018-06-20 00:15:00,3.1,
2018-06-20 00:30:00,3.1,
2018-06-20 00:45:00,3.1,
2018-06-20 01:00:00,3.13,
2018-06-20 01:15:00,3.1,
2018-06-20 01:30:00,3.64,
2018-06-20 01:45:00,3.53,
2018-06-20 02:00:00,3.1,
2018-06-20 02:15:00,3.1,
2018-06-20 02:30:00,3.1,
2018-06-20 02:45:00,3.06,
2018-06-20 03:00:00,3.13,
2018-06-20 03:15:00,3.78,
2018-06-20 03:30:00,3.31,
2018-06-20 03:45:00,3.1,
2018-06-20 04:00:00,3.1,
2018-06-20 04:15:00,3.13,
2018-06-20 04:30:00,3.17,
2018-06-20 04:45:00,3.13,
2018-06-20 05:00:00,3.1,
2018-06-20 05:15:00,3.13,
2018-06-20 05:30:00,3.1,
2018-06-20 05:45:00,3.17,
2018-06-20 06:00:00,3.2,
2018-06-20 06:15:00,3.1,
2018-06-20 06:30:00,3.49,
2018-06-20 06:45:00,3.56,
2018-06-20 07:00:00,3.06,
2018-06-20 07:15:00,3.13,
2018-06-20 07:30:00,3.92,
2018-06-20 07:45:00,3.6,
2018-06-20 08:00:00,13.18,
2018-06-20 08:15:00,59.4,
2018-06-20 08:30:00,64.69,
2018-06-20 08:45:00,107.21,
2018-06-20 09:00:00,97.78,
2018-06-20 09:15:00,92.05,
2018-06-20 09:30:00,109.08,
2018-06-20 09:45:00,65.92,
2018-06-20 10:00:00,99.4,
2018-06-20 10:15:00,94.32,
2018-06-20 10:30:00,69.12,
2018-06-20 10:45:00,102.17,
2018-06-20 11:00:00,105.95,
2018-06-20 11:15:00,90.68,
2018-06-20 11:30:00,105.34,
2018-06-20 11:45:00,83.66,
2018-06-20 12:00:00,103.18,
2018-06-20 12:15:00,9.32,
2018-06-20 12:30:00,3.92,
2018-06-20 12:45:00,4.1,
2018-06-20 13:00:00,4.75,
2018-06-20 13:15:00,34.56,
2018-06-20 13:30:00,110.99,
2018-06-20 13:45:00,74.38,
2018-06-20 14:00:00,110.02,
2018-06-20 14:15:00,101.77,
2018-06-20 14:30:00,89.39,
2018-06-20 14:45:00,90.04,
2018-06-20 15:00:00,79.09,
2018-06-20 15:15:00,60.7,
2018-06-20 15:30:00,55.91,
2018-06-20 15:45:00,55.62,
2018-06-20 16:00:00,62.57,
2018-06-20 16:15:00,60.08,
2018-06-20 16:30:00,52.16,
2018-06-20 16:45:00,64.8,
2018-06-20 17:00:00,51.52,
2018-06-20 17:15:00,49.57,
2018-06-20 17:30:00,50.98,
2018-06-20 17:45:00,32.47,
2018-06-20 18:00:00,31.14,
2018-06-20 18:15:00,32.08,
2018-06-20 18:30:00,40.43,
2018-06-20 18:45:00,44.39,
2018-06-20 19:00:00,53.03,
2018-06-20 19:15:00,44.68,
2018-06-20 19:30:00,45.43,
2018-06-20 19:45:00,50.36,
2018-06-20 20:00:00,38.84,
2018-06-20 20:15:00,42.98,
2018-06-20 20:30:00,41.65,
2018-06-20 20:45:00,27.54,
2018-06-20 21:00:00,7.6,
2018-06-20 21:15:00,6.55,
2018-06-20 21:30:00,3.78,
2018-06-20 21:45:00,3.74,
2018-06-20 22:00:00,3.85,
2018-06-20 22:15:00,3.67,
2018-06-20 22:30:00,3.49,
2018-06-20 22:45:00,3.42,
2018-06-20 23:00:00,3.46,
2018-06-20 23:15:00,3.38,
2018-06-20 23:30:00,3.49,
2018-06-20 23:45:00,3.38,
2018-06-21 00:00:00,4.14,
2018-06-21 00:15:00,4.5,
2018-06-21 00:30:00,4.07,
2018-06-21 00:45:00,3.46,
2018-06-21 01:00:00,2.92,
2018-06-21 01:15:00,2.92,
2018-06-21 01:30:00,2.84,
2018-06-21 01:45:00,2.88,
2018-06-21 02:00:00,2.92,
2018-06-21 02:15:00,2.95,
2018-06-21 02:30:00,2.88,
2018-06-21 02:45:00,2.92,
2018-06-21 03:00:00,2.92,
2018-06-21 03:15:00,2.92,
2018-06-21 03:30:00,2.88,
2018-06-21 03:45:00,2.99,
2018-06-21 04:00:00,2.95,
2018-06-21 04:15:00,3.13,
2018-06-21 04:30:00,3.46,
2018-06-21 04:45:00,3.13,
2018-06-21 05:00:00,2.99,
2018-06-21 05:15:00,2.95,
2018-06-21 05:30:00,2.88,
2018-06-21 05:45:00,3.31,
2018-06-21 06:00:00,3.46,
2018-06-21 06:15:00,2.92,
2018-06-21 06:30:00,3.02,
2018-06-21 06:45:00,2.92,
2018-06-21 07:00:00,2.92,
2018-06-21 07:15:00,2.92,
2018-06-21 07:30:00,3.13,
2018-06-21 07:45:00,3.35,
2018-06-21 08:00:00,3.46,
2018-06-21 08:15:00,38.02,
2018-06-21 08:30:00,58.18,
2018-06-21 08:45:00,56.02,
2018-06-21 09:00:00,58.39,
2018-06-21 09:15:00,61.74,
2018-06-21 09:30:00,48.06,
2018-06-21 09:45:00,56.09,
2018-06-21 10:00:00,52.31,
2018-06-21 10:15:00,44.06,
2018-06-21 10:30:00,43.31,
2018-06-21 10:45:00,50.33,
2018-06-21 11:00:00,45.07,
2018-06-21 11:15:00,37.87,
2018-06-21 11:30:00,45.47,
2018-06-21 11:45:00,53.75,
2018-06-21 12:00:00,45.32,
2018-06-21 12:15:00,16.42,
2018-06-21 12:30:00,4.75,
2018-06-21 12:45:00,4.61,
2018-06-21 13:00:00,4.1,
2018-06-21 13:15:00,39.17,
2018-06-21 13:30:00,48.82,
2018-06-21 13:45:00,51.88,
2018-06-21 14:00:00,47.27,
2018-06-21 14:15:00,54.43,
2018-06-21 14:30:00,45.5,
2018-06-21 14:45:00,37.76,
2018-06-21 15:00:00,52.96,
2018-06-21 15:15:00,48.42,
2018-06-21 15:30:00,44.5,
2018-06-21 15:45:00,43.34,
2018-06-21 16:00:00,39.74,
2018-06-21 16:15:00,48.96,
2018-06-21 16:30:00,42.95,
2018-06-21 16:45:00,55.44,
2018-06-21 17:00:00,49.39,
2018-06-21 17:15:00,42.8,
2018-06-21 17:30:00,34.38,
2018-06-21 17:45:00,29.56,
2018-06-21 18:00:00,28.3,
2018-06-21 18:15:00,31.61,
2018-06-21 18:30:00,38.09,
2018-06-21 18:45:00,45.86,
2018-06-21 19:00:00,46.76,
2018-06-21 19:15:00,40.57,
2018-06-21 19:30:00,50.04,
2018-06-21 19:45:00,35.14,
2018-06-21 20:00:00,34.24,
2018-06-21 20:15:00,47.45,
2018-06-21 20:30:00,44.24,
2018-06-21 20:45:00,33.7,
2018-06-21 21:00:00,10.55,
2018-06-21 21:15:00,4.21,
2018-06-21 21:30:00,3.92,
2018-06-21 21:45:00,3.92,
2018-06-21 22:00:00,3.96,
2018-06-21 22:15:00,3.78,
2018-06-21 22:30:00,3.6,
2018-06-21 22:45:00,3.6,
2018-06-21 23:00:00,3.56,
2018-06-21 23:15:00,3.53,
2018-06-21 23:30:00,3.53,
2018-06-21 23:45:00,4.14,
2018-06-22 00:00:00,3.35,
2018-06-22 00:15:00,2.92,
2018-06-22 00:30:00,2.95,
2018-06-22 00:45:00,3.06,
2018-06-22 01:00:00,3.02,
2018-06-22 01:15:00,2.95,
2018-06-22 01:30:00,3.02,
2018-06-22 01:45:00,2.99,
2018-06-22 02:00:00,3.02,
2018-06-22 02:15:00,3.13,
2018-06-22 02:30:00,3.02,
2018-06-22 02:45:00,3.02,
2018-06-22 03:00:00,2.99,
2018-06-22 03:15:00,2.99,
2018-06-22 03:30:00,3.02,
2018-06-22 03:45:00,3.46,
2018-06-22 04:00:00,3.42,
2018-06-22 04:15:00,3.2,
2018-06-22 04:30:00,3.56,
2018-06-22 04:45:00,3.02,
2018-06-22 05:00:00,3.02,
2018-06-22 05:15:00,2.95,
2018-06-22 05:30:00,2.95,
2018-06-22 05:45:00,2.95,
2018-06-22 06:00:00,2.95,
2018-06-22 06:15:00,2.92,
2018-06-22 06:30:00,2.99,
2018-06-22 06:45:00,2.95,
2018-06-22 07:00:00,2.95,
2018-06-22 07:15:00,2.99,
2018-06-22 07:30:00,3.38,
2018-06-22 07:45:00,3.85,
2018-06-22 08:00:00,8.75,
2018-06-22 08:15:00,44.06,
2018-06-22 08:30:00,54.61,
2018-06-22 08:45:00,56.84,
2018-06-22 09:00:00,55.01,
2018-06-22 09:15:00,54.0,
2018-06-22 09:30:00,59.29,
2018-06-22 09:45:00,48.42,
2018-06-22 10:00:00,51.98,
2018-06-22 10:15:00,55.69,
2018-06-22 10:30:00,60.05,
2018-06-22 10:45:00,64.73,
2018-06-22 11:00:00,65.52,
2018-06-22 11:15:00,64.3,
2018-06-22 11:30:00,60.91,
2018-06-22 11:45:00,56.88,
2018-06-22 12:00:00,61.92,
2018-06-22 12:15:00,12.13,
2018-06-22 12:30:00,4.36,
2018-06-22 12:45:00,4.46,
2018-06-22 13:00:00,4.97,
2018-06-22 13:15:00,40.07,
2018-06-22 13:30:00,57.28,
2018-06-22 13:45:00,64.33,
2018-06-22 14:00:00,57.82,
2018-06-22 14:15:00,51.7,
2018-06-22 14:30:00,48.74,
2018-06-22 14:45:00,50.29,
2018-06-22 15:00:00,46.8,
2018-06-22 15:15:00,42.7,
2018-06-22 15:30:00,41.83,
2018-06-22 15:45:00,44.1,
2018-06-22 16:00:00,49.1,
2018-06-22 16:15:00,69.08,
2018-06-22 16:30:00,41.94,
2018-06-22 16:45:00,39.2,
2018-06-22 17:00:00,45.25,
2018-06-22 17:15:00,56.77,
2018-06-22 17:30:00,47.41,
2018-06-22 17:45:00,27.9,
2018-06-22 18:00:00,26.93,
2018-06-22 18:15:00,34.02,
2018-06-22 18:30:00,54.86,
2018-06-22 18:45:00,52.31,
2018-06-22 19:00:00,39.82,
2018-06-22 19:15:00,43.2,
2018-06-22 19:30:00,56.99,
2018-06-22 19:45:00,45.83,
2018-06-22 20:00:00,54.36,
2018-06-22 20:15:00,51.3,
2018-06-22 20:30:00,40.61,
2018-06-22 20:45:00,31.64,
2018-06-22 21:00:00,7.02,
2018-06-22 21:15:00,5.83,
2018-06-22 21:30:00,3.78,
2018-06-22 21:45:00,3.78,
2018-06-22 22:00:00,3.74,
2018-06-22 22:15:00,3.74,
2018-06-22 22:30:00,3.46,
2018-06-22 22:45:00,3.42,
2018-06-22 23:00:00,3.46,
2018-06-22 23:15:00,3.42,
2018-06-22 23:30:00,3.38,
2018-06-22 23:45:00,3.42,
2018-06-23 00:00:00,2.74,
2018-06-23 00:15:00,3.42,
2018-06-23 00:30:00,3.2,
2018-06-23 00:45:00,2.7,
2018-06-23 01:00:00,2.63,
2018-06-23 01:15:00,3.02,
2018-06-23 01:30:00,3.35,
2018-06-23 01:45:00,2.81,
2018-06-23 02:00:00,2.74,
2018-06-23 02:15:00,2.7,
2018-06-23 02:30:00,2.74,
2018-06-23 02:45:00,2.66,
2018-06-23 03:00:00,2.7,
2018-06-23 03:15:00,2.7,
2018-06-23 03:30:00,2.74,
2018-06-23 03:45:00,2.66,
2018-06-23 04:00:00,2.7,
2018-06-23 04:15:00,2.74,
2018-06-23 04:30:00,3.24,
2018-06-23 04:45:00,2.66,
2018-06-23 05:00:00,2.7,
2018-06-23 05:15:00,2.66,
2018-06-23 05:30:00,2.63,
2018-06-23 05:45:00,2.63,
2018-06-23 06:00:00,2.66,
2018-06-23 06:15:00,2.7,
2018-06-23 06:30:00,2.74,
2018-06-23 06:45:00,2.81,
2018-06-23 07:00:00,3.2,
2018-06-23 07:15:00,2.66,
2018-06-23 07:30:00,2.99,
2018-06-23 07:45:00,3.49,
2018-06-23 08:00:00,3.53,
2018-06-23 08:15:00,29.27,
2018-06-23 08:30:00,41.98,
2018-06-23 08:45:00,42.05,
2018-06-23 09:00:00,41.18,
2018-06-23 09:15:00,29.59,
2018-06-23 09:30:00,28.15,
2018-06-23 09:45:00,27.9,
2018-06-23 10:00:00,27.68,
2018-06-23 10:15:00,40.57,
2018-06-23 10:30:00,39.06,
2018-06-23 10:45:00,28.4,
2018-06-23 11:00:00,29.56,
2018-06-23 11:15:00,29.3,
2018-06-23 11:30:00,41.47,
2018-06-23 11:45:00,29.81,
2018-06-23 12:00:00,41.4,
2018-06-23 12:15:00,9.83,
2018-06-23 12:30:00,3.42,
2018-06-23 12:45:00,4.1,
2018-06-23 13:00:00,3.71,
2018-06-23 13:15:00,29.05,
2018-06-23 13:30:00,38.09,
2018-06-23 13:45:00,34.52,
2018-06-23 14:00:00,40.03,
2018-06-23 14:15:00,34.63,
2018-06-23 14:30:00,42.26,
2018-06-23 14:45:00,43.63,
2018-06-23 15:00:00,38.59,
2018-06-23 15:15:00,36.0,
2018-06-23 15:30:00,29.7,
2018-06-23 15:45:00,29.12,
2018-06-23 16:00:00,28.73,
2018-06-23 16:15:00,45.68,
2018-06-23 16:30:00,36.36,
2018-06-23 16:45:00,40.14,
2018-06-23 17:00:00,15.52,
2018-06-23 17:15:00,5.22,
2018-06-23 17:30:00,3.92,
2018-06-23 17:45:00,3.64,
2018-06-23 18:00:00,3.6,
2018-06-23 18:15:00,3.35,
2018-06-23 18:30:00,3.24,
2018-06-23 18:45:00,3.35,
2018-06-23 19:00:00,3.49,
2018-06-23 19:15:00,3.49,
2018-06-23 19:30:00,3.42,
2018-06-23 19:45:00,2.92,
2018-06-23 20:00:00,2.88,
2018-06-23 20:15:00,2.84,
2018-06-23 20:30:00,2.81,
2018-06-23 20:45:00,2.92,
2018-06-23 21:00:00,2.84,
2018-06-23 21:15:00,2.81,
2018-06-23 21:30:00,2.88,
2018-06-23 21:45:00,2.84,
2018-06-23 22:00:00,2.84,
2018-06-23 22:15:00,2.77,
2018-06-23 22:30:00,2.63,
2018-06-23 22:45:00,3.13,
2018-06-23 23:00:00,2.88,
2018-06-23 23:15:00,2.52,
2018-06-23 23:30:00,2.48,
2018-06-23 23:45:00,3.13,
2018-06-24 00:00:00,2.81,
2018-06-24 00:15:00,2.52,
2018-06-24 00:30:00,2.56,
2018-06-24 00:45:00,2.56,
2018-06-24 01:00:00,2.63,
2018-06-24 01:15:00,2.59,
2018-06-24 01:30:00,2.56,
2018-06-24 01:45:00,2.59,
2018-06-24 02:00:00,2.59,
2018-06-24 02:15:00,2.56,
2018-06-24 02:30:00,2.56,
2018-06-24 02:45:00,2.7,
2018-06-24 03:00:00,2.59,
2018-06-24 03:15:00,2.59,
2018-06-24 03:30:00,2.99,
2018-06-24 03:45:00,3.64,
2018-06-24 04:00:00,3.1,
2018-06-24 04:15:00,2.66,
2018-06-24 04:30:00,2.59,
2018-06-24 04:45:00,2.56,
2018-06-24 05:00:00,2.59,
2018-06-24 05:15:00,2.56,
2018-06-24 05:30:00,2.56,
2018-06-24 05:45:00,2.59,
2018-06-24 06:00:00,2.59,
2018-06-24 06:15:00,2.56,
2018-06-24 06:30:00,2.52,
2018-06-24 06:45:00,2.56,
2018-06-24 07:00:00,2.52,
2018-06-24 07:15:00,2.63,
2018-06-24 07:30:00,2.56,
2018-06-24 07:45:00,2.63,
2018-06-24 08:00:00,2.63,
2018-06-24 08:15:00,21.56,
2018-06-24 08:30:00,22.9,
2018-06-24 08:45:00,23.36,
2018-06-24 09:00:00,23.04,
2018-06-24 09:15:00,21.53,
2018-06-24 09:30:00,23.76,
2018-06-24 09:45:00,24.19,
2018-06-24 10:00:00,23.69,
2018-06-24 10:15:00,23.54,
2018-06-24 10:30:00,22.54,
2018-06-24 10:45:00,21.53,
2018-06-24 11:00:00,21.53,
2018-06-24 11:15:00,21.82,
2018-06-24 11:30:00,22.46,
2018-06-24 11:45:00,9.97,
2018-06-24 12:00:00,3.35,
2018-06-24 12:15:00,3.89,
2018-06-24 12:30:00,4.18,
2018-06-24 12:45:00,4.14,
2018-06-24 13:00:00,4.18,
2018-06-24 13:15:00,22.61,
2018-06-24 13:30:00,29.41,
2018-06-24 13:45:00,29.34,
2018-06-24 14:00:00,29.09,
2018-06-24 14:15:00,29.27,
2018-06-24 14:30:00,28.01,
2018-06-24 14:45:00,27.94,
2018-06-24 15:00:00,28.51,
2018-06-24 15:15:00,28.66,
2018-06-24 15:30:00,28.19,
2018-06-24 15:45:00,13.07,
2018-06-24 16:00:00,4.79,
2018-06-24 16:15:00,5.54,
2018-06-24 16:30:00,5.11,
2018-06-24 16:45:00,4.0,
2018-06-24 17:00:00,3.89,
2018-06-24 17:15:00,3.71,
2018-06-24 17:30:00,3.1,
2018-06-24 17:45:00,3.06,
2018-06-24 18:00:00,3.02,
2018-06-24 18:15:00,2.92,
2018-06-24 18:30:00,2.84,
2018-06-24 18:45:00,2.95,
2018-06-24 19:00:00,3.02,
2018-06-24 19:15:00,2.99,
2018-06-24 19:30:00,2.99,
2018-06-24 19:45:00,3.17,
2018-06-24 20:00:00,3.64,
2018-06-24 20:15:00,3.31,
2018-06-24 20:30:00,3.02,
2018-06-24 20:45:00,3.02,
2018-06-24 21:00:00,3.02,
2018-06-24 21:15:00,3.02,
2018-06-24 21:30:00,2.99,
2018-06-24 21:45:00,3.35,
2018-06-24 22:00:00,3.6,
2018-06-24 22:15:00,2.92,
2018-06-24 22:30:00,2.81,
2018-06-24 22:45:00,2.81,
2018-06-24 23:00:00,2.84,
2018-06-24 23:15:00,2.84,
2018-06-24 23:30:00,2.77,
2018-06-24 23:45:00,2.77,
2018-06-25 00:00:00,2.59,
2018-06-25 00:15:00,2.84,
2018-06-25 00:30:00,2.84,
2018-06-25 00:45:00,2.92,
2018-06-25 01:00:00,2.95,
2018-06-25 01:15:00,3.46,
2018-06-25 01:30:00,3.31,
2018-06-25 01:45:00,3.31,
2018-06-25 02:00:00,2.84,
2018-06-25 02:15:00,2.92,
2018-06-25 02:30:00,2.92,
2018-06-25 02:45:00,2.88,
2018-06-25 03:00:00,2.84,
2018-06-25 03:15:00,2.88,
2018-06-25 03:30:00,2.84,
2018-06-25 03:45:00,2.92,
2018-06-25 04:00:00,2.84,
2018-06-25 04:15:00,2.84,
2018-06-25 04:30:00,2.84,
2018-06-25 04:45:00,2.84,
2018-06-25 05:00:00,2.88,
2018-06-25 05:15:00,2.84,
2018-06-25 05:30:00,2.88,
2018-06-25 05:45:00,3.38,
2018-06-25 06:00:00,2.95,
2018-06-25 06:15:00,2.95,
2018-06-25 06:30:00,3.2,
2018-06-25 06:45:00,2.84,
2018-06-25 07:00:00,2.74,
2018-06-25 07:15:00,2.81,
2018-06-25 07:30:00,2.99,
2018-06-25 07:45:00,2.84,
2018-06-25 08:00:00,5.33,
2018-06-25 08:15:00,39.42,
2018-06-25 08:30:00,49.32,
2018-06-25 08:45:00,62.03,
2018-06-25 09:00:00,56.3,
2018-06-25 09:15:00,66.17,
2018-06-25 09:30:00,53.06,
2018-06-25 09:45:00,52.92,
2018-06-25 10:00:00,46.87,
2018-06-25 10:15:00,55.73,
2018-06-25 10:30:00,57.38,
2018-06-25 10:45:00,90.07,
2018-06-25 11:00:00,69.3,
2018-06-25 11:15:00,104.9,
2018-06-25 11:30:00,74.45,
2018-06-25 11:45:00,104.83,
2018-06-25 12:00:00,94.07,
2018-06-25 12:15:00,4.86,
2018-06-25 12:30:00,5.26,
2018-06-25 12:45:00,5.76,
2018-06-25 13:00:00,5.58,
2018-06-25 13:15:00,75.13,
2018-06-25 13:30:00,82.26,
2018-06-25 13:45:00,116.35,
2018-06-25 14:00:00,98.28,
2018-06-25 14:15:00,93.78,
2018-06-25 14:30:00,108.94,
2018-06-25 14:45:00,92.99,
2018-06-25 15:00:00,111.71,
2018-06-25 15:15:00,85.07,
2018-06-25 15:30:00,114.52,
2018-06-25 15:45:00,86.4,
2018-06-25 16:00:00,38.95,
2018-06-25 16:15:00,49.32,
2018-06-25 16:30:00,52.34,
2018-06-25 16:45:00,57.06,
2018-06-25 17:00:00,58.68,
2018-06-25 17:15:00,49.18,
2018-06-25 17:30:00,42.44,
2018-06-25 17:45:00,28.04,
2018-06-25 18:00:00,27.76,
2018-06-25 18:15:00,30.06,
2018-06-25 18:30:00,33.88,
2018-06-25 18:45:00,33.41,
2018-06-25 19:00:00,34.24,
2018-06-25 19:15:00,39.35,
2018-06-25 19:30:00,59.04,
2018-06-25 19:45:00,42.37,
2018-06-25 20:00:00,34.92,
2018-06-25 20:15:00,54.11,
2018-06-25 20:30:00,35.17,
2018-06-25 20:45:00,33.91,
2018-06-25 21:00:00,13.82,
2018-06-25 21:15:00,4.07,
2018-06-25 21:30:00,3.85,
2018-06-25 21:45:00,3.56,
2018-06-25 22:00:00,3.53,
2018-06-25 22:15:00,3.53,
2018-06-25 22:30:00,3.24,
2018-06-25 22:45:00,3.35,
2018-06-25 23:00:00,4.28,
2018-06-25 23:15:00,3.42,
2018-06-25 23:30:00,3.13,
2018-06-25 23:45:00,2.7,
2018-06-26 00:00:00,3.71,
2018-06-26 00:15:00,2.59,
2018-06-26 00:30:00,2.59,
2018-06-26 00:45:00,2.63,
2018-06-26 01:00:00,2.59,
2018-06-26 01:15:00,2.66,
2018-06-26 01:30:00,2.63,
2018-06-26 01:45:00,2.59,
2018-06-26 02:00:00,2.66,
2018-06-26 02:15:00,2.66,
2018-06-26 02:30:00,2.66,
2018-06-26 02:45:00,2.66,
2018-06-26 03:00:00,2.63,
2018-06-26 03:15:00,2.63,
2018-06-26 03:30:00,2.74,
2018-06-26 03:45:00,3.2,
2018-06-26 04:00:00,2.95,
2018-06-26 04:15:00,2.66,
2018-06-26 04:30:00,2.66,
2018-06-26 04:45:00,2.7,
2018-06-26 05:00:00,3.28,
2018-06-26 05:15:00,2.88,
2018-06-26 05:30:00,2.74,
2018-06-26 05:45:00,2.63,
2018-06-26 06:00:00,2.63,
2018-06-26 06:15:00,2.59,
2018-06-26 06:30:00,2.59,
2018-06-26 06:45:00,2.63,
2018-06-26 07:00:00,2.63,
2018-06-26 07:15:00,2.59,
2018-06-26 07:30:00,2.84,
2018-06-26 07:45:00,3.53,
2018-06-26 08:00:00,3.56,
2018-06-26 08:15:00,30.56,
2018-06-26 08:30:00,36.22,
2018-06-26 08:45:00,39.56,
2018-06-26 09:00:00,39.28,
2018-06-26 09:15:00,53.21,
2018-06-26 09:30:00,55.15,
2018-06-26 09:45:00,46.19,
2018-06-26 10:00:00,45.94,
2018-06-26 10:15:00,52.63,
2018-06-26 10:30:00,42.12,
2018-06-26 10:45:00,44.78,
2018-06-26 11:00:00,47.2,
2018-06-26 11:15:00,48.85,
2018-06-26 11:30:00,54.36,
2018-06-26 11:45:00,46.15,
2018-06-26 12:00:00,42.12,
2018-06-26 12:15:00,8.35,
2018-06-26 12:30:00,5.04,
2018-06-26 12:45:00,5.18,
2018-06-26 13:00:00,5.26,
2018-06-26 13:15:00,27.86,
2018-06-26 13:30:00,46.01,
2018-06-26 13:45:00,57.06,
2018-06-26 14:00:00,58.64,
2018-06-26 14:15:00,52.81,
2018-06-26 14:30:00,60.77,
2018-06-26 14:45:00,55.33,
2018-06-26 15:00:00,57.92,
2018-06-26 15:15:00,58.9,
2018-06-26 15:30:00,59.36,
2018-06-26 15:45:00,56.7,
2018-06-26 16:00:00,65.02,
2018-06-26 16:15:00,108.04,
2018-06-26 16:30:00,101.41,
2018-06-26 16:45:00,94.68,
2018-06-26 17:00:00,54.61,
2018-06-26 17:15:00,51.37,
2018-06-26 17:30:00,39.82,
2018-06-26 17:45:00,26.71,
2018-06-26 18:00:00,27.22,
2018-06-26 18:15:00,31.21,
2018-06-26 18:30:00,31.86,
2018-06-26 18:45:00,33.23,
2018-06-26 19:00:00,43.13,
2018-06-26 19:15:00,34.67,
2018-06-26 19:30:00,34.6,
2018-06-26 19:45:00,35.32,
2018-06-26 20:00:00,34.27,
2018-06-26 20:15:00,43.81,
2018-06-26 20:30:00,46.19,
2018-06-26 20:45:00,40.64,
2018-06-26 21:00:00,11.88,
2018-06-26 21:15:00,7.31,
2018-06-26 21:30:00,3.82,
2018-06-26 21:45:00,3.82,
2018-06-26 22:00:00,3.78,
2018-06-26 22:15:00,3.78,
2018-06-26 22:30:00,3.53,
2018-06-26 22:45:00,3.46,
2018-06-26 23:00:00,3.53,
2018-06-26 23:15:00,3.49,
2018-06-26 23:30:00,3.96,
2018-06-26 23:45:00,4.39,
2018-06-27 00:00:00,2.95,
2018-06-27 00:15:00,2.74,
2018-06-27 00:30:00,2.81,
2018-06-27 00:45:00,2.77,
2018-06-27 01:00:00,2.77,
2018-06-27 01:15:00,2.84,
2018-06-27 01:30:00,2.81,
2018-06-27 01:45:00,2.77,
2018-06-27 02:00:00,2.74,
2018-06-27 02:15:00,2.81,
2018-06-27 02:30:00,2.84,
2018-06-27 02:45:00,2.84,
2018-06-27 03:00:00,2.74,
2018-06-27 03:15:00,2.81,
2018-06-27 03:30:00,2.81,
2018-06-27 03:45:00,2.77,
2018-06-27 04:00:00,3.2,
2018-06-27 04:15:00,3.28,
2018-06-27 04:30:00,2.84,
2018-06-27 04:45:00,2.88,
2018-06-27 05:00:00,2.81,
2018-06-27 05:15:00,2.81,
2018-06-27 05:30:00,2.84,
2018-06-27 05:45:00,2.84,
2018-06-27 06:00:00,2.81,
2018-06-27 06:15:00,3.28,
2018-06-27 06:30:00,3.17,
2018-06-27 06:45:00,2.77,
2018-06-27 07:00:00,2.74,
2018-06-27 07:15:00,2.88,
2018-06-27 07:30:00,2.99,
2018-06-27 07:45:00,3.1,
2018-06-27 08:00:00,3.85,
2018-06-27 08:15:00,38.45,
2018-06-27 08:30:00,67.32,
2018-06-27 08:45:00,51.41,
2018-06-27 09:00:00,56.74,
2018-06-27 09:15:00,41.04,
2018-06-27 09:30:00,60.12,
2018-06-27 09:45:00,44.17,
2018-06-27 10:00:00,55.48,
2018-06-27 10:15:00,48.67,
2018-06-27 10:30:00,59.72,
2018-06-27 10:45:00,38.02,
2018-06-27 11:00:00,40.14,
2018-06-27 11:15:00,57.96,
2018-06-27 11:30:00,56.27,
2018-06-27 11:45:00,50.51,
2018-06-27 12:00:00,57.1,
2018-06-27 12:15:00,4.82,
2018-06-27 12:30:00,4.39,
2018-06-27 12:45:00,4.5,
2018-06-27 13:00:00,5.4,
2018-06-27 13:15:00,55.01,
2018-06-27 13:30:00,57.89,
2018-06-27 13:45:00,88.13,
2018-06-27 14:00:00,67.21,
2018-06-27 14:15:00,55.94,
2018-06-27 14:30:00,57.56,
2018-06-27 14:45:00,72.11,
2018-06-27 15:00:00,58.14,
2018-06-27 15:15:00,52.42,
2018-06-27 15:30:00,54.0,
2018-06-27 15:45:00,63.25,
2018-06-27 16:00:00,59.94,
2018-06-27 16:15:00,46.19,
2018-06-27 16:30:00,44.06,
2018-06-27 16:45:00,41.65,
2018-06-27 17:00:00,41.76,
2018-06-27 17:15:00,49.03,
2018-06-27 17:30:00,38.52,
2018-06-27 17:45:00,39.31,
2018-06-27 18:00:00,42.91,
2018-06-27 18:15:00,14.15,
2018-06-27 18:30:00,4.03,
2018-06-27 18:45:00,3.6,
2018-06-27 19:00:00,3.71,
2018-06-27 19:15:00,4.07,
2018-06-27 19:30:00,4.79,
2018-06-27 19:45:00,4.18,
2018-06-27 20:00:00,3.71,
2018-06-27 20:15:00,3.71,
2018-06-27 20:30:00,3.71,
2018-06-27 20:45:00,3.64,
2018-06-27 21:00:00,3.74,
2018-06-27 21:15:00,3.74,
2018-06-27 21:30:00,3.78,
2018-06-27 21:45:00,3.71,
2018-06-27 22:00:00,3.78,
2018-06-27 22:15:00,3.64,
2018-06-27 22:30:00,3.02,
2018-06-27 22:45:00,2.99,
2018-06-27 23:00:00,2.95,
2018-06-27 23:15:00,2.88,
2018-06-27 23:30:00,2.88,
2018-06-27 23:45:00,2.88,
2018-06-28 00:00:00,2.99,
2018-06-28 00:15:00,2.92,
2018-06-28 00:30:00,2.92,
2018-06-28 00:45:00,2.88,
2018-06-28 01:00:00,2.95,
2018-06-28 01:15:00,3.02,
2018-06-28 01:30:00,3.49,
2018-06-28 01:45:00,3.28,
2018-06-28 02:00:00,2.88,
2018-06-28 02:15:00,2.88,
2018-06-28 02:30:00,3.1,
2018-06-28 02:45:00,3.31,
2018-06-28 03:00:00,2.95,
2018-06-28 03:15:00,2.99,
2018-06-28 03:30:00,2.92,
2018-06-28 03:45:00,2.88,
2018-06-28 04:00:00,2.92,
2018-06-28 04:15:00,2.95,
2018-06-28 04:30:00,2.99,
2018-06-28 04:45:00,2.92,
2018-06-28 05:00:00,2.92,
2018-06-28 05:15:00,2.95,
2018-06-28 05:30:00,2.95,
2018-06-28 05:45:00,2.95,
2018-06-28 06:00:00,2.92,
2018-06-28 06:15:00,2.84,
2018-06-28 06:30:00,3.02,
2018-06-28 06:45:00,3.24,
2018-06-28 07:00:00,2.81,
2018-06-28 07:15:00,3.06,
2018-06-28 07:30:00,3.67,
2018-06-28 07:45:00,4.25,
2018-06-28 08:00:00,3.92,
2018-06-28 08:15:00,29.34,
2018-06-28 08:30:00,38.48,
2018-06-28 08:45:00,36.43,
2018-06-28 09:00:00,36.79,
2018-06-28 09:15:00,41.9,
2018-06-28 09:30:00,62.14,
2018-06-28 09:45:00,42.01,
2018-06-28 10:00:00,43.13,
2018-06-28 10:15:00,48.89,
2018-06-28 10:30:00,57.96,
2018-06-28 10:45:00,68.47,
2018-06-28 11:00:00,88.34,
2018-06-28 11:15:00,82.01,
2018-06-28 11:30:00,79.88,
2018-06-28 11:45:00,51.08,
2018-06-28 12:00:00,50.94,
2018-06-28 12:15:00,7.85,
2018-06-28 12:30:00,5.51,
2018-06-28 12:45:00,5.58,
2018-06-28 13:00:00,5.36,
2018-06-28 13:15:00,43.85,
2018-06-28 13:30:00,53.68,
2018-06-28 13:45:00,45.4,
2018-06-28 14:00:00,43.74,
2018-06-28 14:15:00,46.12,
2018-06-28 14:30:00,43.78,
2018-06-28 14:45:00,52.63,
2018-06-28 15:00:00,53.6,
2018-06-28 15:15:00,51.12,
2018-06-28 15:30:00,47.84,
2018-06-28 15:45:00,38.23,
2018-06-28 16:00:00,39.06,
2018-06-28 16:15:00,44.68,
2018-06-28 16:30:00,61.45,
2018-06-28 16:45:00,66.89,
2018-06-28 17:00:00,46.55,
2018-06-28 17:15:00,49.39,
2018-06-28 17:30:00,34.92,
2018-06-28 17:45:00,29.92,
2018-06-28 18:00:00,29.95,
2018-06-28 18:15:00,43.6,
2018-06-28 18:30:00,37.44,
2018-06-28 18:45:00,46.91,
2018-06-28 19:00:00,46.73,
2018-06-28 19:15:00,35.06,
2018-06-28 19:30:00,36.07,
2018-06-28 19:45:00,34.99,
2018-06-28 20:00:00,34.42,
2018-06-28 20:15:00,49.25,
2018-06-28 20:30:00,45.65,
2018-06-28 20:45:00,33.16,
2018-06-28 21:00:00,23.76,
2018-06-28 21:15:00,4.5,
2018-06-28 21:30:00,4.61,
2018-06-28 21:45:00,3.92,
2018-06-28 22:00:00,4.03,
2018-06-28 22:15:00,3.82,
2018-06-28 22:30:00,3.6,
2018-06-28 22:45:00,3.56,
2018-06-28 23:00:00,3.56,
2018-06-28 23:15:00,3.49,
2018-06-28 23:30:00,3.56,
2018-06-28 23:45:00,3.42,
2018-06-29 00:00:00,2.81,
2018-06-29 00:15:00,3.49,
2018-06-29 00:30:00,3.13,
2018-06-29 00:45:00,2.95,
2018-06-29 01:00:00,3.02,
2018-06-29 01:15:00,2.95,
2018-06-29 01:30:00,2.99,
2018-06-29 01:45:00,2.95,
2018-06-29 02:00:00,2.99,
2018-06-29 02:15:00,3.02,
2018-06-29 02:30:00,3.06,
2018-06-29 02:45:00,2.99,
2018-06-29 03:00:00,2.99,
2018-06-29 03:15:00,3.49,
2018-06-29 03:30:00,3.1,
2018-06-29 03:45:00,3.06,
2018-06-29 04:00:00,2.99,
2018-06-29 04:15:00,3.02,
2018-06-29 04:30:00,3.02,
2018-06-29 04:45:00,2.99,
2018-06-29 05:00:00,3.02,
2018-06-29 05:15:00,3.17,
2018-06-29 05:30:00,3.6,
2018-06-29 05:45:00,3.13,
2018-06-29 06:00:00,3.02,
2018-06-29 06:15:00,3.02,
2018-06-29 06:30:00,3.49,
2018-06-29 06:45:00,3.17,
2018-06-29 07:00:00,2.95,
2018-06-29 07:15:00,2.95,
2018-06-29 07:30:00,3.2,
2018-06-29 07:45:00,3.53,
2018-06-29 08:00:00,3.35,
2018-06-29 08:15:00,34.13,
2018-06-29 08:30:00,49.28,
2018-06-29 08:45:00,53.28,
2018-06-29 09:00:00,56.81,
2018-06-29 09:15:00,45.54,
2018-06-29 09:30:00,40.97,
2018-06-29 09:45:00,35.75,
2018-06-29 10:00:00,53.89,
2018-06-29 10:15:00,44.75,
2018-06-29 10:30:00,36.72,
2018-06-29 10:45:00,46.62,
2018-06-29 11:00:00,57.78,
2018-06-29 11:15:00,31.61,
2018-06-29 11:30:00,37.62,
2018-06-29 11:45:00,38.63,
2018-06-29 12:00:00,43.24,
2018-06-29 12:15:00,29.77,
2018-06-29 12:30:00,5.18,
2018-06-29 12:45:00,4.21,
2018-06-29 13:00:00,4.25,
2018-06-29 13:15:00,32.15,
2018-06-29 13:30:00,50.58,
2018-06-29 13:45:00,58.68,
2018-06-29 14:00:00,52.31,
2018-06-29 14:15:00,51.08,
2018-06-29 14:30:00,58.14,
2018-06-29 14:45:00,42.3,
2018-06-29 15:00:00,32.58,
2018-06-29 15:15:00,35.42,
2018-06-29 15:30:00,50.15,
2018-06-29 15:45:00,45.11,
2018-06-29 16:00:00,61.85,
2018-06-29 16:15:00,51.88,
2018-06-29 16:30:00,44.53,
2018-06-29 16:45:00,45.68,
2018-06-29 17:00:00,55.22,
2018-06-29 17:15:00,51.88,
2018-06-29 17:30:00,38.16,
2018-06-29 17:45:00,25.7,
2018-06-29 18:00:00,25.56,
2018-06-29 18:15:00,29.74,
2018-06-29 18:30:00,40.46,
2018-06-29 18:45:00,51.34,
2018-06-29 19:00:00,35.5,
2018-06-29 19:15:00,48.46,
2018-06-29 19:30:00,45.79,
2018-06-29 19:45:00,40.0,
2018-06-29 20:00:00,47.16,
2018-06-29 20:15:00,50.11,
2018-06-29 20:30:00,37.91,
2018-06-29 20:45:00,48.28,
2018-06-29 21:00:00,15.8,
2018-06-29 21:15:00,4.75,
2018-06-29 21:30:00,3.92,
2018-06-29 21:45:00,3.82,
2018-06-29 22:00:00,3.78,
2018-06-29 22:15:00,3.71,
2018-06-29 22:30:00,3.42,
2018-06-29 22:45:00,3.49,
2018-06-29 23:00:00,3.42,
2018-06-29 23:15:00,3.42,
2018-06-29 23:30:00,3.38,
2018-06-29 23:45:00,3.28,
2018-06-30 00:00:00,2.92,
2018-06-30 00:15:00,3.35,
2018-06-30 00:30:00,3.17,
2018-06-30 00:45:00,2.84,
2018-06-30 01:00:00,2.92,
2018-06-30 01:15:00,2.88,
2018-06-30 01:30:00,2.84,
2018-06-30 01:45:00,2.88,
2018-06-30 02:00:00,2.92,
2018-06-30 02:15:00,2.88,
2018-06-30 02:30:00,2.92,
2018-06-30 02:45:00,2.92,
2018-06-30 03:00:00,2.88,
2018-06-30 03:15:00,2.88,
2018-06-30 03:30:00,2.88,
2018-06-30 03:45:00,2.84,
2018-06-30 04:00:00,3.38,
2018-06-30 04:15:00,3.06,
2018-06-30 04:30:00,2.88,
2018-06-30 04:45:00,2.84,
2018-06-30 05:00:00,2.84,
2018-06-30 05:15:00,2.99,
2018-06-30 05:30:00,3.42,
2018-06-30 05:45:00,2.88,
2018-06-30 06:00:00,2.84,
2018-06-30 06:15:00,2.84,
2018-06-30 06:30:00,2.77,
2018-06-30 06:45:00,2.88,
2018-06-30 07:00:00,2.81,
2018-06-30 07:15:00,2.77,
2018-06-30 07:30:00,2.81,
2018-06-30 07:45:00,3.1,
2018-06-30 08:00:00,3.71,
2018-06-30 08:15:00,26.35,
2018-06-30 08:30:00,46.33,
2018-06-30 08:45:00,35.78,
2018-06-30 09:00:00,50.44,
2018-06-30 09:15:00,41.44,
2018-06-30 09:30:00,42.34,
2018-06-30 09:45:00,42.01,
2018-06-30 10:00:00,31.9,
2018-06-30 10:15:00,32.04,
2018-06-30 10:30:00,46.84,
2018-06-30 10:45:00,42.16,
2018-06-30 11:00:00,32.18,
2018-06-30 11:15:00,31.46,
2018-06-30 11:30:00,48.67,
2018-06-30 11:45:00,40.86,
2018-06-30 12:00:00,22.28,
2018-06-30 12:15:00,4.75,
2018-06-30 12:30:00,3.85,
2018-06-30 12:45:00,3.78,
2018-06-30 13:00:00,3.96,
2018-06-30 13:15:00,4.68,
2018-06-30 13:30:00,37.66,
2018-06-30 13:45:00,46.22,
2018-06-30 14:00:00,41.18,
2018-06-30 14:15:00,32.0,
2018-06-30 14:30:00,31.61,
2018-06-30 14:45:00,44.35,
2018-06-30 15:00:00,49.18,
2018-06-30 15:15:00,39.53,
2018-06-30 15:30:00,58.21,
2018-06-30 15:45:00,37.33,
2018-06-30 16:00:00,58.57,
2018-06-30 16:15:00,42.98,
2018-06-30 16:30:00,54.58,
2018-06-30 16:45:00,42.44,
2018-06-30 17:00:00,14.47,
2018-06-30 17:15:00,6.88,
2018-06-30 17:30:00,4.07,
2018-06-30 17:45:00,3.89,
2018-06-30 18:00:00,3.89,
2018-06-30 18:15:00,3.67,
2018-06-30 18:30:00,3.64,
2018-06-30 18:45:00,3.71,
2018-06-30 19:00:00,3.82,
2018-06-30 19:15:00,3.74,
2018-06-30 19:30:00,3.74,
2018-06-30 19:45:00,3.74,
2018-06-30 20:00:00,3.85,
2018-06-30 20:15:00,3.31,
2018-06-30 20:30:00,3.24,
2018-06-30 20:45:00,3.24,
2018-06-30 21:00:00,3.24,
2018-06-30 21:15:00,3.17,
2018-06-30 21:30:00,3.2,
2018-06-30 21:45:00,3.28,
2018-06-30 22:00:00,3.53,
2018-06-30 22:15:00,3.67,
2018-06-30 22:30:00,2.88,
2018-06-30 22:45:00,2.92,
2018-06-30 23:00:00,2.88,
2018-06-30 23:15:00,2.88,
2018-06-30 23:30:00,2.77,
2018-06-30 23:45:00,3.31,
2018-07-01 00:00:00,2.88,
2018-07-01 00:15:00,2.81,
2018-07-01 00:30:00,2.81,
2018-07-01 00:45:00,2.95,
2018-07-01 01:00:00,2.81,
2018-07-01 01:15:00,2.88,
2018-07-01 01:30:00,2.88,
2018-07-01 01:45:00,2.84,
2018-07-01 02:00:00,2.84,
2018-07-01 02:15:00,2.92,
2018-07-01 02:30:00,2.84,
2018-07-01 02:45:00,2.88,
2018-07-01 03:00:00,2.84,
2018-07-01 03:15:00,3.67,
2018-07-01 03:30:00,3.85,
2018-07-01 03:45:00,2.88,
2018-07-01 04:00:00,2.81,
2018-07-01 04:15:00,2.81,
2018-07-01 04:30:00,2.81,
2018-07-01 04:45:00,2.81,
2018-07-01 05:00:00,2.84,
2018-07-01 05:15:00,2.74,
2018-07-01 05:30:00,2.77,
2018-07-01 05:45:00,2.81,
2018-07-01 06:00:00,2.81,
2018-07-01 06:15:00,2.77,
2018-07-01 06:30:00,2.81,
2018-07-01 06:45:00,2.74,
2018-07-01 07:00:00,2.74,
2018-07-01 07:15:00,2.7,
2018-07-01 07:30:00,2.74,
2018-07-01 07:45:00,3.28,
2018-07-01 08:00:00,3.06,
2018-07-01 08:15:00,3.38,
2018-07-01 08:30:00,2.74,
2018-07-01 08:45:00,2.66,
2018-07-01 09:00:00,2.84,
2018-07-01 09:15:00,2.99,
2018-07-01 09:30:00,3.1,
2018-07-01 09:45:00,2.99,
2018-07-01 10:00:00,2.99,
2018-07-01 10:15:00,3.02,
2018-07-01 10:30:00,3.02,
2018-07-01 10:45:00,2.99,
2018-07-01 11:00:00,3.06,
2018-07-01 11:15:00,3.35,
2018-07-01 11:30:00,3.02,
2018-07-01 11:45:00,2.84,
2018-07-01 12:00:00,2.81,
2018-07-01 12:15:00,2.95,
2018-07-01 12:30:00,3.13,
2018-07-01 12:45:00,3.1,
2018-07-01 13:00:00,3.06,
2018-07-01 13:15:00,3.42,
2018-07-01 13:30:00,3.6,
2018-07-01 13:45:00,2.99,
2018-07-01 14:00:00,2.95,
2018-07-01 14:15:00,2.99,
2018-07-01 14:30:00,2.99,
2018-07-01 14:45:00,3.02,
2018-07-01 15:00:00,2.99,
2018-07-01 15:15:00,2.99,
2018-07-01 15:30:00,3.56,
2018-07-01 15:45:00,3.17,
2018-07-01 16:00:00,2.92,
2018-07-01 16:15:00,2.92,
2018-07-01 16:30:00,2.95,
2018-07-01 16:45:00,2.95,
2018-07-01 17:00:00,2.95,
2018-07-01 17:15:00,2.99,
2018-07-01 17:30:00,2.99,
2018-07-01 17:45:00,2.95,
2018-07-01 18:00:00,3.06,
2018-07-01 18:15:00,2.88,
2018-07-01 18:30:00,2.84,
2018-07-01 18:45:00,3.06,
2018-07-01 19:00:00,3.74,
2018-07-01 19:15:00,3.56,
2018-07-01 19:30:00,3.53,
2018-07-01 19:45:00,3.02,
2018-07-01 20:00:00,3.06,
2018-07-01 20:15:00,3.06,
2018-07-01 20:30:00,3.1,
2018-07-01 20:45:00,3.06,
2018-07-01 21:00:00,3.06,
2018-07-01 21:15:00,3.06,
2018-07-01 21:30:00,3.06,
2018-07-01 21:45:00,3.06,
2018-07-01 22:00:00,3.06,
2018-07-01 22:15:00,2.99,
2018-07-01 22:30:00,2.88,
2018-07-01 22:45:00,2.84,
2018-07-01 23:00:00,2.81,
2018-07-01 23:15:00,3.35,
2018-07-01 23:30:00,2.92,
2018-07-01 23:45:00,2.81,
2018-07-02 00:00:00,3.2,
2018-07-02 00:15:00,2.81,
2018-07-02 00:30:00,2.84,
2018-07-02 00:45:00,2.88,
2018-07-02 01:00:00,3.28,
2018-07-02 01:15:00,3.38,
2018-07-02 01:30:00,2.88,
2018-07-02 01:45:00,2.92,
2018-07-02 02:00:00,2.92,
2018-07-02 02:15:00,2.92,
2018-07-02 02:30:00,2.88,
2018-07-02 02:45:00,2.92,
2018-07-02 03:00:00,3.38,
2018-07-02 03:15:00,3.13,
2018-07-02 03:30:00,2.95,
2018-07-02 03:45:00,2.92,
2018-07-02 04:00:00,2.84,
2018-07-02 04:15:00,2.92,
2018-07-02 04:30:00,2.84,
2018-07-02 04:45:00,2.88,
2018-07-02 05:00:00,2.88,
2018-07-02 05:15:00,2.88,
2018-07-02 05:30:00,2.84,
2018-07-02 05:45:00,2.88,
2018-07-02 06:00:00,2.84,
2018-07-02 06:15:00,2.81,
2018-07-02 06:30:00,2.81,
2018-07-02 06:45:00,3.42,
2018-07-02 07:00:00,3.78,
2018-07-02 07:15:00,3.06,
2018-07-02 07:30:00,2.99,
2018-07-02 07:45:00,3.02,
2018-07-02 08:00:00,2.99,
2018-07-02 08:15:00,18.61,
2018-07-02 08:30:00,39.53,
2018-07-02 08:45:00,44.89,
2018-07-02 09:00:00,48.31,
2018-07-02 09:15:00,51.3,
2018-07-02 09:30:00,50.18,
2018-07-02 09:45:00,61.85,
2018-07-02 10:00:00,71.35,
2018-07-02 10:15:00,72.68,
2018-07-02 10:30:00,59.72,
2018-07-02 10:45:00,59.11,
2018-07-02 11:00:00,56.45,
2018-07-02 11:15:00,70.52,
2018-07-02 11:30:00,65.7,
2018-07-02 11:45:00,70.7,
2018-07-02 12:00:00,63.76,
2018-07-02 12:15:00,8.24,
2018-07-02 12:30:00,5.08,
2018-07-02 12:45:00,5.58,
2018-07-02 13:00:00,5.51,
2018-07-02 13:15:00,40.1,
2018-07-02 13:30:00,61.81,
2018-07-02 13:45:00,87.7,
2018-07-02 14:00:00,69.12,
2018-07-02 14:15:00,58.1,
2018-07-02 14:30:00,56.77,
2018-07-02 14:45:00,59.8,
2018-07-02 15:00:00,57.28,
2018-07-02 15:15:00,68.04,
2018-07-02 15:30:00,63.54,
2018-07-02 15:45:00,70.31,
2018-07-02 16:00:00,62.32,
2018-07-02 16:15:00,53.1,
2018-07-02 16:30:00,51.52,
2018-07-02 16:45:00,49.75,
2018-07-02 17:00:00,58.03,
2018-07-02 17:15:00,57.24,
2018-07-02 17:30:00,57.46,
2018-07-02 17:45:00,34.7,
2018-07-02 18:00:00,27.43,
2018-07-02 18:15:00,31.68,
2018-07-02 18:30:00,53.03,
2018-07-02 18:45:00,40.5,
2018-07-02 19:00:00,35.96,
2018-07-02 19:15:00,40.18,
2018-07-02 19:30:00,44.57,
2018-07-02 19:45:00,44.5,
2018-07-02 20:00:00,45.43,
2018-07-02 20:15:00,46.08,
2018-07-02 20:30:00,46.62,
2018-07-02 20:45:00,47.63,
2018-07-02 21:00:00,18.14,
2018-07-02 21:15:00,4.46,
2018-07-02 21:30:00,3.82,
2018-07-02 21:45:00,3.78,
2018-07-02 22:00:00,3.82,
2018-07-02 22:15:00,3.71,
2018-07-02 22:30:00,3.6,
2018-07-02 22:45:00,3.46,
2018-07-02 23:00:00,3.46,
2018-07-02 23:15:00,3.46,
2018-07-02 23:30:00,3.46,
2018-07-02 23:45:00,3.42,
2018-07-03 00:00:00,3.42,
2018-07-03 00:15:00,2.84,
2018-07-03 00:30:00,2.88,
2018-07-03 00:45:00,2.95,
2018-07-03 01:00:00,2.92,
2018-07-03 01:15:00,3.38,
2018-07-03 01:30:00,3.2,
2018-07-03 01:45:00,2.7,
2018-07-03 02:00:00,2.77,
2018-07-03 02:15:00,2.81,
2018-07-03 02:30:00,2.81,
2018-07-03 02:45:00,2.84,
2018-07-03 03:00:00,2.81,
2018-07-03 03:15:00,2.84,
2018-07-03 03:30:00,2.81,
2018-07-03 03:45:00,3.06,
2018-07-03 04:00:00,3.24,
2018-07-03 04:15:00,2.84,
2018-07-03 04:30:00,2.81,
2018-07-03 04:45:00,2.84,
2018-07-03 05:00:00,2.81,
2018-07-03 05:15:00,2.81,
2018-07-03 05:30:00,2.81,
2018-07-03 05:45:00,2.84,
2018-07-03 06:00:00,2.77,
2018-07-03 06:15:00,2.77,
2018-07-03 06:30:00,2.77,
2018-07-03 06:45:00,2.77,
2018-07-03 07:00:00,2.77,
2018-07-03 07:15:00,2.77,
2018-07-03 07:30:00,3.53,
2018-07-03 07:45:00,3.67,
2018-07-03 08:00:00,5.22,
2018-07-03 08:15:00,30.42,
2018-07-03 08:30:00,41.44,
2018-07-03 08:45:00,48.31,
2018-07-03 09:00:00,59.04,
2018-07-03 09:15:00,60.62,
2018-07-03 09:30:00,61.13,
2018-07-03 09:45:00,71.82,
2018-07-03 10:00:00,62.71,
2018-07-03 10:15:00,49.86,
2018-07-03 10:30:00,46.73,
2018-07-03 10:45:00,57.42,
2018-07-03 11:00:00,59.83,
2018-07-03 11:15:00,71.14,
2018-07-03 11:30:00,54.4,
2018-07-03 11:45:00,57.64,
2018-07-03 12:00:00,66.67,
2018-07-03 12:15:00,23.72,
2018-07-03 12:30:00,4.1,
2018-07-03 12:45:00,4.21,
2018-07-03 13:00:00,4.79,
2018-07-03 13:15:00,38.3,
2018-07-03 13:30:00,66.17,
2018-07-03 13:45:00,55.48,
2018-07-03 14:00:00,57.35,
2018-07-03 14:15:00,48.74,
2018-07-03 14:30:00,52.78,
2018-07-03 14:45:00,71.32,
2018-07-03 15:00:00,53.82,
2018-07-03 15:15:00,67.0,
2018-07-03 15:30:00,56.74,
2018-07-03 15:45:00,78.34,
2018-07-03 16:00:00,105.66,
2018-07-03 16:15:00,64.37,
2018-07-03 16:30:00,66.74,
2018-07-03 16:45:00,95.54,
2018-07-03 17:00:00,113.26,
2018-07-03 17:15:00,72.47,
2018-07-03 17:30:00,73.48,
2018-07-03 17:45:00,43.7,
2018-07-03 18:00:00,31.43,
2018-07-03 18:15:00,42.05,
2018-07-03 18:30:00,70.2,
2018-07-03 18:45:00,57.53,
2018-07-03 19:00:00,71.21,
2018-07-03 19:15:00,81.07,
2018-07-03 19:30:00,103.36,
2018-07-03 19:45:00,90.83,
2018-07-03 20:00:00,109.73,
2018-07-03 20:15:00,106.56,
2018-07-03 20:30:00,76.1,
2018-07-03 20:45:00,92.38,
2018-07-03 21:00:00,77.04,
2018-07-03 21:15:00,27.11,
2018-07-03 21:30:00,27.79,
2018-07-03 21:45:00,14.33,
2018-07-03 22:00:00,4.18,
2018-07-03 22:15:00,3.85,
2018-07-03 22:30:00,3.53,
2018-07-03 22:45:00,3.56,
2018-07-03 23:00:00,3.6,
2018-07-03 23:15:00,3.46,
2018-07-03 23:30:00,3.46,
2018-07-03 23:45:00,3.49,
2018-07-04 00:00:00,3.56,
2018-07-04 00:15:00,3.2,
2018-07-04 00:30:00,2.81,
2018-07-04 00:45:00,3.24,
2018-07-04 01:00:00,3.42,
2018-07-04 01:15:00,2.95,
2018-07-04 01:30:00,2.84,
2018-07-04 01:45:00,2.84,
2018-07-04 02:00:00,2.81,
2018-07-04 02:15:00,2.81,
2018-07-04 02:30:00,2.88,
2018-07-04 02:45:00,2.92,
2018-07-04 03:00:00,2.84,
2018-07-04 03:15:00,2.81,
2018-07-04 03:30:00,2.84,
2018-07-04 03:45:00,2.84,
2018-07-04 04:00:00,2.92,
2018-07-04 04:15:00,2.81,
2018-07-04 04:30:00,3.06,
2018-07-04 04:45:00,3.42,
2018-07-04 05:00:00,2.99,
2018-07-04 05:15:00,2.81,
2018-07-04 05:30:00,2.84,
2018-07-04 05:45:00,2.81,
2018-07-04 06:00:00,2.81,
2018-07-04 06:15:00,2.77,
2018-07-04 06:30:00,2.77,
2018-07-04 06:45:00,3.31,
2018-07-04 07:00:00,3.42,
2018-07-04 07:15:00,3.02,
2018-07-04 07:30:00,3.13,
2018-07-04 07:45:00,3.53,
2018-07-04 08:00:00,6.7,
2018-07-04 08:15:00,56.09,
2018-07-04 08:30:00,87.37,
2018-07-04 08:45:00,93.85,
2018-07-04 09:00:00,68.8,
2018-07-04 09:15:00,118.98,
2018-07-04 09:30:00,98.57,
2018-07-04 09:45:00,116.06,
2018-07-04 10:00:00,88.6,
2018-07-04 10:15:00,86.62,
2018-07-04 10:30:00,111.38,
2018-07-04 10:45:00,90.36,
2018-07-04 11:00:00,105.05,
2018-07-04 11:15:00,91.4,
2018-07-04 11:30:00,108.22,
2018-07-04 11:45:00,67.07,
2018-07-04 12:00:00,42.34,
2018-07-04 12:15:00,8.1,
2018-07-04 12:30:00,4.5,
2018-07-04 12:45:00,5.26,
2018-07-04 13:00:00,4.57,
2018-07-04 13:15:00,24.26,
2018-07-04 13:30:00,40.14,
2018-07-04 13:45:00,38.63,
2018-07-04 14:00:00,34.99,
2018-07-04 14:15:00,35.93,
2018-07-04 14:30:00,43.31,
2018-07-04 14:45:00,35.78,
2018-07-04 15:00:00,36.4,
2018-07-04 15:15:00,40.21,
2018-07-04 15:30:00,40.86,
2018-07-04 15:45:00,39.28,
2018-07-04 16:00:00,48.06,
2018-07-04 16:15:00,53.17,
2018-07-04 16:30:00,44.06,
2018-07-04 16:45:00,42.23,
2018-07-04 17:00:00,46.26,
2018-07-04 17:15:00,47.48,
2018-07-04 17:30:00,41.36,
2018-07-04 17:45:00,35.42,
2018-07-04 18:00:00,36.68,
2018-07-04 18:15:00,50.87,
2018-07-04 18:30:00,47.7,
2018-07-04 18:45:00,44.21,
2018-07-04 19:00:00,50.9,
2018-07-04 19:15:00,45.72,
2018-07-04 19:30:00,43.13,
2018-07-04 19:45:00,35.96,
2018-07-04 20:00:00,34.38,
2018-07-04 20:15:00,53.32,
2018-07-04 20:30:00,45.22,
2018-07-04 20:45:00,53.21,
2018-07-04 21:00:00,34.31,
2018-07-04 21:15:00,37.33,
2018-07-04 21:30:00,56.05,
2018-07-04 21:45:00,37.26,
2018-07-04 22:00:00,4.5,
2018-07-04 22:15:00,4.72,
2018-07-04 22:30:00,3.89,
2018-07-04 22:45:00,3.71,
2018-07-04 23:00:00,3.64,
2018-07-04 23:15:00,3.6,
2018-07-04 23:30:00,3.53,
2018-07-04 23:45:00,3.53,
2018-07-05 00:00:00,3.67,
2018-07-05 00:15:00,3.56,
2018-07-05 00:30:00,3.53,
2018-07-05 00:45:00,3.1,
2018-07-05 01:00:00,3.02,
2018-07-05 01:15:00,3.02,
2018-07-05 01:30:00,3.13,
2018-07-05 01:45:00,3.56,
2018-07-05 02:00:00,3.06,
2018-07-05 02:15:00,3.02,
2018-07-05 02:30:00,3.06,
2018-07-05 02:45:00,3.06,
2018-07-05 03:00:00,3.06,
2018-07-05 03:15:00,3.13,
2018-07-05 03:30:00,3.06,
2018-07-05 03:45:00,3.06,
2018-07-05 04:00:00,3.06,
2018-07-05 04:15:00,3.1,
2018-07-05 04:30:00,3.02,
2018-07-05 04:45:00,3.1,
2018-07-05 05:00:00,3.1,
2018-07-05 05:15:00,3.06,
2018-07-05 05:30:00,3.56,
2018-07-05 05:45:00,3.24,
2018-07-05 06:00:00,3.1,
2018-07-05 06:15:00,3.2,
2018-07-05 06:30:00,3.64,
2018-07-05 06:45:00,3.17,
2018-07-05 07:00:00,2.99,
2018-07-05 07:15:00,3.06,
2018-07-05 07:30:00,3.53,
2018-07-05 07:45:00,4.03,
2018-07-05 08:00:00,4.82,
2018-07-05 08:15:00,38.41,
2018-07-05 08:30:00,71.14,
2018-07-05 08:45:00,117.32,
2018-07-05 09:00:00,121.68,
2018-07-05 09:15:00,84.2,
2018-07-05 09:30:00,98.17,
2018-07-05 09:45:00,74.52,
2018-07-05 10:00:00,85.97,
2018-07-05 10:15:00,106.96,
2018-07-05 10:30:00,83.7,
2018-07-05 10:45:00,66.28,
2018-07-05 11:00:00,75.89,
2018-07-05 11:15:00,74.88,
2018-07-05 11:30:00,101.7,
2018-07-05 11:45:00,107.75,
2018-07-05 12:00:00,82.73,
2018-07-05 12:15:00,8.42,
2018-07-05 12:30:00,5.9,
2018-07-05 12:45:00,5.0,
2018-07-05 13:00:00,4.86,
2018-07-05 13:15:00,59.62,
2018-07-05 13:30:00,64.76,
2018-07-05 13:45:00,50.94,
2018-07-05 14:00:00,56.92,
2018-07-05 14:15:00,55.48,
2018-07-05 14:30:00,61.02,
2018-07-05 14:45:00,65.52,
2018-07-05 15:00:00,47.59,
2018-07-05 15:15:00,81.04,
2018-07-05 15:30:00,105.12,
2018-07-05 15:45:00,82.19,
2018-07-05 16:00:00,74.23,
2018-07-05 16:15:00,58.68,
2018-07-05 16:30:00,53.46,
2018-07-05 16:45:00,51.48,
2018-07-05 17:00:00,64.04,
2018-07-05 17:15:00,59.04,
2018-07-05 17:30:00,55.19,
2018-07-05 17:45:00,30.74,
2018-07-05 18:00:00,32.47,
2018-07-05 18:15:00,41.0,
2018-07-05 18:30:00,62.42,
2018-07-05 18:45:00,57.6,
2018-07-05 19:00:00,57.46,
2018-07-05 19:15:00,55.51,
2018-07-05 19:30:00,57.85,
2018-07-05 19:45:00,47.74,
2018-07-05 20:00:00,49.61,
2018-07-05 20:15:00,65.23,
2018-07-05 20:30:00,109.87,
2018-07-05 20:45:00,106.74,
2018-07-05 21:00:00,33.77,
2018-07-05 21:15:00,4.72,
2018-07-05 21:30:00,4.28,
2018-07-05 21:45:00,4.07,
2018-07-05 22:00:00,4.0,
2018-07-05 22:15:00,3.85,
2018-07-05 22:30:00,3.74,
2018-07-05 22:45:00,4.64,
2018-07-05 23:00:00,4.57,
2018-07-05 23:15:00,3.64,
2018-07-05 23:30:00,3.6,
2018-07-05 23:45:00,3.64,
2018-07-06 00:00:00,3.67,
2018-07-06 00:15:00,3.64,
2018-07-06 00:30:00,3.28,
2018-07-06 00:45:00,3.17,
2018-07-06 01:00:00,3.13,
2018-07-06 01:15:00,3.17,
2018-07-06 01:30:00,3.13,
2018-07-06 01:45:00,3.1,
2018-07-06 02:00:00,3.17,
2018-07-06 02:15:00,3.24,
2018-07-06 02:30:00,3.2,
2018-07-06 02:45:00,3.24,
2018-07-06 03:00:00,3.2,
2018-07-06 03:15:00,3.17,
2018-07-06 03:30:00,3.2,
2018-07-06 03:45:00,3.2,
2018-07-06 04:00:00,3.17,
2018-07-06 04:15:00,3.31,
2018-07-06 04:30:00,3.6,
2018-07-06 04:45:00,3.53,
2018-07-06 05:00:00,3.89,
2018-07-06 05:15:00,3.31,
2018-07-06 05:30:00,3.24,
2018-07-06 05:45:00,3.28,
2018-07-06 06:00:00,3.24,
2018-07-06 06:15:00,3.2,
2018-07-06 06:30:00,3.24,
2018-07-06 06:45:00,3.2,
2018-07-06 07:00:00,3.24,
2018-07-06 07:15:00,3.24,
2018-07-06 07:30:00,3.6,
2018-07-06 07:45:00,3.53,
2018-07-06 08:00:00,3.85,
2018-07-06 08:15:00,58.0,
2018-07-06 08:30:00,112.32,
2018-07-06 08:45:00,115.52,
2018-07-06 09:00:00,112.72,
2018-07-06 09:15:00,86.4,
2018-07-06 09:30:00,106.52,
2018-07-06 09:45:00,105.37,
2018-07-06 10:00:00,78.12,
2018-07-06 10:15:00,108.94,
2018-07-06 10:30:00,88.67,
2018-07-06 10:45:00,96.7,
2018-07-06 11:00:00,118.91,
2018-07-06 11:15:00,76.9,
2018-07-06 11:30:00,110.84,
2018-07-06 11:45:00,97.56,
2018-07-06 12:00:00,99.32,
2018-07-06 12:15:00,7.16,
2018-07-06 12:30:00,5.72,
2018-07-06 12:45:00,5.15,
2018-07-06 13:00:00,4.9,
2018-07-06 13:15:00,48.24,
2018-07-06 13:30:00,54.94,
2018-07-06 13:45:00,84.71,
2018-07-06 14:00:00,96.98,
2018-07-06 14:15:00,89.35,
2018-07-06 14:30:00,115.13,
2018-07-06 14:45:00,93.24,
2018-07-06 15:00:00,112.72,
2018-07-06 15:15:00,94.61,
2018-07-06 15:30:00,78.88,
2018-07-06 15:45:00,111.24,
2018-07-06 16:00:00,81.11,
2018-07-06 16:15:00,107.93,
2018-07-06 16:30:00,99.43,
2018-07-06 16:45:00,104.87,
2018-07-06 17:00:00,102.89,
2018-07-06 17:15:00,61.16,
2018-07-06 17:30:00,69.62,
2018-07-06 17:45:00,32.54,
2018-07-06 18:00:00,32.98,
2018-07-06 18:15:00,60.44,
2018-07-06 18:30:00,112.03,
2018-07-06 18:45:00,90.36,
2018-07-06 19:00:00,103.32,
2018-07-06 19:15:00,104.83,
2018-07-06 19:30:00,88.02,
2018-07-06 19:45:00,116.21,
2018-07-06 20:00:00,117.0,
2018-07-06 20:15:00,89.35,
2018-07-06 20:30:00,115.34,
2018-07-06 20:45:00,87.66,
2018-07-06 21:00:00,34.56,
2018-07-06 21:15:00,12.24,
2018-07-06 21:30:00,4.1,
2018-07-06 21:45:00,4.07,
2018-07-06 22:00:00,4.0,
2018-07-06 22:15:00,3.92,
2018-07-06 22:30:00,3.78,
2018-07-06 22:45:00,3.67,
2018-07-06 23:00:00,3.67,
2018-07-06 23:15:00,3.64,
2018-07-06 23:30:00,3.6,
2018-07-06 23:45:00,3.6,
2018-07-07 00:00:00,3.1,
2018-07-07 00:15:00,3.49,
2018-07-07 00:30:00,3.06,
2018-07-07 00:45:00,3.1,
2018-07-07 01:00:00,3.13,
2018-07-07 01:15:00,3.1,
2018-07-07 01:30:00,3.35,
2018-07-07 01:45:00,3.74,
2018-07-07 02:00:00,3.35,
2018-07-07 02:15:00,3.13,
2018-07-07 02:30:00,3.13,
2018-07-07 02:45:00,3.17,
2018-07-07 03:00:00,3.2,
2018-07-07 03:15:00,3.13,
2018-07-07 03:30:00,3.13,
2018-07-07 03:45:00,3.13,
2018-07-07 04:00:00,3.17,
2018-07-07 04:15:00,3.2,
2018-07-07 04:30:00,3.53,
2018-07-07 04:45:00,3.49,
2018-07-07 05:00:00,3.13,
2018-07-07 05:15:00,3.1,
2018-07-07 05:30:00,3.17,
2018-07-07 05:45:00,3.2,
2018-07-07 06:00:00,3.13,
2018-07-07 06:15:00,3.1,
2018-07-07 06:30:00,3.13,
2018-07-07 06:45:00,2.99,
2018-07-07 07:00:00,2.92,
2018-07-07 07:15:00,3.02,
2018-07-07 07:30:00,3.85,
2018-07-07 07:45:00,3.49,
2018-07-07 08:00:00,3.24,
2018-07-07 08:15:00,39.53,
2018-07-07 08:30:00,110.27,
2018-07-07 08:45:00,100.33,
2018-07-07 09:00:00,43.24,
2018-07-07 09:15:00,62.5,
2018-07-07 09:30:00,54.9,
2018-07-07 09:45:00,55.62,
2018-07-07 10:00:00,59.76,
2018-07-07 10:15:00,49.18,
2018-07-07 10:30:00,42.7,
2018-07-07 10:45:00,45.61,
2018-07-07 11:00:00,40.57,
2018-07-07 11:15:00,59.44,
2018-07-07 11:30:00,59.8,
2018-07-07 11:45:00,80.78,
2018-07-07 12:00:00,101.81,
2018-07-07 12:15:00,21.56,
2018-07-07 12:30:00,6.26,
2018-07-07 12:45:00,5.69,
2018-07-07 13:00:00,5.18,
2018-07-07 13:15:00,23.15,
2018-07-07 13:30:00,79.78,
2018-07-07 13:45:00,105.23,
2018-07-07 14:00:00,106.16,
2018-07-07 14:15:00,72.07,
2018-07-07 14:30:00,94.25,
2018-07-07 14:45:00,94.18,
2018-07-07 15:00:00,96.01,
2018-07-07 15:15:00,98.1,
2018-07-07 15:30:00,78.01,
2018-07-07 15:45:00,98.71,
2018-07-07 16:00:00,109.98,
2018-07-07 16:15:00,90.9,
2018-07-07 16:30:00,107.21,
2018-07-07 16:45:00,89.39,
2018-07-07 17:00:00,6.3,
2018-07-07 17:15:00,4.07,
2018-07-07 17:30:00,3.64,
2018-07-07 17:45:00,3.67,
2018-07-07 18:00:00,3.71,
2018-07-07 18:15:00,3.56,
2018-07-07 18:30:00,3.46,
2018-07-07 18:45:00,3.49,
2018-07-07 19:00:00,3.6,
2018-07-07 19:15:00,4.39,
2018-07-07 19:30:00,4.21,
2018-07-07 19:45:00,3.67,
2018-07-07 20:00:00,3.46,
2018-07-07 20:15:00,3.02,
2018-07-07 20:30:00,3.06,
2018-07-07 20:45:00,3.06,
2018-07-07 21:00:00,3.02,
2018-07-07 21:15:00,3.1,
2018-07-07 21:30:00,3.06,
2018-07-07 21:45:00,3.06,
2018-07-07 22:00:00,3.06,
2018-07-07 22:15:00,3.02,
2018-07-07 22:30:00,2.84,
2018-07-07 22:45:00,2.95,
2018-07-07 23:00:00,2.77,
2018-07-07 23:15:00,2.77,
2018-07-07 23:30:00,2.74,
2018-07-07 23:45:00,3.28,
2018-07-08 00:00:00,2.7,
2018-07-08 00:15:00,3.35,
2018-07-08 00:30:00,2.74,
2018-07-08 00:45:00,2.81,
2018-07-08 01:00:00,2.81,
2018-07-08 01:15:00,2.81,
2018-07-08 01:30:00,2.81,
2018-07-08 01:45:00,2.81,
2018-07-08 02:00:00,2.84,
2018-07-08 02:15:00,2.81,
2018-07-08 02:30:00,2.81,
2018-07-08 02:45:00,2.81,
2018-07-08 03:00:00,2.84,
2018-07-08 03:15:00,3.24,
2018-07-08 03:30:00,2.99,
2018-07-08 03:45:00,2.84,
2018-07-08 04:00:00,2.84,
2018-07-08 04:15:00,2.81,
2018-07-08 04:30:00,2.84,
2018-07-08 04:45:00,3.42,
2018-07-08 05:00:00,3.13,
2018-07-08 05:15:00,2.77,
2018-07-08 05:30:00,2.81,
2018-07-08 05:45:00,2.77,
2018-07-08 06:00:00,2.77,
2018-07-08 06:15:00,2.84,
2018-07-08 06:30:00,3.38,
2018-07-08 06:45:00,2.81,
2018-07-08 07:00:00,2.81,
2018-07-08 07:15:00,2.74,
2018-07-08 07:30:00,2.81,
2018-07-08 07:45:00,2.95,
2018-07-08 08:00:00,18.76,
2018-07-08 08:15:00,54.58,
2018-07-08 08:30:00,105.91,
2018-07-08 08:45:00,112.36,
2018-07-08 09:00:00,86.51,
2018-07-08 09:15:00,99.94,
2018-07-08 09:30:00,104.69,
2018-07-08 09:45:00,96.8,
2018-07-08 10:00:00,92.52,
2018-07-08 10:15:00,64.44,
2018-07-08 10:30:00,79.78,
2018-07-08 10:45:00,116.78,
2018-07-08 11:00:00,90.04,
2018-07-08 11:15:00,110.2,
2018-07-08 11:30:00,98.96,
2018-07-08 11:45:00,78.26,
2018-07-08 12:00:00,49.79,
2018-07-08 12:15:00,4.07,
2018-07-08 12:30:00,4.03,
2018-07-08 12:45:00,3.96,
2018-07-08 13:00:00,4.0,
2018-07-08 13:15:00,53.21,
2018-07-08 13:30:00,90.4,
2018-07-08 13:45:00,51.55,
2018-07-08 14:00:00,48.46,
2018-07-08 14:15:00,56.7,
2018-07-08 14:30:00,62.75,
2018-07-08 14:45:00,59.98,
2018-07-08 15:00:00,53.14,
2018-07-08 15:15:00,43.42,
2018-07-08 15:30:00,45.97,
2018-07-08 15:45:00,44.14,
2018-07-08 16:00:00,48.35,
2018-07-08 16:15:00,51.08,
2018-07-08 16:30:00,44.1,
2018-07-08 16:45:00,44.17,
2018-07-08 17:00:00,5.87,
2018-07-08 17:15:00,3.96,
2018-07-08 17:30:00,3.82,
2018-07-08 17:45:00,3.78,
2018-07-08 18:00:00,3.74,
2018-07-08 18:15:00,3.56,
2018-07-08 18:30:00,3.38,
2018-07-08 18:45:00,3.49,
2018-07-08 19:00:00,3.89,
2018-07-08 19:15:00,4.61,
2018-07-08 19:30:00,3.49,
2018-07-08 19:45:00,3.56,
2018-07-08 20:00:00,3.64,
2018-07-08 20:15:00,3.56,
2018-07-08 20:30:00,3.31,
2018-07-08 20:45:00,2.92,
2018-07-08 21:00:00,2.95,
2018-07-08 21:15:00,2.95,
2018-07-08 21:30:00,2.95,
2018-07-08 21:45:00,2.99,
2018-07-08 22:00:00,2.95,
2018-07-08 22:15:00,2.84,
2018-07-08 22:30:00,2.7,
2018-07-08 22:45:00,2.74,
2018-07-08 23:00:00,2.7,
2018-07-08 23:15:00,2.74,
2018-07-08 23:30:00,3.28,
2018-07-08 23:45:00,2.92,
2018-07-09 00:00:00,3.31,
2018-07-09 00:15:00,2.66,
2018-07-09 00:30:00,3.17,
2018-07-09 00:45:00,3.02,
2018-07-09 01:00:00,2.77,
2018-07-09 01:15:00,2.74,
2018-07-09 01:30:00,2.74,
2018-07-09 01:45:00,2.77,
2018-07-09 02:00:00,2.7,
2018-07-09 02:15:00,2.77,
2018-07-09 02:30:00,2.74,
2018-07-09 02:45:00,2.74,
2018-07-09 03:00:00,2.77,
2018-07-09 03:15:00,2.74,
2018-07-09 03:30:00,2.77,
2018-07-09 03:45:00,2.81,
2018-07-09 04:00:00,2.74,
2018-07-09 04:15:00,3.24,
2018-07-09 04:30:00,3.02,
2018-07-09 04:45:00,2.99,
2018-07-09 05:00:00,3.13,
2018-07-09 05:15:00,2.7,
2018-07-09 05:30:00,2.7,
2018-07-09 05:45:00,2.7,
2018-07-09 06:00:00,2.7,
2018-07-09 06:15:00,2.7,
2018-07-09 06:30:00,2.66,
2018-07-09 06:45:00,2.66,
2018-07-09 07:00:00,2.66,
2018-07-09 07:15:00,2.74,
2018-07-09 07:30:00,2.99,
2018-07-09 07:45:00,3.42,
2018-07-09 08:00:00,4.72,
2018-07-09 08:15:00,17.39,
2018-07-09 08:30:00,53.6,
2018-07-09 08:45:00,57.71,
2018-07-09 09:00:00,60.95,
2018-07-09 09:15:00,50.98,
2018-07-09 09:30:00,50.62,
2018-07-09 09:45:00,53.39,
2018-07-09 10:00:00,59.8,
2018-07-09 10:15:00,69.23,
2018-07-09 10:30:00,53.42,
2018-07-09 10:45:00,56.3,
2018-07-09 11:00:00,48.42,
2018-07-09 11:15:00,55.69,
2018-07-09 11:30:00,69.62,
2018-07-09 11:45:00,50.69,
2018-07-09 12:00:00,53.06,
2018-07-09 12:15:00,16.16,
2018-07-09 12:30:00,6.34,
2018-07-09 12:45:00,5.44,
2018-07-09 13:00:00,6.12,
2018-07-09 13:15:00,34.52,
2018-07-09 13:30:00,49.57,
2018-07-09 13:45:00,46.66,
2018-07-09 14:00:00,48.49,
2018-07-09 14:15:00,50.47,
2018-07-09 14:30:00,48.64,
2018-07-09 14:45:00,52.92,
2018-07-09 15:00:00,52.02,
2018-07-09 15:15:00,50.0,
2018-07-09 15:30:00,47.45,
2018-07-09 15:45:00,52.52,
2018-07-09 16:00:00,66.24,
2018-07-09 16:15:00,58.54,
2018-07-09 16:30:00,54.25,
2018-07-09 16:45:00,59.11,
2018-07-09 17:00:00,67.43,
2018-07-09 17:15:00,57.24,
2018-07-09 17:30:00,57.64,
2018-07-09 17:45:00,28.04,
2018-07-09 18:00:00,27.72,
2018-07-09 18:15:00,32.87,
2018-07-09 18:30:00,42.66,
2018-07-09 18:45:00,45.25,
2018-07-09 19:00:00,48.82,
2018-07-09 19:15:00,48.38,
2018-07-09 19:30:00,61.2,
2018-07-09 19:45:00,58.82,
2018-07-09 20:00:00,48.1,
2018-07-09 20:15:00,47.02,
2018-07-09 20:30:00,42.05,
2018-07-09 20:45:00,60.16,
2018-07-09 21:00:00,38.45,
2018-07-09 21:15:00,5.04,
2018-07-09 21:30:00,3.92,
2018-07-09 21:45:00,3.82,
2018-07-09 22:00:00,3.78,
2018-07-09 22:15:00,3.67,
2018-07-09 22:30:00,3.49,
2018-07-09 22:45:00,3.46,
2018-07-09 23:00:00,3.46,
2018-07-09 23:15:00,3.35,
2018-07-09 23:30:00,3.35,
2018-07-09 23:45:00,3.31,
2018-07-10 00:00:00,3.24,
2018-07-10 00:15:00,3.42,
2018-07-10 00:30:00,3.49,
2018-07-10 00:45:00,3.38,
2018-07-10 01:00:00,3.35,
2018-07-10 01:15:00,2.99,
2018-07-10 01:30:00,2.84,
2018-07-10 01:45:00,2.81,
2018-07-10 02:00:00,3.42,
2018-07-10 02:15:00,3.24,
2018-07-10 02:30:00,2.92,
2018-07-10 02:45:00,2.88,
2018-07-10 03:00:00,2.88,
2018-07-10 03:15:00,2.84,
2018-07-10 03:30:00,2.95,
2018-07-10 03:45:00,2.84,
2018-07-10 04:00:00,2.84,
2018-07-10 04:15:00,2.88,
2018-07-10 04:30:00,2.88,
2018-07-10 04:45:00,2.95,
2018-07-10 05:00:00,2.99,
2018-07-10 05:15:00,3.31,
2018-07-10 05:30:00,2.84,
2018-07-10 05:45:00,2.84,
2018-07-10 06:00:00,2.81,
2018-07-10 06:15:00,2.88,
2018-07-10 06:30:00,2.84,
2018-07-10 06:45:00,2.84,
2018-07-10 07:00:00,2.88,
2018-07-10 07:15:00,2.95,
2018-07-10 07:30:00,3.24,
2018-07-10 07:45:00,3.67,
2018-07-10 08:00:00,5.76,
2018-07-10 08:15:00,39.56,
2018-07-10 08:30:00,49.54,
2018-07-10 08:45:00,53.6,
2018-07-10 09:00:00,70.13,
2018-07-10 09:15:00,59.76,
2018-07-10 09:30:00,71.93,
2018-07-10 09:45:00,61.63,
2018-07-10 10:00:00,55.73,
2018-07-10 10:15:00,55.48,
2018-07-10 10:30:00,54.97,
2018-07-10 10:45:00,50.94,
2018-07-10 11:00:00,67.86,
2018-07-10 11:15:00,63.83,
2018-07-10 11:30:00,71.86,
2018-07-10 11:45:00,55.84,
2018-07-10 12:00:00,50.65,
2018-07-10 12:15:00,4.07,
2018-07-10 12:30:00,4.0,
2018-07-10 12:45:00,4.03,
2018-07-10 13:00:00,4.25,
2018-07-10 13:15:00,36.25,
2018-07-10 13:30:00,64.8,
2018-07-10 13:45:00,55.58,
2018-07-10 14:00:00,52.2,
2018-07-10 14:15:00,54.83,
2018-07-10 14:30:00,64.08,
2018-07-10 14:45:00,56.88,
2018-07-10 15:00:00,47.7,
2018-07-10 15:15:00,86.22,
2018-07-10 15:30:00,113.29,
2018-07-10 15:45:00,99.0,
2018-07-10 16:00:00,118.91,
2018-07-10 16:15:00,89.14,
2018-07-10 16:30:00,92.74,
2018-07-10 16:45:00,110.41,
2018-07-10 17:00:00,95.11,
2018-07-10 17:15:00,101.52,
2018-07-10 17:30:00,82.8,
2018-07-10 17:45:00,47.12,
2018-07-10 18:00:00,29.02,
2018-07-10 18:15:00,49.79,
2018-07-10 18:30:00,79.56,
2018-07-10 18:45:00,86.18,
2018-07-10 19:00:00,108.58,
2018-07-10 19:15:00,80.53,
2018-07-10 19:30:00,49.68,
2018-07-10 19:45:00,78.91,
2018-07-10 20:00:00,74.59,
2018-07-10 20:15:00,82.08,
2018-07-10 20:30:00,44.75,
2018-07-10 20:45:00,41.65,
2018-07-10 21:00:00,28.33,
2018-07-10 21:15:00,13.46,
2018-07-10 21:30:00,3.67,
2018-07-10 21:45:00,3.82,
2018-07-10 22:00:00,3.64,
2018-07-10 22:15:00,3.6,
2018-07-10 22:30:00,3.38,
2018-07-10 22:45:00,3.35,
2018-07-10 23:00:00,3.31,
2018-07-10 23:15:00,3.31,
2018-07-10 23:30:00,3.28,
2018-07-10 23:45:00,3.28,
2018-07-11 00:00:00,3.06,
2018-07-11 00:15:00,3.28,
2018-07-11 00:30:00,3.38,
2018-07-11 00:45:00,3.31,
2018-07-11 01:00:00,3.46,
2018-07-11 01:15:00,3.35,
2018-07-11 01:30:00,2.77,
2018-07-11 01:45:00,2.74,
2018-07-11 02:00:00,2.77,
2018-07-11 02:15:00,2.74,
2018-07-11 02:30:00,2.74,
2018-07-11 02:45:00,2.81,
2018-07-11 03:00:00,2.77,
2018-07-11 03:15:00,2.77,
2018-07-11 03:30:00,2.84,
2018-07-11 03:45:00,2.77,
2018-07-11 04:00:00,2.77,
2018-07-11 04:15:00,2.88,
2018-07-11 04:30:00,3.24,
2018-07-11 04:45:00,2.77,
2018-07-11 05:00:00,2.81,
2018-07-11 05:15:00,2.77,
2018-07-11 05:30:00,2.77,
2018-07-11 05:45:00,2.77,
2018-07-11 06:00:00,2.74,
2018-07-11 06:15:00,2.74,
2018-07-11 06:30:00,2.99,
2018-07-11 06:45:00,3.35,
2018-07-11 07:00:00,2.84,
2018-07-11 07:15:00,2.81,
2018-07-11 07:30:00,2.92,
2018-07-11 07:45:00,3.13,
2018-07-11 08:00:00,3.2,
2018-07-11 08:15:00,18.14,
2018-07-11 08:30:00,111.2,
2018-07-11 08:45:00,76.54,
2018-07-11 09:00:00,55.51,
2018-07-11 09:15:00,62.14,
2018-07-11 09:30:00,53.35,
2018-07-11 09:45:00,64.48,
2018-07-11 10:00:00,53.93,
2018-07-11 10:15:00,60.88,
2018-07-11 10:30:00,66.71,
2018-07-11 10:45:00,56.84,
2018-07-11 11:00:00,62.53,
2018-07-11 11:15:00,60.8,
2018-07-11 11:30:00,68.18,
2018-07-11 11:45:00,60.98,
2018-07-11 12:00:00,59.83,
2018-07-11 12:15:00,7.27,
2018-07-11 12:30:00,4.61,
2018-07-11 12:45:00,4.64,
2018-07-11 13:00:00,4.54,
2018-07-11 13:15:00,42.88,
2018-07-11 13:30:00,58.14,
2018-07-11 13:45:00,63.32,
2018-07-11 14:00:00,51.01,
2018-07-11 14:15:00,45.72,
2018-07-11 14:30:00,43.42,
2018-07-11 14:45:00,47.63,
2018-07-11 15:00:00,48.74,
2018-07-11 15:15:00,39.71,
2018-07-11 15:30:00,38.84,
2018-07-11 15:45:00,38.92,
2018-07-11 16:00:00,46.55,
2018-07-11 16:15:00,49.46,
2018-07-11 16:30:00,49.93,
2018-07-11 16:45:00,49.28,
2018-07-11 17:00:00,42.84,
2018-07-11 17:15:00,43.34,
2018-07-11 17:30:00,39.38,
2018-07-11 17:45:00,33.08,
2018-07-11 18:00:00,28.87,
2018-07-11 18:15:00,29.88,
2018-07-11 18:30:00,35.71,
2018-07-11 18:45:00,43.92,
2018-07-11 19:00:00,44.03,
2018-07-11 19:15:00,46.48,
2018-07-11 19:30:00,45.32,
2018-07-11 19:45:00,38.02,
2018-07-11 20:00:00,36.4,
2018-07-11 20:15:00,38.34,
2018-07-11 20:30:00,56.41,
2018-07-11 20:45:00,27.97,
2018-07-11 21:00:00,7.27,
2018-07-11 21:15:00,5.4,
2018-07-11 21:30:00,3.74,
2018-07-11 21:45:00,3.78,
2018-07-11 22:00:00,3.82,
2018-07-11 22:15:00,3.64,
2018-07-11 22:30:00,3.53,
2018-07-11 22:45:00,3.53,
2018-07-11 23:00:00,3.42,
2018-07-11 23:15:00,2.88,
2018-07-11 23:30:00,2.88,
2018-07-11 23:45:00,2.92,
2018-07-12 00:00:00,2.74,
2018-07-12 00:15:00,3.49,
2018-07-12 00:30:00,2.99,
2018-07-12 00:45:00,2.92,
2018-07-12 01:00:00,2.99,
2018-07-12 01:15:00,2.99,
2018-07-12 01:30:00,2.95,
2018-07-12 01:45:00,2.95,
2018-07-12 02:00:00,2.95,
2018-07-12 02:15:00,2.99,
2018-07-12 02:30:00,3.02,
2018-07-12 02:45:00,2.99,
2018-07-12 03:00:00,3.02,
2018-07-12 03:15:00,2.99,
2018-07-12 03:30:00,3.49,
2018-07-12 03:45:00,3.13,
2018-07-12 04:00:00,3.06,
2018-07-12 04:15:00,2.99,
2018-07-12 04:30:00,2.92,
2018-07-12 04:45:00,2.92,
2018-07-12 05:00:00,3.28,
2018-07-12 05:15:00,3.49,
2018-07-12 05:30:00,2.99,
2018-07-12 05:45:00,2.92,
2018-07-12 06:00:00,2.99,
2018-07-12 06:15:00,2.95,
2018-07-12 06:30:00,2.92,
2018-07-12 06:45:00,2.92,
2018-07-12 07:00:00,2.99,
2018-07-12 07:15:00,3.02,
2018-07-12 07:30:00,3.31,
2018-07-12 07:45:00,3.82,
2018-07-12 08:00:00,4.1,
2018-07-12 08:15:00,37.04,
2018-07-12 08:30:00,63.14,
2018-07-12 08:45:00,66.49,
2018-07-12 09:00:00,61.42,
2018-07-12 09:15:00,67.61,
2018-07-12 09:30:00,59.8,
2018-07-12 09:45:00,70.13,
2018-07-12 10:00:00,53.96,
2018-07-12 10:15:00,63.86,
2018-07-12 10:30:00,68.4,
2018-07-12 10:45:00,57.42,
2018-07-12 11:00:00,75.74,
2018-07-12 11:15:00,58.82,
2018-07-12 11:30:00,54.61,
2018-07-12 11:45:00,68.26,
2018-07-12 12:00:00,49.5,
2018-07-12 12:15:00,4.36,
2018-07-12 12:30:00,4.36,
2018-07-12 12:45:00,4.39,
2018-07-12 13:00:00,4.61,
2018-07-12 13:15:00,4.97,
2018-07-12 13:30:00,6.48,
2018-07-12 13:45:00,5.22,
2018-07-12 14:00:00,4.75,
2018-07-12 14:15:00,39.53,
2018-07-12 14:30:00,67.07,
2018-07-12 14:45:00,45.22,
2018-07-12 15:00:00,47.45,
2018-07-12 15:15:00,54.86,
2018-07-12 15:30:00,54.54,
2018-07-12 15:45:00,48.13,
2018-07-12 16:00:00,51.73,
2018-07-12 16:15:00,57.46,
2018-07-12 16:30:00,61.38,
2018-07-12 16:45:00,48.92,
2018-07-12 17:00:00,49.97,
2018-07-12 17:15:00,62.93,
2018-07-12 17:30:00,56.02,
2018-07-12 17:45:00,31.86,
2018-07-12 18:00:00,30.82,
2018-07-12 18:15:00,51.95,
2018-07-12 18:30:00,58.9,
2018-07-12 18:45:00,56.92,
2018-07-12 19:00:00,58.72,
2018-07-12 19:15:00,49.39,
2018-07-12 19:30:00,46.87,
2018-07-12 19:45:00,47.27,
2018-07-12 20:00:00,44.1,
2018-07-12 20:15:00,48.89,
2018-07-12 20:30:00,73.84,
2018-07-12 20:45:00,49.32,
2018-07-12 21:00:00,19.04,
2018-07-12 21:15:00,7.99,
2018-07-12 21:30:00,4.03,
2018-07-12 21:45:00,3.64,
2018-07-12 22:00:00,3.56,
2018-07-12 22:15:00,3.53,
2018-07-12 22:30:00,3.71,
2018-07-12 22:45:00,4.39,
2018-07-12 23:00:00,3.82,
2018-07-12 23:15:00,2.95,
2018-07-12 23:30:00,2.66,
2018-07-12 23:45:00,2.7,
2018-07-13 00:00:00,2.59,
2018-07-13 00:15:00,2.66,
2018-07-13 00:30:00,2.81,
2018-07-13 00:45:00,2.74,
2018-07-13 01:00:00,2.77,
2018-07-13 01:15:00,2.81,
2018-07-13 01:30:00,2.81,
2018-07-13 01:45:00,2.74,
2018-07-13 02:00:00,2.81,
2018-07-13 02:15:00,2.77,
2018-07-13 02:30:00,2.74,
2018-07-13 02:45:00,2.77,
2018-07-13 03:00:00,3.2,
2018-07-13 03:15:00,3.2,
2018-07-13 03:30:00,2.81,
2018-07-13 03:45:00,2.84,
2018-07-13 04:00:00,2.88,
2018-07-13 04:15:00,2.84,
2018-07-13 04:30:00,2.84,
2018-07-13 04:45:00,3.17,
2018-07-13 05:00:00,3.28,
2018-07-13 05:15:00,2.84,
2018-07-13 05:30:00,2.84,
2018-07-13 05:45:00,2.81,
2018-07-13 06:00:00,2.84,
2018-07-13 06:15:00,2.77,
2018-07-13 06:30:00,2.74,
2018-07-13 06:45:00,2.81,
2018-07-13 07:00:00,2.77,
2018-07-13 07:15:00,2.81,
2018-07-13 07:30:00,3.2,
2018-07-13 07:45:00,3.38,
2018-07-13 08:00:00,3.67,
2018-07-13 08:15:00,29.95,
2018-07-13 08:30:00,39.06,
2018-07-13 08:45:00,46.91,
2018-07-13 09:00:00,48.42,
2018-07-13 09:15:00,49.07,
2018-07-13 09:30:00,60.91,
2018-07-13 09:45:00,65.52,
2018-07-13 10:00:00,56.66,
2018-07-13 10:15:00,55.19,
2018-07-13 10:30:00,61.56,
2018-07-13 10:45:00,51.01,
2018-07-13 11:00:00,53.03,
2018-07-13 11:15:00,57.78,
2018-07-13 11:30:00,56.74,
2018-07-13 11:45:00,47.45,
2018-07-13 12:00:00,46.33,
2018-07-13 12:15:00,6.73,
2018-07-13 12:30:00,4.57,
2018-07-13 12:45:00,4.86,
2018-07-13 13:00:00,5.72,
2018-07-13 13:15:00,34.78,
2018-07-13 13:30:00,52.42,
2018-07-13 13:45:00,58.75,
2018-07-13 14:00:00,48.24,
2018-07-13 14:15:00,51.84,
2018-07-13 14:30:00,61.85,
2018-07-13 14:45:00,47.27,
2018-07-13 15:00:00,48.74,
2018-07-13 15:15:00,53.24,
2018-07-13 15:30:00,54.72,
2018-07-13 15:45:00,57.31,
2018-07-13 16:00:00,46.62,
2018-07-13 16:15:00,48.35,
2018-07-13 16:30:00,49.5,
2018-07-13 16:45:00,54.83,
2018-07-13 17:00:00,57.13,
2018-07-13 17:15:00,58.14,
2018-07-13 17:30:00,54.94,
2018-07-13 17:45:00,30.89,
2018-07-13 18:00:00,31.1,
2018-07-13 18:15:00,34.88,
2018-07-13 18:30:00,59.94,
2018-07-13 18:45:00,57.56,
2018-07-13 19:00:00,48.89,
2018-07-13 19:15:00,46.87,
2018-07-13 19:30:00,62.6,
2018-07-13 19:45:00,55.44,
2018-07-13 20:00:00,65.66,
2018-07-13 20:15:00,57.6,
2018-07-13 20:30:00,61.85,
2018-07-13 20:45:00,46.84,
2018-07-13 21:00:00,27.22,
2018-07-13 21:15:00,20.45,
2018-07-13 21:30:00,3.89,
2018-07-13 21:45:00,3.82,
2018-07-13 22:00:00,3.78,
2018-07-13 22:15:00,3.74,
2018-07-13 22:30:00,4.54,
2018-07-13 22:45:00,3.67,
2018-07-13 23:00:00,3.2,
2018-07-13 23:15:00,2.7,
2018-07-13 23:30:00,2.74,
2018-07-13 23:45:00,2.66,
2018-07-14 00:00:00,2.77,
2018-07-14 00:15:00,2.56,
2018-07-14 00:30:00,2.63,
2018-07-14 00:45:00,2.63,
2018-07-14 01:00:00,2.74,
2018-07-14 01:15:00,2.66,
2018-07-14 01:30:00,2.63,
2018-07-14 01:45:00,2.66,
2018-07-14 02:00:00,2.7,
2018-07-14 02:15:00,2.66,
2018-07-14 02:30:00,2.74,
2018-07-14 02:45:00,2.88,
2018-07-14 03:00:00,3.24,
2018-07-14 03:15:00,2.77,
2018-07-14 03:30:00,2.84,
2018-07-14 03:45:00,3.31,
2018-07-14 04:00:00,3.06,
2018-07-14 04:15:00,2.74,
2018-07-14 04:30:00,2.74,
2018-07-14 04:45:00,2.74,
2018-07-14 05:00:00,2.74,
2018-07-14 05:15:00,2.74,
2018-07-14 05:30:00,2.84,
2018-07-14 05:45:00,2.7,
2018-07-14 06:00:00,2.7,
2018-07-14 06:15:00,2.7,
2018-07-14 06:30:00,2.7,
2018-07-14 06:45:00,2.7,
2018-07-14 07:00:00,2.7,
2018-07-14 07:15:00,2.66,
2018-07-14 07:30:00,2.77,
2018-07-14 07:45:00,3.74,
2018-07-14 08:00:00,3.92,
2018-07-14 08:15:00,22.5,
2018-07-14 08:30:00,35.89,
2018-07-14 08:45:00,38.63,
2018-07-14 09:00:00,37.33,
2018-07-14 09:15:00,37.76,
2018-07-14 09:30:00,37.73,
2018-07-14 09:45:00,37.08,
2018-07-14 10:00:00,39.13,
2018-07-14 10:15:00,37.84,
2018-07-14 10:30:00,38.3,
2018-07-14 10:45:00,36.04,
2018-07-14 11:00:00,37.48,
2018-07-14 11:15:00,38.05,
2018-07-14 11:30:00,35.68,
2018-07-14 11:45:00,38.16,
2018-07-14 12:00:00,24.59,
2018-07-14 12:15:00,3.71,
2018-07-14 12:30:00,4.32,
2018-07-14 12:45:00,3.89,
2018-07-14 13:00:00,3.42,
2018-07-14 13:15:00,22.03,
2018-07-14 13:30:00,36.76,
2018-07-14 13:45:00,34.96,
2018-07-14 14:00:00,36.83,
2018-07-14 14:15:00,35.86,
2018-07-14 14:30:00,33.84,
2018-07-14 14:45:00,70.2,
2018-07-14 15:00:00,77.18,
2018-07-14 15:15:00,73.26,
2018-07-14 15:30:00,76.28,
2018-07-14 15:45:00,84.28,
2018-07-14 16:00:00,61.56,
2018-07-14 16:15:00,57.46,
2018-07-14 16:30:00,84.49,
2018-07-14 16:45:00,71.96,
2018-07-14 17:00:00,40.1,
2018-07-14 17:15:00,25.99,
2018-07-14 17:30:00,24.84,
2018-07-14 17:45:00,26.1,
2018-07-14 18:00:00,24.3,
2018-07-14 18:15:00,5.47,
2018-07-14 18:30:00,2.99,
2018-07-14 18:45:00,2.88,
2018-07-14 19:00:00,2.95,
2018-07-14 19:15:00,2.92,
2018-07-14 19:30:00,3.28,
2018-07-14 19:45:00,3.31,
2018-07-14 20:00:00,2.92,
2018-07-14 20:15:00,2.92,
2018-07-14 20:30:00,2.95,
2018-07-14 20:45:00,2.92,
2018-07-14 21:00:00,2.99,
2018-07-14 21:15:00,2.99,
2018-07-14 21:30:00,3.02,
2018-07-14 21:45:00,3.56,
2018-07-14 22:00:00,3.64,
2018-07-14 22:15:00,3.06,
2018-07-14 22:30:00,2.92,
2018-07-14 22:45:00,2.81,
2018-07-14 23:00:00,2.81,
2018-07-14 23:15:00,2.77,
2018-07-14 23:30:00,2.81,
2018-07-14 23:45:00,2.77,
2018-07-15 00:00:00,2.92,
2018-07-15 00:15:00,2.84,
2018-07-15 00:30:00,2.84,
2018-07-15 00:45:00,2.84,
2018-07-15 01:00:00,2.84,
2018-07-15 01:15:00,3.17,
2018-07-15 01:30:00,3.38,
2018-07-15 01:45:00,2.92,
2018-07-15 02:00:00,2.84,
2018-07-15 02:15:00,2.84,
2018-07-15 02:30:00,2.88,
2018-07-15 02:45:00,3.35,
2018-07-15 03:00:00,3.1,
2018-07-15 03:15:00,2.95,
2018-07-15 03:30:00,2.92,
2018-07-15 03:45:00,2.84,
2018-07-15 04:00:00,2.84,
2018-07-15 04:15:00,2.81,
2018-07-15 04:30:00,2.84,
2018-07-15 04:45:00,2.84,
2018-07-15 05:00:00,2.92,
2018-07-15 05:15:00,2.81,
2018-07-15 05:30:00,2.77,
2018-07-15 05:45:00,2.81,
2018-07-15 06:00:00,2.81,
2018-07-15 06:15:00,2.81,
2018-07-15 06:30:00,2.81,
2018-07-15 06:45:00,4.28,
2018-07-15 07:00:00,3.2,
2018-07-15 07:15:00,2.74,
2018-07-15 07:30:00,2.74,
2018-07-15 07:45:00,3.67,
2018-07-15 08:00:00,8.86,
2018-07-15 08:15:00,56.88,
2018-07-15 08:30:00,90.68,
2018-07-15 08:45:00,71.75,
2018-07-15 09:00:00,111.92,
2018-07-15 09:15:00,86.65,
2018-07-15 09:30:00,82.66,
2018-07-15 09:45:00,101.05,
2018-07-15 10:00:00,77.62,
2018-07-15 10:15:00,108.47,
2018-07-15 10:30:00,98.57,
2018-07-15 10:45:00,80.46,
2018-07-15 11:00:00,107.71,
2018-07-15 11:15:00,78.66,
2018-07-15 11:30:00,90.14,
2018-07-15 11:45:00,87.3,
2018-07-15 12:00:00,35.06,
2018-07-15 12:15:00,5.58,
2018-07-15 12:30:00,4.5,
2018-07-15 12:45:00,4.28,
2018-07-15 13:00:00,4.18,
2018-07-15 13:15:00,48.92,
2018-07-15 13:30:00,97.6,
2018-07-15 13:45:00,88.88,
2018-07-15 14:00:00,94.86,
2018-07-15 14:15:00,99.86,
2018-07-15 14:30:00,88.34,
2018-07-15 14:45:00,95.72,
2018-07-15 15:00:00,99.61,
2018-07-15 15:15:00,85.93,
2018-07-15 15:30:00,96.91,
2018-07-15 15:45:00,98.06,
2018-07-15 16:00:00,88.27,
2018-07-15 16:15:00,97.85,
2018-07-15 16:30:00,84.6,
2018-07-15 16:45:00,91.04,
2018-07-15 17:00:00,49.54,
2018-07-15 17:15:00,26.89,
2018-07-15 17:30:00,26.06,
2018-07-15 17:45:00,25.56,
2018-07-15 18:00:00,25.31,
2018-07-15 18:15:00,37.73,
2018-07-15 18:30:00,42.05,
2018-07-15 18:45:00,39.46,
2018-07-15 19:00:00,44.53,
2018-07-15 19:15:00,45.79,
2018-07-15 19:30:00,47.45,
2018-07-15 19:45:00,44.5,
2018-07-15 20:00:00,44.71,
2018-07-15 20:15:00,44.35,
2018-07-15 20:30:00,44.28,
2018-07-15 20:45:00,44.03,
2018-07-15 21:00:00,11.63,
2018-07-15 21:15:00,6.3,
2018-07-15 21:30:00,3.78,
2018-07-15 21:45:00,3.67,
2018-07-15 22:00:00,3.85,
2018-07-15 22:15:00,4.72,
2018-07-15 22:30:00,3.78,
2018-07-15 22:45:00,3.46,
2018-07-15 23:00:00,3.49,
2018-07-15 23:15:00,2.77,
2018-07-15 23:30:00,2.84,
2018-07-15 23:45:00,2.81,
2018-07-16 00:00:00,2.92,
2018-07-16 00:15:00,2.92,
2018-07-16 00:30:00,2.92,
2018-07-16 00:45:00,2.88,
2018-07-16 01:00:00,2.88,
2018-07-16 01:15:00,2.88,
2018-07-16 01:30:00,2.92,
2018-07-16 01:45:00,2.88,
2018-07-16 02:00:00,2.95,
2018-07-16 02:15:00,2.99,
2018-07-16 02:30:00,2.95,
2018-07-16 02:45:00,3.42,
2018-07-16 03:00:00,2.99,
2018-07-16 03:15:00,2.92,
2018-07-16 03:30:00,2.99,
2018-07-16 03:45:00,2.88,
2018-07-16 04:00:00,2.84,
2018-07-16 04:15:00,3.42,
2018-07-16 04:30:00,3.06,
2018-07-16 04:45:00,2.88,
2018-07-16 05:00:00,2.92,
2018-07-16 05:15:00,2.81,
2018-07-16 05:30:00,2.77,
2018-07-16 05:45:00,2.81,
2018-07-16 06:00:00,2.81,
2018-07-16 06:15:00,2.92,
2018-07-16 06:30:00,3.35,
2018-07-16 06:45:00,2.77,
2018-07-16 07:00:00,2.77,
2018-07-16 07:15:00,2.81,
2018-07-16 07:30:00,3.28,
2018-07-16 07:45:00,3.6,
2018-07-16 08:00:00,5.26,
2018-07-16 08:15:00,63.25,
2018-07-16 08:30:00,88.49,
2018-07-16 08:45:00,94.21,
2018-07-16 09:00:00,89.21,
2018-07-16 09:15:00,97.81,
2018-07-16 09:30:00,94.82,
2018-07-16 09:45:00,77.9,
2018-07-16 10:00:00,91.37,
2018-07-16 10:15:00,101.27,
2018-07-16 10:30:00,88.42,
2018-07-16 10:45:00,55.33,
2018-07-16 11:00:00,66.6,
2018-07-16 11:15:00,47.92,
2018-07-16 11:30:00,53.39,
2018-07-16 11:45:00,75.71,
2018-07-16 12:00:00,52.6,
2018-07-16 12:15:00,5.69,
2018-07-16 12:30:00,5.54,
2018-07-16 12:45:00,5.36,
2018-07-16 13:00:00,6.16,
2018-07-16 13:15:00,30.92,
2018-07-16 13:30:00,71.35,
2018-07-16 13:45:00,52.13,
2018-07-16 14:00:00,50.47,
2018-07-16 14:15:00,55.76,
2018-07-16 14:30:00,62.5,
2018-07-16 14:45:00,57.6,
2018-07-16 15:00:00,65.81,
2018-07-16 15:15:00,66.71,
2018-07-16 15:30:00,60.05,
2018-07-16 15:45:00,59.76,
2018-07-16 16:00:00,64.15,
2018-07-16 16:15:00,67.18,
2018-07-16 16:30:00,65.3,
2018-07-16 16:45:00,69.01,
2018-07-16 17:00:00,67.07,
2018-07-16 17:15:00,61.38,
2018-07-16 17:30:00,56.02,
2018-07-16 17:45:00,29.88,
2018-07-16 18:00:00,31.21,
2018-07-16 18:15:00,36.47,
2018-07-16 18:30:00,46.48,
2018-07-16 18:45:00,54.5,
2018-07-16 19:00:00,56.16,
2018-07-16 19:15:00,63.11,
2018-07-16 19:30:00,61.85,
2018-07-16 19:45:00,58.18,
2018-07-16 20:00:00,55.01,
2018-07-16 20:15:00,51.05,
2018-07-16 20:30:00,49.46,
2018-07-16 20:45:00,44.06,
2018-07-16 21:00:00,23.0,
2018-07-16 21:15:00,4.9,
2018-07-16 21:30:00,4.18,
2018-07-16 21:45:00,3.82,
2018-07-16 22:00:00,3.82,
2018-07-16 22:15:00,3.71,
2018-07-16 22:30:00,3.64,
2018-07-16 22:45:00,3.64,
2018-07-16 23:00:00,3.53,
2018-07-16 23:15:00,3.53,
2018-07-16 23:30:00,3.89,
2018-07-16 23:45:00,3.46,
2018-07-17 00:00:00,2.66,
2018-07-17 00:15:00,2.95,
2018-07-17 00:30:00,2.92,
2018-07-17 00:45:00,2.95,
2018-07-17 01:00:00,2.95,
2018-07-17 01:15:00,2.99,
2018-07-17 01:30:00,2.99,
2018-07-17 01:45:00,3.02,
2018-07-17 02:00:00,2.95,
2018-07-17 02:15:00,2.99,
2018-07-17 02:30:00,2.95,
2018-07-17 02:45:00,2.99,
2018-07-17 03:00:00,3.49,
2018-07-17 03:15:00,3.42,
2018-07-17 03:30:00,2.92,
2018-07-17 03:45:00,2.95,
2018-07-17 04:00:00,2.88,
2018-07-17 04:15:00,2.95,
2018-07-17 04:30:00,2.92,
2018-07-17 04:45:00,2.95,
2018-07-17 05:00:00,3.13,
2018-07-17 05:15:00,3.49,
2018-07-17 05:30:00,2.99,
2018-07-17 05:45:00,2.92,
2018-07-17 06:00:00,2.92,
2018-07-17 06:15:00,2.95,
2018-07-17 06:30:00,2.92,
2018-07-17 06:45:00,2.88,
2018-07-17 07:00:00,2.88,
2018-07-17 07:15:00,2.99,
2018-07-17 07:30:00,3.17,
2018-07-17 07:45:00,3.24,
2018-07-17 08:00:00,3.49,
2018-07-17 08:15:00,32.83,
2018-07-17 08:30:00,47.38,
2018-07-17 08:45:00,67.75,
2018-07-17 09:00:00,67.86,
2018-07-17 09:15:00,58.64,
2018-07-17 09:30:00,82.3,
2018-07-17 09:45:00,60.91,
2018-07-17 10:00:00,66.56,
2018-07-17 10:15:00,50.0,
2018-07-17 10:30:00,52.2,
2018-07-17 10:45:00,49.79,
2018-07-17 11:00:00,47.38,
2018-07-17 11:15:00,54.0,
2018-07-17 11:30:00,66.42,
2018-07-17 11:45:00,54.72,
2018-07-17 12:00:00,69.73,
2018-07-17 12:15:00,8.39,
2018-07-17 12:30:00,4.86,
2018-07-17 12:45:00,4.46,
2018-07-17 13:00:00,4.25,
2018-07-17 13:15:00,26.46,
2018-07-17 13:30:00,59.62,
2018-07-17 13:45:00,80.82,
2018-07-17 14:00:00,96.62,
2018-07-17 14:15:00,79.74,
2018-07-17 14:30:00,104.94,
2018-07-17 14:45:00,94.54,
2018-07-17 15:00:00,71.35,
2018-07-17 15:15:00,71.6,
2018-07-17 15:30:00,72.97,
2018-07-17 15:45:00,104.58,
2018-07-17 16:00:00,78.55,
2018-07-17 16:15:00,108.4,
2018-07-17 16:30:00,100.55,
2018-07-17 16:45:00,88.45,
2018-07-17 17:00:00,104.26,
2018-07-17 17:15:00,76.61,
2018-07-17 17:30:00,60.05,
2018-07-17 17:45:00,32.44,
2018-07-17 18:00:00,32.29,
2018-07-17 18:15:00,45.79,
2018-07-17 18:30:00,91.04,
2018-07-17 18:45:00,87.05,
2018-07-17 19:00:00,60.48,
2018-07-17 19:15:00,46.8,
2018-07-17 19:30:00,55.48,
2018-07-17 19:45:00,44.89,
2018-07-17 20:00:00,57.17,
2018-07-17 20:15:00,37.48,
2018-07-17 20:30:00,55.76,
2018-07-17 20:45:00,36.47,
2018-07-17 21:00:00,9.86,
2018-07-17 21:15:00,6.62,
2018-07-17 21:30:00,3.78,
2018-07-17 21:45:00,3.85,
2018-07-17 22:00:00,3.85,
2018-07-17 22:15:00,3.74,
2018-07-17 22:30:00,3.67,
2018-07-17 22:45:00,3.53,
2018-07-17 23:00:00,2.81,
2018-07-17 23:15:00,2.74,
2018-07-17 23:30:00,2.7,
2018-07-17 23:45:00,2.66,
2018-07-18 00:00:00,3.38,
2018-07-18 00:15:00,2.7,
2018-07-18 00:30:00,2.74,
2018-07-18 00:45:00,2.74,
2018-07-18 01:00:00,2.7,
2018-07-18 01:15:00,2.7,
2018-07-18 01:30:00,2.7,
2018-07-18 01:45:00,2.77,
2018-07-18 02:00:00,3.24,
2018-07-18 02:15:00,3.42,
2018-07-18 02:30:00,2.92,
2018-07-18 02:45:00,2.88,
2018-07-18 03:00:00,2.88,
2018-07-18 03:15:00,2.92,
2018-07-18 03:30:00,2.81,
2018-07-18 03:45:00,2.88,
2018-07-18 04:00:00,3.02,
2018-07-18 04:15:00,3.35,
2018-07-18 04:30:00,2.84,
2018-07-18 04:45:00,2.81,
2018-07-18 05:00:00,2.77,
2018-07-18 05:15:00,2.81,
2018-07-18 05:30:00,2.77,
2018-07-18 05:45:00,2.74,
2018-07-18 06:00:00,2.7,
2018-07-18 06:15:00,2.74,
2018-07-18 06:30:00,2.74,
2018-07-18 06:45:00,2.77,
2018-07-18 07:00:00,2.66,
2018-07-18 07:15:00,2.66,
2018-07-18 07:30:00,2.99,
2018-07-18 07:45:00,3.31,
2018-07-18 08:00:00,3.82,
2018-07-18 08:15:00,29.74,
2018-07-18 08:30:00,43.31,
2018-07-18 08:45:00,49.68,
2018-07-18 09:00:00,47.52,
2018-07-18 09:15:00,55.94,
2018-07-18 09:30:00,50.11,
2018-07-18 09:45:00,45.61,
2018-07-18 10:00:00,50.83,
2018-07-18 10:15:00,44.75,
2018-07-18 10:30:00,50.94,
2018-07-18 10:45:00,64.15,
2018-07-18 11:00:00,76.1,
2018-07-18 11:15:00,51.34,
2018-07-18 11:30:00,51.37,
2018-07-18 11:45:00,55.04,
2018-07-18 12:00:00,47.59,
2018-07-18 12:15:00,29.45,
2018-07-18 12:30:00,30.92,
2018-07-18 12:45:00,29.16,
2018-07-18 13:00:00,29.45,
2018-07-18 13:15:00,44.89,
2018-07-18 13:30:00,73.87,
2018-07-18 13:45:00,59.8,
2018-07-18 14:00:00,66.96,
2018-07-18 14:15:00,62.57,
2018-07-18 14:30:00,54.07,
2018-07-18 14:45:00,60.48,
2018-07-18 15:00:00,56.99,
2018-07-18 15:15:00,48.38,
2018-07-18 15:30:00,52.49,
2018-07-18 15:45:00,59.18,
2018-07-18 16:00:00,60.59,
2018-07-18 16:15:00,61.96,
2018-07-18 16:30:00,61.45,
2018-07-18 16:45:00,61.99,
2018-07-18 17:00:00,53.17,
2018-07-18 17:15:00,50.51,
2018-07-18 17:30:00,60.3,
2018-07-18 17:45:00,60.34,
2018-07-18 18:00:00,53.32,
2018-07-18 18:15:00,5.83,
2018-07-18 18:30:00,3.78,
2018-07-18 18:45:00,3.42,
2018-07-18 19:00:00,3.38,
2018-07-18 19:15:00,3.42,
2018-07-18 19:30:00,3.42,
2018-07-18 19:45:00,3.42,
2018-07-18 20:00:00,3.28,
2018-07-18 20:15:00,2.81,
2018-07-18 20:30:00,2.77,
2018-07-18 20:45:00,2.77,
2018-07-18 21:00:00,2.84,
2018-07-18 21:15:00,2.92,
2018-07-18 21:30:00,2.88,
2018-07-18 21:45:00,2.95,
2018-07-18 22:00:00,3.28,
2018-07-18 22:15:00,3.28,
2018-07-18 22:30:00,2.81,
2018-07-18 22:45:00,2.84,
2018-07-18 23:00:00,2.81,
2018-07-18 23:15:00,2.81,
2018-07-18 23:30:00,2.7,
2018-07-18 23:45:00,2.77,
2018-07-19 00:00:00,3.42,
2018-07-19 00:15:00,2.99,
2018-07-19 00:30:00,2.84,
2018-07-19 00:45:00,2.77,
2018-07-19 01:00:00,2.81,
2018-07-19 01:15:00,2.81,
2018-07-19 01:30:00,3.1,
2018-07-19 01:45:00,2.95,
2018-07-19 02:00:00,3.02,
2018-07-19 02:15:00,2.99,
2018-07-19 02:30:00,2.99,
2018-07-19 02:45:00,3.02,
2018-07-19 03:00:00,2.92,
2018-07-19 03:15:00,2.95,
2018-07-19 03:30:00,3.46,
2018-07-19 03:45:00,3.38,
2018-07-19 04:00:00,2.74,
2018-07-19 04:15:00,2.77,
2018-07-19 04:30:00,3.17,
2018-07-19 04:45:00,2.99,
2018-07-19 05:00:00,2.81,
2018-07-19 05:15:00,2.7,
2018-07-19 05:30:00,2.7,
2018-07-19 05:45:00,2.7,
2018-07-19 06:00:00,2.7,
2018-07-19 06:15:00,2.7,
2018-07-19 06:30:00,2.7,
2018-07-19 06:45:00,2.59,
2018-07-19 07:00:00,2.7,
2018-07-19 07:15:00,2.81,
2018-07-19 07:30:00,3.24,
2018-07-19 07:45:00,3.6,
2018-07-19 08:00:00,5.33,
2018-07-19 08:15:00,46.44,
2018-07-19 08:30:00,52.81,
2018-07-19 08:45:00,65.27,
2018-07-19 09:00:00,71.24,
2018-07-19 09:15:00,72.5,
2018-07-19 09:30:00,59.58,
2018-07-19 09:45:00,52.31,
2018-07-19 10:00:00,47.45,
2018-07-19 10:15:00,54.5,
2018-07-19 10:30:00,62.24,
2018-07-19 10:45:00,54.04,
2018-07-19 11:00:00,56.92,
2018-07-19 11:15:00,70.78,
2018-07-19 11:30:00,88.81,
2018-07-19 11:45:00,100.3,
2018-07-19 12:00:00,91.44,
2018-07-19 12:15:00,7.06,
2018-07-19 12:30:00,15.55,
2018-07-19 12:45:00,23.33,
2018-07-19 13:00:00,26.32,
2018-07-19 13:15:00,48.64,
2018-07-19 13:30:00,67.21,
2018-07-19 13:45:00,94.61,
2018-07-19 14:00:00,75.28,
2018-07-19 14:15:00,71.82,
2018-07-19 14:30:00,97.85,
2018-07-19 14:45:00,106.27,
2018-07-19 15:00:00,83.95,
2018-07-19 15:15:00,75.96,
2018-07-19 15:30:00,79.38,
2018-07-19 15:45:00,83.77,
2018-07-19 16:00:00,78.73,
2018-07-19 16:15:00,111.42,
2018-07-19 16:30:00,85.5,
2018-07-19 16:45:00,90.9,
2018-07-19 17:00:00,95.76,
2018-07-19 17:15:00,70.2,
2018-07-19 17:30:00,96.55,
2018-07-19 17:45:00,31.68,
2018-07-19 18:00:00,31.64,
2018-07-19 18:15:00,55.76,
2018-07-19 18:30:00,82.66,
2018-07-19 18:45:00,99.14,
2018-07-19 19:00:00,69.8,
2018-07-19 19:15:00,51.44,
2018-07-19 19:30:00,66.13,
2018-07-19 19:45:00,65.7,
2018-07-19 20:00:00,59.22,
2018-07-19 20:15:00,52.38,
2018-07-19 20:30:00,51.98,
2018-07-19 20:45:00,63.22,
2018-07-19 21:00:00,47.66,
2018-07-19 21:15:00,40.61,
2018-07-19 21:30:00,40.28,
2018-07-19 21:45:00,35.71,
2018-07-19 22:00:00,33.48,
2018-07-19 22:15:00,11.84,
2018-07-19 22:30:00,3.82,
2018-07-19 22:45:00,3.6,
2018-07-19 23:00:00,3.53,
2018-07-19 23:15:00,4.5,
2018-07-19 23:30:00,3.82,
2018-07-19 23:45:00,3.38,
2018-07-20 00:00:00,3.6,
2018-07-20 00:15:00,3.38,
2018-07-20 00:30:00,2.84,
2018-07-20 00:45:00,2.81,
2018-07-20 01:00:00,2.77,
2018-07-20 01:15:00,2.88,
2018-07-20 01:30:00,2.88,
2018-07-20 01:45:00,2.84,
2018-07-20 02:00:00,2.88,
2018-07-20 02:15:00,2.81,
2018-07-20 02:30:00,2.84,
2018-07-20 02:45:00,2.88,
2018-07-20 03:00:00,2.84,
2018-07-20 03:15:00,2.92,
2018-07-20 03:30:00,2.92,
2018-07-20 03:45:00,2.81,
2018-07-20 04:00:00,2.74,
2018-07-20 04:15:00,2.77,
2018-07-20 04:30:00,3.28,
2018-07-20 04:45:00,4.21,
2018-07-20 05:00:00,2.81,
2018-07-20 05:15:00,2.77,
2018-07-20 05:30:00,2.77,
2018-07-20 05:45:00,2.77,
2018-07-20 06:00:00,2.81,
2018-07-20 06:15:00,2.81,
2018-07-20 06:30:00,2.81,
2018-07-20 06:45:00,2.7,
2018-07-20 07:00:00,2.74,
2018-07-20 07:15:00,2.7,
2018-07-20 07:30:00,3.2,
2018-07-20 07:45:00,3.24,
2018-07-20 08:00:00,3.78,
2018-07-20 08:15:00,31.57,
2018-07-20 08:30:00,47.88,
2018-07-20 08:45:00,51.52,
2018-07-20 09:00:00,64.3,
2018-07-20 09:15:00,59.44,
2018-07-20 09:30:00,57.71,
2018-07-20 09:45:00,52.7,
2018-07-20 10:00:00,53.5,
2018-07-20 10:15:00,47.12,
2018-07-20 10:30:00,63.58,
2018-07-20 10:45:00,54.65,
2018-07-20 11:00:00,61.38,
2018-07-20 11:15:00,61.7,
2018-07-20 11:30:00,63.83,
2018-07-20 11:45:00,60.3,
2018-07-20 12:00:00,57.38,
2018-07-20 12:15:00,6.88,
2018-07-20 12:30:00,5.33,
2018-07-20 12:45:00,4.39,
2018-07-20 13:00:00,4.28,
2018-07-20 13:15:00,30.38,
2018-07-20 13:30:00,61.34,
2018-07-20 13:45:00,61.49,
2018-07-20 14:00:00,59.33,
2018-07-20 14:15:00,50.65,
2018-07-20 14:30:00,54.43,
2018-07-20 14:45:00,60.01,
2018-07-20 15:00:00,58.0,
2018-07-20 15:15:00,62.71,
2018-07-20 15:30:00,64.58,
2018-07-20 15:45:00,64.51,
2018-07-20 16:00:00,63.94,
2018-07-20 16:15:00,60.91,
2018-07-20 16:30:00,68.18,
2018-07-20 16:45:00,99.18,
2018-07-20 17:00:00,99.04,
2018-07-20 17:15:00,68.26,
2018-07-20 17:30:00,59.51,
2018-07-20 17:45:00,31.28,
2018-07-20 18:00:00,31.21,
2018-07-20 18:15:00,42.01,
2018-07-20 18:30:00,52.34,
2018-07-20 18:45:00,43.42,
2018-07-20 19:00:00,82.66,
2018-07-20 19:15:00,102.35,
2018-07-20 19:30:00,66.02,
2018-07-20 19:45:00,82.08,
2018-07-20 20:00:00,97.67,
2018-07-20 20:15:00,72.86,
2018-07-20 20:30:00,67.82,
2018-07-20 20:45:00,44.68,
2018-07-20 21:00:00,28.48,
2018-07-20 21:15:00,6.19,
2018-07-20 21:30:00,4.46,
2018-07-20 21:45:00,3.92,
2018-07-20 22:00:00,3.92,
2018-07-20 22:15:00,3.96,
2018-07-20 22:30:00,3.78,
2018-07-20 22:45:00,3.6,
2018-07-20 23:00:00,3.17,
2018-07-20 23:15:00,3.1,
2018-07-20 23:30:00,3.1,
2018-07-20 23:45:00,3.1,
2018-07-21 00:00:00,3.38,
2018-07-21 00:15:00,3.13,
2018-07-21 00:30:00,2.99,
2018-07-21 00:45:00,3.06,
2018-07-21 01:00:00,3.06,
2018-07-21 01:15:00,3.02,
2018-07-21 01:30:00,3.02,
2018-07-21 01:45:00,2.99,
2018-07-21 02:00:00,3.24,
2018-07-21 02:15:00,3.24,
2018-07-21 02:30:00,3.64,
2018-07-21 02:45:00,3.78,
2018-07-21 03:00:00,3.35,
2018-07-21 03:15:00,3.38,
2018-07-21 03:30:00,3.28,
2018-07-21 03:45:00,3.35,
2018-07-21 04:00:00,3.28,
2018-07-21 04:15:00,3.24,
2018-07-21 04:30:00,3.31,
2018-07-21 04:45:00,3.28,
2018-07-21 05:00:00,3.28,
2018-07-21 05:15:00,3.35,
2018-07-21 05:30:00,3.24,
2018-07-21 05:45:00,3.71,
2018-07-21 06:00:00,3.64,
2018-07-21 06:15:00,3.24,
2018-07-21 06:30:00,3.31,
2018-07-21 06:45:00,3.24,
2018-07-21 07:00:00,3.28,
2018-07-21 07:15:00,3.28,
2018-07-21 07:30:00,3.46,
2018-07-21 07:45:00,4.07,
2018-07-21 08:00:00,3.78,
2018-07-21 08:15:00,24.23,
2018-07-21 08:30:00,40.39,
2018-07-21 08:45:00,32.69,
2018-07-21 09:00:00,33.55,
2018-07-21 09:15:00,44.42,
2018-07-21 09:30:00,45.14,
2018-07-21 09:45:00,43.49,
2018-07-21 10:00:00,43.74,
2018-07-21 10:15:00,42.12,
2018-07-21 10:30:00,45.54,
2018-07-21 10:45:00,44.64,
2018-07-21 11:00:00,43.67,
2018-07-21 11:15:00,44.93,
2018-07-21 11:30:00,45.14,
2018-07-21 11:45:00,32.9,
2018-07-21 12:00:00,10.87,
2018-07-21 12:15:00,4.25,
2018-07-21 12:30:00,4.28,
2018-07-21 12:45:00,4.21,
2018-07-21 13:00:00,4.14,
2018-07-21 13:15:00,11.81,
2018-07-21 13:30:00,50.29,
2018-07-21 13:45:00,37.73,
2018-07-21 14:00:00,31.86,
2018-07-21 14:15:00,37.01,
2018-07-21 14:30:00,49.18,
2018-07-21 14:45:00,31.14,
2018-07-21 15:00:00,42.19,
2018-07-21 15:15:00,44.14,
2018-07-21 15:30:00,50.4,
2018-07-21 15:45:00,36.65,
2018-07-21 16:00:00,34.96,
2018-07-21 16:15:00,51.77,
2018-07-21 16:30:00,45.68,
2018-07-21 16:45:00,46.01,
2018-07-21 17:00:00,12.53,
2018-07-21 17:15:00,4.5,
2018-07-21 17:30:00,3.78,
2018-07-21 17:45:00,3.46,
2018-07-21 18:00:00,3.46,
2018-07-21 18:15:00,3.35,
2018-07-21 18:30:00,3.35,
2018-07-21 18:45:00,3.42,
2018-07-21 19:00:00,3.53,
2018-07-21 19:15:00,3.49,
2018-07-21 19:30:00,3.49,
2018-07-21 19:45:00,2.88,
2018-07-21 20:00:00,2.95,
2018-07-21 20:15:00,2.92,
2018-07-21 20:30:00,2.99,
2018-07-21 20:45:00,2.92,
2018-07-21 21:00:00,2.95,
2018-07-21 21:15:00,2.95,
2018-07-21 21:30:00,3.6,
2018-07-21 21:45:00,3.06,
2018-07-21 22:00:00,3.1,
2018-07-21 22:15:00,2.95,
2018-07-21 22:30:00,2.81,
2018-07-21 22:45:00,2.84,
2018-07-21 23:00:00,2.81,
2018-07-21 23:15:00,2.81,
2018-07-21 23:30:00,2.81,
2018-07-21 23:45:00,2.92,
2018-07-22 00:00:00,2.88,
2018-07-22 00:15:00,3.13,
2018-07-22 00:30:00,2.84,
2018-07-22 00:45:00,2.81,
2018-07-22 01:00:00,2.92,
2018-07-22 01:15:00,2.92,
2018-07-22 01:30:00,2.88,
2018-07-22 01:45:00,2.84,
2018-07-22 02:00:00,2.88,
2018-07-22 02:15:00,3.28,
2018-07-22 02:30:00,3.31,
2018-07-22 02:45:00,2.99,
2018-07-22 03:00:00,2.88,
2018-07-22 03:15:00,2.88,
2018-07-22 03:30:00,2.88,
2018-07-22 03:45:00,2.81,
2018-07-22 04:00:00,2.81,
2018-07-22 04:15:00,2.84,
2018-07-22 04:30:00,2.92,
2018-07-22 04:45:00,2.92,
2018-07-22 05:00:00,2.84,
2018-07-22 05:15:00,2.77,
2018-07-22 05:30:00,2.81,
2018-07-22 05:45:00,2.81,
2018-07-22 06:00:00,3.46,
2018-07-22 06:15:00,2.77,
2018-07-22 06:30:00,2.74,
2018-07-22 06:45:00,2.74,
2018-07-22 07:00:00,3.35,
2018-07-22 07:15:00,2.95,
2018-07-22 07:30:00,2.7,
2018-07-22 07:45:00,2.77,
2018-07-22 08:00:00,2.66,
2018-07-22 08:15:00,2.74,
2018-07-22 08:30:00,2.74,
2018-07-22 08:45:00,2.74,
2018-07-22 09:00:00,2.81,
2018-07-22 09:15:00,2.88,
2018-07-22 09:30:00,2.92,
2018-07-22 09:45:00,2.92,
2018-07-22 10:00:00,2.84,
2018-07-22 10:15:00,2.88,
2018-07-22 10:30:00,2.81,
2018-07-22 10:45:00,3.28,
2018-07-22 11:00:00,2.92,
2018-07-22 11:15:00,2.81,
2018-07-22 11:30:00,2.7,
2018-07-22 11:45:00,2.7,
2018-07-22 12:00:00,2.66,
2018-07-22 12:15:00,2.81,
2018-07-22 12:30:00,3.35,
2018-07-22 12:45:00,3.38,
2018-07-22 13:00:00,2.92,
2018-07-22 13:15:00,2.84,
2018-07-22 13:30:00,2.84,
2018-07-22 13:45:00,2.84,
2018-07-22 14:00:00,2.88,
2018-07-22 14:15:00,2.92,
2018-07-22 14:30:00,3.02,
2018-07-22 14:45:00,3.46,
2018-07-22 15:00:00,3.17,
2018-07-22 15:15:00,2.92,
2018-07-22 15:30:00,2.95,
2018-07-22 15:45:00,2.95,
2018-07-22 16:00:00,2.92,
2018-07-22 16:15:00,2.99,
2018-07-22 16:30:00,2.99,
2018-07-22 16:45:00,2.95,
2018-07-22 17:00:00,2.95,
2018-07-22 17:15:00,2.92,
2018-07-22 17:30:00,2.95,
2018-07-22 17:45:00,2.99,
2018-07-22 18:00:00,3.06,
2018-07-22 18:15:00,2.95,
2018-07-22 18:30:00,2.88,
2018-07-22 18:45:00,3.06,
2018-07-22 19:00:00,3.38,
2018-07-22 19:15:00,3.67,
2018-07-22 19:30:00,3.53,
2018-07-22 19:45:00,3.46,
2018-07-22 20:00:00,3.02,
2018-07-22 20:15:00,3.06,
2018-07-22 20:30:00,3.06,
2018-07-22 20:45:00,3.17,
2018-07-22 21:00:00,3.1,
2018-07-22 21:15:00,3.06,
2018-07-22 21:30:00,3.13,
2018-07-22 21:45:00,3.17,
2018-07-22 22:00:00,3.17,
2018-07-22 22:15:00,3.1,
2018-07-22 22:30:00,2.95,
2018-07-22 22:45:00,3.06,
2018-07-22 23:00:00,2.95,
2018-07-22 23:15:00,2.88,
2018-07-22 23:30:00,2.88,
2018-07-22 23:45:00,2.92,
2018-07-23 00:00:00,2.84,
2018-07-23 00:15:00,2.92,
2018-07-23 00:30:00,2.95,
2018-07-23 00:45:00,2.95,
2018-07-23 01:00:00,3.1,
2018-07-23 01:15:00,4.18,
2018-07-23 01:30:00,3.49,
2018-07-23 01:45:00,2.95,
2018-07-23 02:00:00,2.95,
2018-07-23 02:15:00,2.92,
2018-07-23 02:30:00,2.99,
2018-07-23 02:45:00,2.92,
2018-07-23 03:00:00,2.95,
2018-07-23 03:15:00,2.95,
2018-07-23 03:30:00,2.88,
2018-07-23 03:45:00,2.84,
2018-07-23 04:00:00,2.84,
2018-07-23 04:15:00,2.92,
2018-07-23 04:30:00,2.92,
2018-07-23 04:45:00,2.88,
2018-07-23 05:00:00,2.77,
2018-07-23 05:15:00,2.81,
2018-07-23 05:30:00,2.81,
2018-07-23 05:45:00,3.31,
2018-07-23 06:00:00,2.84,
2018-07-23 06:15:00,2.77,
2018-07-23 06:30:00,2.77,
2018-07-23 06:45:00,2.77,
2018-07-23 07:00:00,3.17,
2018-07-23 07:15:00,3.49,
2018-07-23 07:30:00,3.67,
2018-07-23 07:45:00,3.74,
2018-07-23 08:00:00,3.74,
2018-07-23 08:15:00,20.59,
2018-07-23 08:30:00,48.96,
2018-07-23 08:45:00,73.55,
2018-07-23 09:00:00,49.28,
2018-07-23 09:15:00,72.36,
2018-07-23 09:30:00,56.99,
2018-07-23 09:45:00,67.32,
2018-07-23 10:00:00,45.4,
2018-07-23 10:15:00,48.85,
2018-07-23 10:30:00,54.79,
2018-07-23 10:45:00,59.0,
2018-07-23 11:00:00,62.78,
2018-07-23 11:15:00,65.16,
2018-07-23 11:30:00,60.01,
2018-07-23 11:45:00,51.8,
2018-07-23 12:00:00,52.81,
2018-07-23 12:15:00,6.16,
2018-07-23 12:30:00,5.36,
2018-07-23 12:45:00,5.44,
2018-07-23 13:00:00,5.33,
2018-07-23 13:15:00,42.84,
2018-07-23 13:30:00,66.53,
2018-07-23 13:45:00,57.2,
2018-07-23 14:00:00,59.94,
2018-07-23 14:15:00,63.83,
2018-07-23 14:30:00,61.45,
2018-07-23 14:45:00,55.58,
2018-07-23 15:00:00,57.82,
2018-07-23 15:15:00,54.14,
2018-07-23 15:30:00,74.92,
2018-07-23 15:45:00,59.65,
2018-07-23 16:00:00,70.7,
2018-07-23 16:15:00,59.26,
2018-07-23 16:30:00,55.51,
2018-07-23 16:45:00,65.7,
2018-07-23 17:00:00,56.48,
2018-07-23 17:15:00,63.0,
2018-07-23 17:30:00,83.88,
2018-07-23 17:45:00,29.92,
2018-07-23 18:00:00,30.85,
2018-07-23 18:15:00,57.64,
2018-07-23 18:30:00,103.43,
2018-07-23 18:45:00,76.61,
2018-07-23 19:00:00,93.38,
2018-07-23 19:15:00,79.99,
2018-07-23 19:30:00,99.29,
2018-07-23 19:45:00,88.34,
2018-07-23 20:00:00,74.3,
2018-07-23 20:15:00,101.09,
2018-07-23 20:30:00,67.5,
2018-07-23 20:45:00,61.38,
2018-07-23 21:00:00,38.27,
2018-07-23 21:15:00,5.0,
2018-07-23 21:30:00,4.21,
2018-07-23 21:45:00,3.85,
2018-07-23 22:00:00,3.89,
2018-07-23 22:15:00,3.85,
2018-07-23 22:30:00,3.64,
2018-07-23 22:45:00,3.49,
2018-07-23 23:00:00,3.06,
2018-07-23 23:15:00,2.84,
2018-07-23 23:30:00,2.81,
2018-07-23 23:45:00,2.77,
2018-07-24 00:00:00,2.88,
2018-07-24 00:15:00,2.81,
2018-07-24 00:30:00,3.53,
2018-07-24 00:45:00,2.99,
2018-07-24 01:00:00,2.81,
2018-07-24 01:15:00,2.92,
2018-07-24 01:30:00,2.92,
2018-07-24 01:45:00,2.88,
2018-07-24 02:00:00,2.92,
2018-07-24 02:15:00,2.99,
2018-07-24 02:30:00,3.46,
2018-07-24 02:45:00,2.92,
2018-07-24 03:00:00,2.92,
2018-07-24 03:15:00,2.95,
2018-07-24 03:30:00,3.06,
2018-07-24 03:45:00,3.02,
2018-07-24 04:00:00,2.95,
2018-07-24 04:15:00,2.99,
2018-07-24 04:30:00,2.92,
2018-07-24 04:45:00,2.92,
2018-07-24 05:00:00,2.95,
2018-07-24 05:15:00,2.95,
2018-07-24 05:30:00,3.35,
2018-07-24 05:45:00,3.35,
2018-07-24 06:00:00,2.92,
2018-07-24 06:15:00,2.95,
2018-07-24 06:30:00,2.92,
2018-07-24 06:45:00,3.02,
2018-07-24 07:00:00,2.88,
2018-07-24 07:15:00,3.46,
2018-07-24 07:30:00,3.49,
2018-07-24 07:45:00,3.56,
2018-07-24 08:00:00,3.38,
2018-07-24 08:15:00,34.06,
2018-07-24 08:30:00,71.32,
2018-07-24 08:45:00,94.61,
2018-07-24 09:00:00,96.41,
2018-07-24 09:15:00,82.19,
2018-07-24 09:30:00,93.02,
2018-07-24 09:45:00,92.52,
2018-07-24 10:00:00,78.41,
2018-07-24 10:15:00,97.06,
2018-07-24 10:30:00,99.18,
2018-07-24 10:45:00,104.94,
2018-07-24 11:00:00,105.37,
2018-07-24 11:15:00,102.56,
2018-07-24 11:30:00,103.64,
2018-07-24 11:45:00,88.06,
2018-07-24 12:00:00,102.92,
2018-07-24 12:15:00,7.27,
2018-07-24 12:30:00,5.65,
2018-07-24 12:45:00,5.51,
2018-07-24 13:00:00,5.4,
2018-07-24 13:15:00,42.08,
2018-07-24 13:30:00,83.56,
2018-07-24 13:45:00,103.64,
2018-07-24 14:00:00,94.21,
2018-07-24 14:15:00,56.38,
2018-07-24 14:30:00,55.8,
2018-07-24 14:45:00,61.02,
2018-07-24 15:00:00,66.96,
2018-07-24 15:15:00,66.49,
2018-07-24 15:30:00,56.74,
2018-07-24 15:45:00,53.64,
2018-07-24 16:00:00,58.46,
2018-07-24 16:15:00,51.52,
2018-07-24 16:30:00,55.84,
2018-07-24 16:45:00,58.32,
2018-07-24 17:00:00,55.44,
2018-07-24 17:15:00,54.94,
2018-07-24 17:30:00,43.63,
2018-07-24 17:45:00,29.12,
2018-07-24 18:00:00,30.28,
2018-07-24 18:15:00,49.68,
2018-07-24 18:30:00,56.16,
2018-07-24 18:45:00,58.61,
2018-07-24 19:00:00,54.68,
2018-07-24 19:15:00,46.91,
2018-07-24 19:30:00,57.89,
2018-07-24 19:45:00,58.5,
2018-07-24 20:00:00,46.66,
2018-07-24 20:15:00,52.56,
2018-07-24 20:30:00,61.27,
2018-07-24 20:45:00,39.02,
2018-07-24 21:00:00,29.16,
2018-07-24 21:15:00,8.68,
2018-07-24 21:30:00,3.92,
2018-07-24 21:45:00,3.85,
2018-07-24 22:00:00,3.82,
2018-07-24 22:15:00,3.64,
2018-07-24 22:30:00,3.56,
2018-07-24 22:45:00,3.56,
2018-07-24 23:00:00,3.53,
2018-07-24 23:15:00,2.95,
2018-07-24 23:30:00,2.88,
2018-07-24 23:45:00,2.88,
2018-07-25 00:00:00,2.74,
2018-07-25 00:15:00,2.84,
2018-07-25 00:30:00,3.13,
2018-07-25 00:45:00,3.24,
2018-07-25 01:00:00,2.84,
2018-07-25 01:15:00,3.13,
2018-07-25 01:30:00,3.06,
2018-07-25 01:45:00,2.99,
2018-07-25 02:00:00,2.99,
2018-07-25 02:15:00,3.02,
2018-07-25 02:30:00,3.02,
2018-07-25 02:45:00,2.99,
2018-07-25 03:00:00,2.95,
2018-07-25 03:15:00,3.17,
2018-07-25 03:30:00,3.31,
2018-07-25 03:45:00,3.24,
2018-07-25 04:00:00,3.35,
2018-07-25 04:15:00,3.2,
2018-07-25 04:30:00,3.17,
2018-07-25 04:45:00,3.2,
2018-07-25 05:00:00,3.13,
2018-07-25 05:15:00,3.13,
2018-07-25 05:30:00,3.2,
2018-07-25 05:45:00,3.17,
2018-07-25 06:00:00,3.56,
2018-07-25 06:15:00,3.78,
2018-07-25 06:30:00,3.31,
2018-07-25 06:45:00,3.06,
2018-07-25 07:00:00,3.13,
2018-07-25 07:15:00,3.17,
2018-07-25 07:30:00,3.82,
2018-07-25 07:45:00,4.14,
2018-07-25 08:00:00,3.82,
2018-07-25 08:15:00,17.75,
2018-07-25 08:30:00,49.68,
2018-07-25 08:45:00,57.17,
2018-07-25 09:00:00,59.9,
2018-07-25 09:15:00,57.38,
2018-07-25 09:30:00,59.33,
2018-07-25 09:45:00,46.91,
2018-07-25 10:00:00,47.74,
2018-07-25 10:15:00,49.14,
2018-07-25 10:30:00,48.96,
2018-07-25 10:45:00,47.74,
2018-07-25 11:00:00,51.26,
2018-07-25 11:15:00,58.18,
2018-07-25 11:30:00,46.44,
2018-07-25 11:45:00,57.96,
2018-07-25 12:00:00,40.43,
2018-07-25 12:15:00,4.39,
2018-07-25 12:30:00,5.44,
2018-07-25 12:45:00,5.65,
2018-07-25 13:00:00,5.58,
2018-07-25 13:15:00,28.26,
2018-07-25 13:30:00,49.75,
2018-07-25 13:45:00,51.3,
2018-07-25 14:00:00,54.9,
2018-07-25 14:15:00,57.53,
2018-07-25 14:30:00,60.23,
2018-07-25 14:45:00,56.88,
2018-07-25 15:00:00,63.4,
2018-07-25 15:15:00,45.18,
2018-07-25 15:30:00,52.6,
2018-07-25 15:45:00,56.88,
2018-07-25 16:00:00,54.18,
2018-07-25 16:15:00,63.0,
2018-07-25 16:30:00,81.76,
2018-07-25 16:45:00,98.93,
2018-07-25 17:00:00,90.9,
2018-07-25 17:15:00,92.56,
2018-07-25 17:30:00,90.94,
2018-07-25 17:45:00,29.84,
2018-07-25 18:00:00,30.17,
2018-07-25 18:15:00,48.78,
2018-07-25 18:30:00,93.17,
2018-07-25 18:45:00,103.86,
2018-07-25 19:00:00,84.28,
2018-07-25 19:15:00,94.64,
2018-07-25 19:30:00,92.09,
2018-07-25 19:45:00,79.67,
2018-07-25 20:00:00,113.47,
2018-07-25 20:15:00,84.28,
2018-07-25 20:30:00,105.55,
2018-07-25 20:45:00,69.91,
2018-07-25 21:00:00,8.86,
2018-07-25 21:15:00,6.16,
2018-07-25 21:30:00,3.64,
2018-07-25 21:45:00,3.56,
2018-07-25 22:00:00,3.53,
2018-07-25 22:15:00,3.42,
2018-07-25 22:30:00,3.31,
2018-07-25 22:45:00,3.24,
2018-07-25 23:00:00,3.28,
2018-07-25 23:15:00,2.66,
2018-07-25 23:30:00,2.59,
2018-07-25 23:45:00,2.59,
2018-07-26 00:00:00,2.81,
2018-07-26 00:15:00,2.63,
2018-07-26 00:30:00,2.66,
2018-07-26 00:45:00,2.63,
2018-07-26 01:00:00,2.63,
2018-07-26 01:15:00,2.88,
2018-07-26 01:30:00,3.2,
2018-07-26 01:45:00,3.38,
2018-07-26 02:00:00,3.28,
2018-07-26 02:15:00,3.56,
2018-07-26 02:30:00,3.82,
2018-07-26 02:45:00,3.31,
2018-07-26 03:00:00,3.17,
2018-07-26 03:15:00,3.42,
2018-07-26 03:30:00,3.64,
2018-07-26 03:45:00,3.17,
2018-07-26 04:00:00,3.2,
2018-07-26 04:15:00,3.17,
2018-07-26 04:30:00,3.2,
2018-07-26 04:45:00,3.17,
2018-07-26 05:00:00,3.17,
2018-07-26 05:15:00,3.1,
2018-07-26 05:30:00,3.13,
2018-07-26 05:45:00,3.1,
2018-07-26 06:00:00,3.1,
2018-07-26 06:15:00,3.13,
2018-07-26 06:30:00,3.1,
2018-07-26 06:45:00,3.06,
2018-07-26 07:00:00,3.06,
2018-07-26 07:15:00,3.24,
2018-07-26 07:30:00,3.2,
2018-07-26 07:45:00,3.56,
2018-07-26 08:00:00,5.04,
2018-07-26 08:15:00,35.46,
2018-07-26 08:30:00,107.17,
2018-07-26 08:45:00,79.74,
2018-07-26 09:00:00,102.42,
2018-07-26 09:15:00,100.12,
2018-07-26 09:30:00,41.9,
2018-07-26 09:45:00,56.95,
2018-07-26 10:00:00,37.76,
2018-07-26 10:15:00,36.29,
2018-07-26 10:30:00,49.61,
2018-07-26 10:45:00,50.15,
2018-07-26 11:00:00,47.66,
2018-07-26 11:15:00,51.01,
2018-07-26 11:30:00,45.58,
2018-07-26 11:45:00,52.24,
2018-07-26 12:00:00,49.28,
2018-07-26 12:15:00,16.7,
2018-07-26 12:30:00,4.9,
2018-07-26 12:45:00,4.61,
2018-07-26 13:00:00,5.0,
2018-07-26 13:15:00,28.62,
2018-07-26 13:30:00,52.67,
2018-07-26 13:45:00,56.12,
2018-07-26 14:00:00,55.08,
2018-07-26 14:15:00,42.55,
2018-07-26 14:30:00,45.14,
2018-07-26 14:45:00,45.97,
2018-07-26 15:00:00,51.88,
2018-07-26 15:15:00,48.96,
2018-07-26 15:30:00,53.64,
2018-07-26 15:45:00,56.95,
2018-07-26 16:00:00,59.0,
2018-07-26 16:15:00,56.95,
2018-07-26 16:30:00,53.64,
2018-07-26 16:45:00,56.09,
2018-07-26 17:00:00,46.94,
2018-07-26 17:15:00,56.2,
2018-07-26 17:30:00,47.27,
2018-07-26 17:45:00,28.44,
2018-07-26 18:00:00,28.44,
2018-07-26 18:15:00,35.82,
2018-07-26 18:30:00,54.9,
2018-07-26 18:45:00,42.55,
2018-07-26 19:00:00,60.91,
2018-07-26 19:15:00,53.89,
2018-07-26 19:30:00,63.61,
2018-07-26 19:45:00,55.73,
2018-07-26 20:00:00,45.43,
2018-07-26 20:15:00,63.18,
2018-07-26 20:30:00,52.6,
2018-07-26 20:45:00,38.77,
2018-07-26 21:00:00,7.06,
2018-07-26 21:15:00,6.12,
2018-07-26 21:30:00,3.78,
2018-07-26 21:45:00,3.71,
2018-07-26 22:00:00,3.64,
2018-07-26 22:15:00,3.71,
2018-07-26 22:30:00,4.46,
2018-07-26 22:45:00,3.46,
2018-07-26 23:00:00,2.88,
2018-07-26 23:15:00,2.84,
2018-07-26 23:30:00,2.74,
2018-07-26 23:45:00,2.77,
2018-07-27 00:00:00,2.81,
2018-07-27 00:15:00,2.77,
2018-07-27 00:30:00,2.81,
2018-07-27 00:45:00,2.84,
2018-07-27 01:00:00,2.84,
2018-07-27 01:15:00,2.84,
2018-07-27 01:30:00,2.88,
2018-07-27 01:45:00,2.84,
2018-07-27 02:00:00,2.88,
2018-07-27 02:15:00,2.88,
2018-07-27 02:30:00,3.2,
2018-07-27 02:45:00,3.06,
2018-07-27 03:00:00,2.88,
2018-07-27 03:15:00,2.88,
2018-07-27 03:30:00,2.88,
2018-07-27 03:45:00,2.92,
2018-07-27 04:00:00,2.88,
2018-07-27 04:15:00,2.92,
2018-07-27 04:30:00,3.46,
2018-07-27 04:45:00,3.24,
2018-07-27 05:00:00,2.81,
2018-07-27 05:15:00,2.84,
2018-07-27 05:30:00,2.84,
2018-07-27 05:45:00,2.84,
2018-07-27 06:00:00,2.81,
2018-07-27 06:15:00,2.77,
2018-07-27 06:30:00,3.24,
2018-07-27 06:45:00,3.02,
2018-07-27 07:00:00,2.81,
2018-07-27 07:15:00,2.95,
2018-07-27 07:30:00,4.25,
2018-07-27 07:45:00,4.07,
2018-07-27 08:00:00,3.96,
2018-07-27 08:15:00,28.4,
2018-07-27 08:30:00,66.1,
2018-07-27 08:45:00,50.4,
2018-07-27 09:00:00,46.8,
2018-07-27 09:15:00,66.31,
2018-07-27 09:30:00,55.62,
2018-07-27 09:45:00,58.79,
2018-07-27 10:00:00,60.88,
2018-07-27 10:15:00,52.56,
2018-07-27 10:30:00,60.66,
2018-07-27 10:45:00,56.95,
2018-07-27 11:00:00,62.6,
2018-07-27 11:15:00,45.76,
2018-07-27 11:30:00,50.0,
2018-07-27 11:45:00,53.14,
2018-07-27 12:00:00,48.89,
2018-07-27 12:15:00,4.25,
2018-07-27 12:30:00,4.54,
2018-07-27 12:45:00,4.57,
2018-07-27 13:00:00,4.61,
2018-07-27 13:15:00,19.55,
2018-07-27 13:30:00,47.02,
2018-07-27 13:45:00,53.28,
2018-07-27 14:00:00,55.3,
2018-07-27 14:15:00,52.02,
2018-07-27 14:30:00,55.4,
2018-07-27 14:45:00,51.05,
2018-07-27 15:00:00,39.96,
2018-07-27 15:15:00,41.15,
2018-07-27 15:30:00,50.76,
2018-07-27 15:45:00,54.65,
2018-07-27 16:00:00,55.08,
2018-07-27 16:15:00,56.34,
2018-07-27 16:30:00,52.88,
2018-07-27 16:45:00,48.24,
2018-07-27 17:00:00,54.4,
2018-07-27 17:15:00,53.21,
2018-07-27 17:30:00,39.85,
2018-07-27 17:45:00,25.31,
2018-07-27 18:00:00,25.56,
2018-07-27 18:15:00,29.52,
2018-07-27 18:30:00,45.97,
2018-07-27 18:45:00,52.85,
2018-07-27 19:00:00,67.57,
2018-07-27 19:15:00,50.87,
2018-07-27 19:30:00,54.32,
2018-07-27 19:45:00,55.08,
2018-07-27 20:00:00,34.24,
2018-07-27 20:15:00,32.87,
2018-07-27 20:30:00,40.14,
2018-07-27 20:45:00,48.13,
2018-07-27 21:00:00,15.8,
2018-07-27 21:15:00,6.77,
2018-07-27 21:30:00,4.36,
2018-07-27 21:45:00,3.82,
2018-07-27 22:00:00,3.85,
2018-07-27 22:15:00,3.78,
2018-07-27 22:30:00,3.1,
2018-07-27 22:45:00,2.92,
2018-07-27 23:00:00,2.92,
2018-07-27 23:15:00,2.92,
2018-07-27 23:30:00,2.84,
2018-07-27 23:45:00,2.84,
2018-07-28 00:00:00,2.66,
2018-07-28 00:15:00,2.81,
2018-07-28 00:30:00,2.92,
2018-07-28 00:45:00,2.88,
2018-07-28 01:00:00,2.92,
2018-07-28 01:15:00,2.95,
2018-07-28 01:30:00,3.38,
2018-07-28 01:45:00,3.78,
2018-07-28 02:00:00,3.24,
2018-07-28 02:15:00,3.6,
2018-07-28 02:30:00,3.46,
2018-07-28 02:45:00,3.56,
2018-07-28 03:00:00,3.64,
2018-07-28 03:15:00,3.49,
2018-07-28 03:30:00,4.0,
2018-07-28 03:45:00,3.85,
2018-07-28 04:00:00,3.46,
2018-07-28 04:15:00,3.42,
2018-07-28 04:30:00,3.49,
2018-07-28 04:45:00,3.46,
2018-07-28 05:00:00,3.42,
2018-07-28 05:15:00,3.35,
2018-07-28 05:30:00,3.28,
2018-07-28 05:45:00,3.24,
2018-07-28 06:00:00,3.31,
2018-07-28 06:15:00,3.2,
2018-07-28 06:30:00,3.28,
2018-07-28 06:45:00,3.2,
2018-07-28 07:00:00,3.2,
2018-07-28 07:15:00,3.2,
2018-07-28 07:30:00,4.79,
2018-07-28 07:45:00,6.73,
2018-07-28 08:00:00,6.12,
2018-07-28 08:15:00,18.72,
2018-07-28 08:30:00,42.44,
2018-07-28 08:45:00,51.19,
2018-07-28 09:00:00,35.75,
2018-07-28 09:15:00,35.78,
2018-07-28 09:30:00,36.83,
2018-07-28 09:45:00,49.21,
2018-07-28 10:00:00,47.23,
2018-07-28 10:15:00,46.4,
2018-07-28 10:30:00,39.38,
2018-07-28 10:45:00,40.32,
2018-07-28 11:00:00,56.38,
2018-07-28 11:15:00,67.61,
2018-07-28 11:30:00,45.86,
2018-07-28 11:45:00,57.89,
2018-07-28 12:00:00,27.68,
2018-07-28 12:15:00,4.54,
2018-07-28 12:30:00,4.68,
2018-07-28 12:45:00,4.5,
2018-07-28 13:00:00,4.39,
2018-07-28 13:15:00,35.93,
2018-07-28 13:30:00,47.27,
2018-07-28 13:45:00,46.01,
2018-07-28 14:00:00,45.29,
2018-07-28 14:15:00,71.53,
2018-07-28 14:30:00,44.89,
2018-07-28 14:45:00,63.9,
2018-07-28 15:00:00,49.9,
2018-07-28 15:15:00,44.53,
2018-07-28 15:30:00,41.65,
2018-07-28 15:45:00,44.57,
2018-07-28 16:00:00,50.94,
2018-07-28 16:15:00,50.58,
2018-07-28 16:30:00,48.92,
2018-07-28 16:45:00,33.98,
2018-07-28 17:00:00,22.82,
2018-07-28 17:15:00,11.23,
2018-07-28 17:30:00,3.49,
2018-07-28 17:45:00,3.42,
2018-07-28 18:00:00,3.53,
2018-07-28 18:15:00,3.35,
2018-07-28 18:30:00,3.35,
2018-07-28 18:45:00,4.1,
2018-07-28 19:00:00,4.14,
2018-07-28 19:15:00,2.84,
2018-07-28 19:30:00,2.95,
2018-07-28 19:45:00,2.92,
2018-07-28 20:00:00,2.84,
2018-07-28 20:15:00,2.88,
2018-07-28 20:30:00,2.92,
2018-07-28 20:45:00,2.88,
2018-07-28 21:00:00,2.84,
2018-07-28 21:15:00,2.92,
2018-07-28 21:30:00,2.81,
2018-07-28 21:45:00,2.81,
2018-07-28 22:00:00,2.88,
2018-07-28 22:15:00,2.7,
2018-07-28 22:30:00,2.63,
2018-07-28 22:45:00,2.74,
2018-07-28 23:00:00,3.13,
2018-07-28 23:15:00,2.88,
2018-07-28 23:30:00,2.59,
2018-07-28 23:45:00,2.59,
2018-07-29 00:00:00,2.74,
2018-07-29 00:15:00,2.66,
2018-07-29 00:30:00,2.66,
2018-07-29 00:45:00,2.63,
2018-07-29 01:00:00,3.06,
2018-07-29 01:15:00,3.13,
2018-07-29 01:30:00,2.7,
2018-07-29 01:45:00,2.66,
2018-07-29 02:00:00,2.74,
2018-07-29 02:15:00,2.7,
2018-07-29 02:30:00,2.66,
2018-07-29 02:45:00,2.66,
2018-07-29 03:00:00,2.66,
2018-07-29 03:15:00,2.7,
2018-07-29 03:30:00,2.74,
2018-07-29 03:45:00,2.74,
2018-07-29 04:00:00,2.66,
2018-07-29 04:15:00,3.02,
2018-07-29 04:30:00,3.06,
2018-07-29 04:45:00,2.7,
2018-07-29 05:00:00,2.7,
2018-07-29 05:15:00,2.74,
2018-07-29 05:30:00,2.66,
2018-07-29 05:45:00,2.7,
2018-07-29 06:00:00,2.7,
2018-07-29 06:15:00,2.66,
2018-07-29 06:30:00,2.66,
2018-07-29 06:45:00,2.88,
2018-07-29 07:00:00,3.28,
2018-07-29 07:15:00,2.95,
2018-07-29 07:30:00,2.66,
2018-07-29 07:45:00,2.81,
2018-07-29 08:00:00,3.17,
2018-07-29 08:15:00,19.73,
2018-07-29 08:30:00,34.7,
2018-07-29 08:45:00,32.54,
2018-07-29 09:00:00,35.39,
2018-07-29 09:15:00,35.89,
2018-07-29 09:30:00,32.51,
2018-07-29 09:45:00,35.28,
2018-07-29 10:00:00,32.47,
2018-07-29 10:15:00,31.86,
2018-07-29 10:30:00,35.14,
2018-07-29 10:45:00,32.15,
2018-07-29 11:00:00,35.39,
2018-07-29 11:15:00,32.69,
2018-07-29 11:30:00,34.99,
2018-07-29 11:45:00,34.16,
2018-07-29 12:00:00,11.09,
2018-07-29 12:15:00,3.42,
2018-07-29 12:30:00,3.53,
2018-07-29 12:45:00,3.49,
2018-07-29 13:00:00,3.56,
2018-07-29 13:15:00,12.02,
2018-07-29 13:30:00,33.98,
2018-07-29 13:45:00,32.62,
2018-07-29 14:00:00,33.55,
2018-07-29 14:15:00,35.42,
2018-07-29 14:30:00,34.63,
2018-07-29 14:45:00,32.72,
2018-07-29 15:00:00,33.3,
2018-07-29 15:15:00,28.73,
2018-07-29 15:30:00,34.92,
2018-07-29 15:45:00,33.8,
2018-07-29 16:00:00,34.02,
2018-07-29 16:15:00,35.06,
2018-07-29 16:30:00,32.54,
2018-07-29 16:45:00,32.72,
2018-07-29 17:00:00,5.47,
2018-07-29 17:15:00,3.35,
2018-07-29 17:30:00,3.02,
2018-07-29 17:45:00,2.99,
2018-07-29 18:00:00,3.02,
2018-07-29 18:15:00,2.81,
2018-07-29 18:30:00,2.81,
2018-07-29 18:45:00,2.95,
2018-07-29 19:00:00,3.53,
2018-07-29 19:15:00,3.42,
2018-07-29 19:30:00,2.92,
2018-07-29 19:45:00,2.92,
2018-07-29 20:00:00,2.95,
2018-07-29 20:15:00,3.02,
2018-07-29 20:30:00,2.95,
2018-07-29 20:45:00,3.06,
2018-07-29 21:00:00,3.02,
2018-07-29 21:15:00,3.02,
2018-07-29 21:30:00,3.1,
2018-07-29 21:45:00,3.64,
2018-07-29 22:00:00,3.02,
2018-07-29 22:15:00,2.99,
2018-07-29 22:30:00,2.77,
2018-07-29 22:45:00,2.63,
2018-07-29 23:00:00,2.66,
2018-07-29 23:15:00,2.66,
2018-07-29 23:30:00,3.17,
2018-07-29 23:45:00,3.24,
2018-07-30 00:00:00,2.63,
2018-07-30 00:15:00,2.66,
2018-07-30 00:30:00,2.66,
2018-07-30 00:45:00,2.74,
2018-07-30 01:00:00,2.7,
2018-07-30 01:15:00,2.7,
2018-07-30 01:30:00,2.81,
2018-07-30 01:45:00,2.74,
2018-07-30 02:00:00,2.77,
2018-07-30 02:15:00,2.77,
2018-07-30 02:30:00,2.95,
2018-07-30 02:45:00,3.35,
2018-07-30 03:00:00,2.88,
2018-07-30 03:15:00,2.77,
2018-07-30 03:30:00,2.7,
2018-07-30 03:45:00,2.77,
2018-07-30 04:00:00,2.77,
2018-07-30 04:15:00,2.7,
2018-07-30 04:30:00,2.74,
2018-07-30 04:45:00,2.81,
2018-07-30 05:00:00,2.74,
2018-07-30 05:15:00,2.74,
2018-07-30 05:30:00,2.66,
2018-07-30 05:45:00,3.13,
2018-07-30 06:00:00,2.88,
2018-07-30 06:15:00,2.7,
2018-07-30 06:30:00,2.74,
2018-07-30 06:45:00,2.7,
2018-07-30 07:00:00,2.66,
2018-07-30 07:15:00,2.63,
2018-07-30 07:30:00,3.06,
2018-07-30 07:45:00,3.78,
2018-07-30 08:00:00,3.56,
2018-07-30 08:15:00,27.32,
2018-07-30 08:30:00,62.68,
2018-07-30 08:45:00,56.16,
2018-07-30 09:00:00,58.68,
2018-07-30 09:15:00,58.72,
2018-07-30 09:30:00,57.2,
2018-07-30 09:45:00,62.21,
2018-07-30 10:00:00,59.94,
2018-07-30 10:15:00,47.84,
2018-07-30 10:30:00,50.76,
2018-07-30 10:45:00,48.28,
2018-07-30 11:00:00,54.14,
2018-07-30 11:15:00,44.28,
2018-07-30 11:30:00,56.99,
2018-07-30 11:45:00,44.39,
2018-07-30 12:00:00,34.02,
2018-07-30 12:15:00,5.04,
2018-07-30 12:30:00,7.09,
2018-07-30 12:45:00,6.01,
2018-07-30 13:00:00,5.9,
2018-07-30 13:15:00,18.83,
2018-07-30 13:30:00,60.41,
2018-07-30 13:45:00,66.85,
2018-07-30 14:00:00,53.06,
2018-07-30 14:15:00,48.64,
2018-07-30 14:30:00,50.36,
2018-07-30 14:45:00,59.15,
2018-07-30 15:00:00,76.14,
2018-07-30 15:15:00,74.81,
2018-07-30 15:30:00,74.74,
2018-07-30 15:45:00,83.77,
2018-07-30 16:00:00,106.52,
2018-07-30 16:15:00,85.64,
2018-07-30 16:30:00,83.74,
2018-07-30 16:45:00,75.67,
2018-07-30 17:00:00,92.12,
2018-07-30 17:15:00,74.99,
2018-07-30 17:30:00,62.14,
2018-07-30 17:45:00,41.18,
2018-07-30 18:00:00,31.75,
2018-07-30 18:15:00,51.95,
2018-07-30 18:30:00,54.83,
2018-07-30 18:45:00,73.08,
2018-07-30 19:00:00,75.35,
2018-07-30 19:15:00,60.55,
2018-07-30 19:30:00,72.29,
2018-07-30 19:45:00,86.08,
2018-07-30 20:00:00,57.85,
2018-07-30 20:15:00,81.43,
2018-07-30 20:30:00,85.75,
2018-07-30 20:45:00,51.23,
2018-07-30 21:00:00,23.76,
2018-07-30 21:15:00,3.85,
2018-07-30 21:30:00,4.07,
2018-07-30 21:45:00,3.2,
2018-07-30 22:00:00,3.13,
2018-07-30 22:15:00,2.99,
2018-07-30 22:30:00,2.84,
2018-07-30 22:45:00,2.84,
2018-07-30 23:00:00,2.81,
2018-07-30 23:15:00,2.81,
2018-07-30 23:30:00,2.74,
2018-07-30 23:45:00,2.7,
2018-07-31 00:00:00,2.84,
2018-07-31 00:15:00,2.95,
2018-07-31 00:30:00,3.28,
2018-07-31 00:45:00,3.42,
2018-07-31 01:00:00,3.02,
2018-07-31 01:15:00,2.84,
2018-07-31 01:30:00,2.81,
2018-07-31 01:45:00,2.88,
2018-07-31 02:00:00,2.95,
2018-07-31 02:15:00,2.88,
2018-07-31 02:30:00,2.84,
2018-07-31 02:45:00,3.56,
2018-07-31 03:00:00,3.13,
2018-07-31 03:15:00,2.95,
2018-07-31 03:30:00,2.99,
2018-07-31 03:45:00,2.95,
2018-07-31 04:00:00,2.92,
2018-07-31 04:15:00,3.17,
2018-07-31 04:30:00,3.28,
2018-07-31 04:45:00,3.17,
2018-07-31 05:00:00,3.13,
2018-07-31 05:15:00,3.02,
2018-07-31 05:30:00,3.56,
2018-07-31 05:45:00,3.28,
2018-07-31 06:00:00,3.06,
2018-07-31 06:15:00,3.06,
2018-07-31 06:30:00,3.17,
2018-07-31 06:45:00,3.06,
2018-07-31 07:00:00,3.06,
2018-07-31 07:15:00,3.17,
2018-07-31 07:30:00,3.42,
2018-07-31 07:45:00,5.08,
2018-07-31 08:00:00,27.25,
2018-07-31 08:15:00,58.36,
2018-07-31 08:30:00,80.1,
2018-07-31 08:45:00,90.61,
2018-07-31 09:00:00,64.84,
2018-07-31 09:15:00,78.41,
2018-07-31 09:30:00,55.94,
2018-07-31 09:45:00,67.54,
2018-07-31 10:00:00,78.84,
2018-07-31 10:15:00,53.24,
2018-07-31 10:30:00,63.86,
2018-07-31 10:45:00,66.1,
2018-07-31 11:00:00,60.23,
2018-07-31 11:15:00,81.79,
2018-07-31 11:30:00,84.85,
2018-07-31 11:45:00,83.52,
2018-07-31 12:00:00,58.1,
2018-07-31 12:15:00,6.01,
2018-07-31 12:30:00,6.23,
2018-07-31 12:45:00,6.23,
2018-07-31 13:00:00,6.19,
2018-07-31 13:15:00,58.32,
2018-07-31 13:30:00,115.56,
2018-07-31 13:45:00,57.67,
2018-07-31 14:00:00,38.2,
2018-07-31 14:15:00,42.41,
2018-07-31 14:30:00,52.2,
2018-07-31 14:45:00,48.17,
2018-07-31 15:00:00,49.79,
2018-07-31 15:15:00,50.62,
2018-07-31 15:30:00,44.57,
2018-07-31 15:45:00,41.36,
2018-07-31 16:00:00,37.8,
2018-07-31 16:15:00,31.72,
2018-07-31 16:30:00,28.98,
2018-07-31 16:45:00,28.48,
2018-07-31 17:00:00,11.38,
2018-07-31 17:15:00,10.8,
2018-07-31 17:30:00,4.21,
2018-07-31 17:45:00,3.42,
2018-07-31 18:00:00,4.57,
2018-07-31 18:15:00,3.78,
2018-07-31 18:30:00,3.42,
2018-07-31 18:45:00,3.38,
2018-07-31 19:00:00,3.1,
2018-07-31 19:15:00,2.88,
2018-07-31 19:30:00,2.88,
2018-07-31 19:45:00,2.92,
2018-07-31 20:00:00,2.99,
2018-07-31 20:15:00,2.92,
2018-07-31 20:30:00,2.95,
2018-07-31 20:45:00,2.95,
2018-07-31 21:00:00,2.95,
2018-07-31 21:15:00,2.99,
2018-07-31 21:30:00,3.06,
2018-07-31 21:45:00,3.02,
2018-07-31 22:00:00,3.06,
2018-07-31 22:15:00,2.88,
2018-07-31 22:30:00,2.81,
2018-07-31 22:45:00,2.88,
2018-07-31 23:00:00,3.24,
2018-07-31 23:15:00,3.31,
2018-07-31 23:30:00,2.77,
2018-07-31 23:45:00,2.77,
2018-08-01 00:00:00,2.63,
2018-08-01 00:15:00,3.2,
2018-08-01 00:30:00,2.66,
2018-08-01 00:45:00,2.63,
2018-08-01 01:00:00,2.66,
2018-08-01 01:15:00,2.63,
2018-08-01 01:30:00,2.7,
2018-08-01 01:45:00,2.7,
2018-08-01 02:00:00,2.66,
2018-08-01 02:15:00,2.74,
2018-08-01 02:30:00,2.66,
2018-08-01 02:45:00,2.7,
2018-08-01 03:00:00,2.66,
2018-08-01 03:15:00,2.7,
2018-08-01 03:30:00,2.74,
2018-08-01 03:45:00,2.81,
2018-08-01 04:00:00,2.7,
2018-08-01 04:15:00,3.24,
2018-08-01 04:30:00,2.77,
2018-08-01 04:45:00,3.2,
2018-08-01 05:00:00,2.99,
2018-08-01 05:15:00,2.66,
2018-08-01 05:30:00,2.7,
2018-08-01 05:45:00,2.66,
2018-08-01 06:00:00,2.7,
2018-08-01 06:15:00,2.7,
2018-08-01 06:30:00,2.66,
2018-08-01 06:45:00,2.66,
2018-08-01 07:00:00,2.7,
2018-08-01 07:15:00,2.66,
2018-08-01 07:30:00,2.74,
2018-08-01 07:45:00,2.7,
2018-08-01 08:00:00,2.66,
2018-08-01 08:15:00,2.63,
2018-08-01 08:30:00,2.56,
2018-08-01 08:45:00,3.02,
2018-08-01 09:00:00,3.06,
2018-08-01 09:15:00,2.77,
2018-08-01 09:30:00,2.7,
2018-08-01 09:45:00,2.74,
2018-08-01 10:00:00,2.74,
2018-08-01 10:15:00,3.2,
2018-08-01 10:30:00,3.17,
2018-08-01 10:45:00,2.81,
2018-08-01 11:00:00,2.77,
2018-08-01 11:15:00,2.59,
2018-08-01 11:30:00,2.56,
2018-08-01 11:45:00,2.59,
2018-08-01 12:00:00,2.77,
2018-08-01 12:15:00,2.77,
2018-08-01 12:30:00,2.81,
2018-08-01 12:45:00,2.84,
2018-08-01 13:00:00,2.84,
2018-08-01 13:15:00,2.74,
2018-08-01 13:30:00,2.74,
2018-08-01 13:45:00,2.74,
2018-08-01 14:00:00,2.74,
2018-08-01 14:15:00,3.31,
2018-08-01 14:30:00,2.66,
2018-08-01 14:45:00,2.66,
2018-08-01 15:00:00,2.74,
2018-08-01 15:15:00,2.7,
2018-08-01 15:30:00,2.7,
2018-08-01 15:45:00,2.77,
2018-08-01 16:00:00,2.74,
2018-08-01 16:15:00,2.84,
2018-08-01 16:30:00,3.28,
2018-08-01 16:45:00,2.84,
2018-08-01 17:00:00,2.7,
2018-08-01 17:15:00,2.7,
2018-08-01 17:30:00,2.66,
2018-08-01 17:45:00,2.77,
2018-08-01 18:00:00,2.77,
2018-08-01 18:15:00,2.66,
2018-08-01 18:30:00,2.63,
2018-08-01 18:45:00,3.02,
2018-08-01 19:00:00,3.35,
2018-08-01 19:15:00,2.84,
2018-08-01 19:30:00,2.84,
2018-08-01 19:45:00,2.74,
2018-08-01 20:00:00,2.81,
2018-08-01 20:15:00,2.88,
2018-08-01 20:30:00,2.84,
2018-08-01 20:45:00,2.92,
2018-08-01 21:00:00,2.84,
2018-08-01 21:15:00,2.88,
2018-08-01 21:30:00,2.92,
2018-08-01 21:45:00,2.88,
2018-08-01 22:00:00,2.95,
2018-08-01 22:15:00,3.06,
2018-08-01 22:30:00,3.24,
2018-08-01 22:45:00,2.74,
2018-08-01 23:00:00,2.66,
2018-08-01 23:15:00,2.74,
2018-08-01 23:30:00,2.66,
2018-08-01 23:45:00,2.59,
2018-08-02 00:00:00,2.84,
2018-08-02 00:15:00,2.66,
2018-08-02 00:30:00,2.63,
2018-08-02 00:45:00,2.66,
2018-08-02 01:00:00,2.7,
2018-08-02 01:15:00,3.13,
2018-08-02 01:30:00,2.88,
2018-08-02 01:45:00,2.7,
2018-08-02 02:00:00,2.7,
2018-08-02 02:15:00,2.7,
2018-08-02 02:30:00,2.74,
2018-08-02 02:45:00,2.74,
2018-08-02 03:00:00,2.7,
2018-08-02 03:15:00,2.77,
2018-08-02 03:30:00,2.7,
2018-08-02 03:45:00,2.77,
2018-08-02 04:00:00,2.77,
2018-08-02 04:15:00,2.77,
2018-08-02 04:30:00,3.17,
2018-08-02 04:45:00,3.2,
2018-08-02 05:00:00,2.74,
2018-08-02 05:15:00,2.77,
2018-08-02 05:30:00,3.24,
2018-08-02 05:45:00,2.7,
2018-08-02 06:00:00,2.66,
2018-08-02 06:15:00,2.7,
2018-08-02 06:30:00,2.66,
2018-08-02 06:45:00,2.7,
2018-08-02 07:00:00,2.7,
2018-08-02 07:15:00,2.59,
2018-08-02 07:30:00,2.63,
2018-08-02 07:45:00,2.7,
2018-08-02 08:00:00,2.63,
2018-08-02 08:15:00,2.59,
2018-08-02 08:30:00,2.63,
2018-08-02 08:45:00,2.59,
2018-08-02 09:00:00,2.77,
2018-08-02 09:15:00,2.77,
2018-08-02 09:30:00,2.74,
2018-08-02 09:45:00,2.7,
2018-08-02 10:00:00,2.77,
2018-08-02 10:15:00,2.81,
2018-08-02 10:30:00,3.74,
2018-08-02 10:45:00,3.64,
2018-08-02 11:00:00,2.74,
2018-08-02 11:15:00,2.63,
2018-08-02 11:30:00,2.59,
2018-08-02 11:45:00,2.59,
2018-08-02 12:00:00,2.59,
2018-08-02 12:15:00,2.77,
2018-08-02 12:30:00,2.81,
2018-08-02 12:45:00,2.88,
2018-08-02 13:00:00,2.88,
2018-08-02 13:15:00,2.81,
2018-08-02 13:30:00,2.81,
2018-08-02 13:45:00,2.92,
2018-08-02 14:00:00,2.95,
2018-08-02 14:15:00,2.95,
2018-08-02 14:30:00,2.95,
2018-08-02 14:45:00,2.88,
2018-08-02 15:00:00,2.95,
2018-08-02 15:15:00,2.95,
2018-08-02 15:30:00,2.88,
2018-08-02 15:45:00,3.1,
2018-08-02 16:00:00,3.24,
2018-08-02 16:15:00,2.92,
2018-08-02 16:30:00,3.02,
2018-08-02 16:45:00,2.99,
2018-08-02 17:00:00,3.49,
2018-08-02 17:15:00,2.92,
2018-08-02 17:30:00,2.92,
2018-08-02 17:45:00,2.95,
2018-08-02 18:00:00,2.95,
2018-08-02 18:15:00,2.81,
2018-08-02 18:30:00,2.88,
2018-08-02 18:45:00,2.92,
2018-08-02 19:00:00,2.95,
2018-08-02 19:15:00,2.95,
2018-08-02 19:30:00,2.95,
2018-08-02 19:45:00,2.95,
2018-08-02 20:00:00,3.42,
2018-08-02 20:15:00,3.28,
2018-08-02 20:30:00,2.95,
2018-08-02 20:45:00,2.99,
2018-08-02 21:00:00,3.06,
2018-08-02 21:15:00,3.06,
2018-08-02 21:30:00,3.02,
2018-08-02 21:45:00,3.42,
2018-08-02 22:00:00,3.42,
2018-08-02 22:15:00,2.95,
2018-08-02 22:30:00,2.81,
2018-08-02 22:45:00,2.81,
2018-08-02 23:00:00,2.81,
2018-08-02 23:15:00,2.84,
2018-08-02 23:30:00,2.81,
2018-08-02 23:45:00,2.81,
2018-08-03 00:00:00,2.81,
2018-08-03 00:15:00,2.81,
2018-08-03 00:30:00,3.02,
2018-08-03 00:45:00,3.35,
2018-08-03 01:00:00,2.84,
2018-08-03 01:15:00,2.84,
2018-08-03 01:30:00,2.88,
2018-08-03 01:45:00,2.99,
2018-08-03 02:00:00,2.88,
2018-08-03 02:15:00,2.88,
2018-08-03 02:30:00,3.17,
2018-08-03 02:45:00,3.2,
2018-08-03 03:00:00,2.84,
2018-08-03 03:15:00,2.84,
2018-08-03 03:30:00,2.81,
2018-08-03 03:45:00,2.88,
2018-08-03 04:00:00,2.84,
2018-08-03 04:15:00,2.84,
2018-08-03 04:30:00,2.84,
2018-08-03 04:45:00,2.84,
2018-08-03 05:00:00,3.31,
2018-08-03 05:15:00,2.92,
2018-08-03 05:30:00,2.88,
2018-08-03 05:45:00,2.81,
2018-08-03 06:00:00,2.81,
2018-08-03 06:15:00,2.84,
2018-08-03 06:30:00,2.84,
2018-08-03 06:45:00,2.88,
2018-08-03 07:00:00,2.81,
2018-08-03 07:15:00,2.77,
2018-08-03 07:30:00,2.84,
2018-08-03 07:45:00,3.31,
2018-08-03 08:00:00,3.24,
2018-08-03 08:15:00,2.84,
2018-08-03 08:30:00,2.74,
2018-08-03 08:45:00,2.77,
2018-08-03 09:00:00,2.99,
2018-08-03 09:15:00,3.2,
2018-08-03 09:30:00,3.53,
2018-08-03 09:45:00,3.06,
2018-08-03 10:00:00,2.88,
2018-08-03 10:15:00,2.84,
2018-08-03 10:30:00,2.84,
2018-08-03 10:45:00,2.88,
2018-08-03 11:00:00,2.84,
2018-08-03 11:15:00,2.77,
2018-08-03 11:30:00,2.7,
2018-08-03 11:45:00,2.74,
2018-08-03 12:00:00,2.81,
2018-08-03 12:15:00,2.95,
2018-08-03 12:30:00,2.99,
2018-08-03 12:45:00,3.06,
2018-08-03 13:00:00,2.99,
2018-08-03 13:15:00,3.02,
2018-08-03 13:30:00,3.2,
2018-08-03 13:45:00,3.64,
2018-08-03 14:00:00,3.24,
2018-08-03 14:15:00,2.99,
2018-08-03 14:30:00,2.99,
2018-08-03 14:45:00,2.99,
2018-08-03 15:00:00,2.95,
2018-08-03 15:15:00,3.02,
2018-08-03 15:30:00,3.02,
2018-08-03 15:45:00,3.1,
2018-08-03 16:00:00,2.95,
2018-08-03 16:15:00,2.95,
2018-08-03 16:30:00,3.35,
2018-08-03 16:45:00,3.35,
2018-08-03 17:00:00,2.99,
2018-08-03 17:15:00,2.92,
2018-08-03 17:30:00,3.02,
2018-08-03 17:45:00,2.95,
2018-08-03 18:00:00,2.99,
2018-08-03 18:15:00,2.92,
2018-08-03 18:30:00,2.77,
2018-08-03 18:45:00,2.92,
2018-08-03 19:00:00,2.99,
2018-08-03 19:15:00,2.95,
2018-08-03 19:30:00,2.99,
2018-08-03 19:45:00,2.92,
2018-08-03 20:00:00,2.99,
2018-08-03 20:15:00,2.99,
2018-08-03 20:30:00,3.2,
2018-08-03 20:45:00,3.6,
2018-08-03 21:00:00,3.02,
2018-08-03 21:15:00,3.06,
2018-08-03 21:30:00,3.42,
2018-08-03 21:45:00,3.42,
2018-08-03 22:00:00,3.02,
2018-08-03 22:15:00,2.88,
2018-08-03 22:30:00,2.81,
2018-08-03 22:45:00,2.81,
2018-08-03 23:00:00,2.74,
2018-08-03 23:15:00,2.81,
2018-08-03 23:30:00,2.7,
2018-08-03 23:45:00,2.74,
2018-08-04 00:00:00,2.7,
2018-08-04 00:15:00,2.77,
2018-08-04 00:30:00,2.74,
2018-08-04 00:45:00,2.77,
2018-08-04 01:00:00,2.84,
2018-08-04 01:15:00,2.84,
2018-08-04 01:30:00,2.99,
2018-08-04 01:45:00,3.42,
2018-08-04 02:00:00,3.17,
2018-08-04 02:15:00,3.28,
2018-08-04 02:30:00,2.84,
2018-08-04 02:45:00,2.84,
2018-08-04 03:00:00,2.84,
2018-08-04 03:15:00,2.88,
2018-08-04 03:30:00,2.81,
2018-08-04 03:45:00,2.84,
2018-08-04 04:00:00,2.81,
2018-08-04 04:15:00,2.84,
2018-08-04 04:30:00,2.84,
2018-08-04 04:45:00,2.84,
2018-08-04 05:00:00,2.88,
2018-08-04 05:15:00,2.84,
2018-08-04 05:30:00,2.88,
2018-08-04 05:45:00,2.84,
2018-08-04 06:00:00,2.81,
2018-08-04 06:15:00,2.84,
2018-08-04 06:30:00,2.81,
2018-08-04 06:45:00,3.24,
2018-08-04 07:00:00,2.99,
2018-08-04 07:15:00,2.77,
2018-08-04 07:30:00,2.77,
2018-08-04 07:45:00,3.38,
2018-08-04 08:00:00,3.17,
2018-08-04 08:15:00,2.77,
2018-08-04 08:30:00,2.77,
2018-08-04 08:45:00,2.59,
2018-08-04 09:00:00,2.81,
2018-08-04 09:15:00,2.88,
2018-08-04 09:30:00,2.81,
2018-08-04 09:45:00,2.77,
2018-08-04 10:00:00,2.81,
2018-08-04 10:15:00,2.77,
2018-08-04 10:30:00,2.74,
2018-08-04 10:45:00,2.88,
2018-08-04 11:00:00,3.2,
2018-08-04 11:15:00,2.56,
2018-08-04 11:30:00,2.63,
2018-08-04 11:45:00,2.56,
2018-08-04 12:00:00,2.59,
2018-08-04 12:15:00,2.7,
2018-08-04 12:30:00,2.81,
2018-08-04 12:45:00,2.92,
2018-08-04 13:00:00,2.81,
2018-08-04 13:15:00,2.81,
2018-08-04 13:30:00,2.74,
2018-08-04 13:45:00,2.77,
2018-08-04 14:00:00,2.74,
2018-08-04 14:15:00,3.17,
2018-08-04 14:30:00,3.35,
2018-08-04 14:45:00,2.88,
2018-08-04 15:00:00,2.84,
2018-08-04 15:15:00,3.38,
2018-08-04 15:30:00,2.81,
2018-08-04 15:45:00,2.74,
2018-08-04 16:00:00,2.74,
2018-08-04 16:15:00,2.77,
2018-08-04 16:30:00,2.74,
2018-08-04 16:45:00,2.81,
2018-08-04 17:00:00,2.74,
2018-08-04 17:15:00,2.74,
2018-08-04 17:30:00,2.74,
2018-08-04 17:45:00,2.7,
2018-08-04 18:00:00,2.74,
2018-08-04 18:15:00,2.66,
2018-08-04 18:30:00,2.74,
2018-08-04 18:45:00,2.88,
2018-08-04 19:00:00,2.88,
2018-08-04 19:15:00,2.88,
2018-08-04 19:30:00,2.88,
2018-08-04 19:45:00,2.84,
2018-08-04 20:00:00,3.2,
2018-08-04 20:15:00,3.17,
2018-08-04 20:30:00,2.92,
2018-08-04 20:45:00,2.99,
2018-08-04 21:00:00,2.95,
2018-08-04 21:15:00,2.95,
2018-08-04 21:30:00,2.92,
2018-08-04 21:45:00,3.06,
2018-08-04 22:00:00,3.53,
2018-08-04 22:15:00,3.06,
2018-08-04 22:30:00,2.74,
2018-08-04 22:45:00,2.81,
2018-08-04 23:00:00,2.74,
2018-08-04 23:15:00,2.74,
2018-08-04 23:30:00,2.7,
2018-08-04 23:45:00,2.74,
2018-08-05 00:00:00,2.63,
2018-08-05 00:15:00,3.1,
2018-08-05 00:30:00,3.06,
2018-08-05 00:45:00,2.81,
2018-08-05 01:00:00,2.77,
2018-08-05 01:15:00,2.77,
2018-08-05 01:30:00,2.77,
2018-08-05 01:45:00,2.81,
2018-08-05 02:00:00,2.77,
2018-08-05 02:15:00,2.81,
2018-08-05 02:30:00,2.81,
2018-08-05 02:45:00,2.81,
2018-08-05 03:00:00,2.84,
2018-08-05 03:15:00,2.84,
2018-08-05 03:30:00,2.81,
2018-08-05 03:45:00,2.88,
2018-08-05 04:00:00,3.2,
2018-08-05 04:15:00,3.49,
2018-08-05 04:30:00,2.92,
2018-08-05 04:45:00,2.81,
2018-08-05 05:00:00,2.99,
2018-08-05 05:15:00,3.2,
2018-08-05 05:30:00,2.84,
2018-08-05 05:45:00,2.81,
2018-08-05 06:00:00,2.81,
2018-08-05 06:15:00,2.74,
2018-08-05 06:30:00,2.84,
2018-08-05 06:45:00,2.81,
2018-08-05 07:00:00,2.77,
2018-08-05 07:15:00,2.74,
2018-08-05 07:30:00,2.77,
2018-08-05 07:45:00,2.7,
2018-08-05 08:00:00,2.77,
2018-08-05 08:15:00,2.74,
2018-08-05 08:30:00,2.74,
2018-08-05 08:45:00,2.77,
2018-08-05 09:00:00,2.99,
2018-08-05 09:15:00,3.06,
2018-08-05 09:30:00,3.02,
2018-08-05 09:45:00,3.1,
2018-08-05 10:00:00,3.67,
2018-08-05 10:15:00,3.42,
2018-08-05 10:30:00,3.6,
2018-08-05 10:45:00,3.06,
2018-08-05 11:00:00,2.95,
2018-08-05 11:15:00,2.84,
2018-08-05 11:30:00,2.84,
2018-08-05 11:45:00,2.81,
2018-08-05 12:00:00,2.81,
2018-08-05 12:15:00,2.95,
2018-08-05 12:30:00,2.95,
2018-08-05 12:45:00,2.99,
2018-08-05 13:00:00,2.92,
2018-08-05 13:15:00,2.99,
2018-08-05 13:30:00,2.92,
2018-08-05 13:45:00,2.99,
2018-08-05 14:00:00,3.06,
2018-08-05 14:15:00,2.92,
2018-08-05 14:30:00,2.95,
2018-08-05 14:45:00,3.17,
2018-08-05 15:00:00,3.17,
2018-08-05 15:15:00,3.17,
2018-08-05 15:30:00,3.13,
2018-08-05 15:45:00,3.13,
2018-08-05 16:00:00,3.17,
2018-08-05 16:15:00,3.2,
2018-08-05 16:30:00,3.49,
2018-08-05 16:45:00,3.67,
2018-08-05 17:00:00,3.35,
2018-08-05 17:15:00,3.6,
2018-08-05 17:30:00,3.13,
2018-08-05 17:45:00,3.1,
2018-08-05 18:00:00,3.1,
2018-08-05 18:15:00,2.81,
2018-08-05 18:30:00,2.74,
2018-08-05 18:45:00,2.92,
2018-08-05 19:00:00,3.06,
2018-08-05 19:15:00,3.06,
2018-08-05 19:30:00,3.1,
2018-08-05 19:45:00,3.1,
2018-08-05 20:00:00,3.06,
2018-08-05 20:15:00,3.13,
2018-08-05 20:30:00,3.1,
2018-08-05 20:45:00,3.1,
2018-08-05 21:00:00,3.1,
2018-08-05 21:15:00,3.13,
2018-08-05 21:30:00,3.13,
2018-08-05 21:45:00,3.17,
2018-08-05 22:00:00,3.2,
2018-08-05 22:15:00,3.53,
2018-08-05 22:30:00,2.84,
2018-08-05 22:45:00,3.31,
2018-08-05 23:00:00,3.06,
2018-08-05 23:15:00,2.74,
2018-08-05 23:30:00,2.77,
2018-08-05 23:45:00,2.74,
2018-08-06 00:00:00,2.88,
2018-08-06 00:15:00,2.66,
2018-08-06 00:30:00,2.66,
2018-08-06 00:45:00,2.63,
2018-08-06 01:00:00,2.66,
2018-08-06 01:15:00,2.66,
2018-08-06 01:30:00,2.66,
2018-08-06 01:45:00,2.74,
2018-08-06 02:00:00,2.7,
2018-08-06 02:15:00,2.66,
2018-08-06 02:30:00,3.1,
2018-08-06 02:45:00,2.92,
2018-08-06 03:00:00,2.59,
2018-08-06 03:15:00,2.63,
2018-08-06 03:30:00,2.63,
2018-08-06 03:45:00,2.74,
2018-08-06 04:00:00,2.74,
2018-08-06 04:15:00,2.63,
2018-08-06 04:30:00,2.7,
2018-08-06 04:45:00,3.24,
2018-08-06 05:00:00,2.81,
2018-08-06 05:15:00,2.63,
2018-08-06 05:30:00,2.59,
2018-08-06 05:45:00,2.63,
2018-08-06 06:00:00,2.56,
2018-08-06 06:15:00,2.59,
2018-08-06 06:30:00,2.59,
2018-08-06 06:45:00,2.59,
2018-08-06 07:00:00,2.77,
2018-08-06 07:15:00,4.14,
2018-08-06 07:30:00,4.0,
2018-08-06 07:45:00,3.96,
2018-08-06 08:00:00,3.56,
2018-08-06 08:15:00,26.78,
2018-08-06 08:30:00,58.14,
2018-08-06 08:45:00,79.49,
2018-08-06 09:00:00,83.81,
2018-08-06 09:15:00,109.22,
2018-08-06 09:30:00,79.81,
2018-08-06 09:45:00,93.28,
2018-08-06 10:00:00,102.24,
2018-08-06 10:15:00,49.03,
2018-08-06 10:30:00,57.89,
2018-08-06 10:45:00,58.9,
2018-08-06 11:00:00,64.4,
2018-08-06 11:15:00,106.56,
2018-08-06 11:30:00,88.52,
2018-08-06 11:45:00,90.18,
2018-08-06 12:00:00,103.9,
2018-08-06 12:15:00,6.84,
2018-08-06 12:30:00,6.12,
2018-08-06 12:45:00,6.05,
2018-08-06 13:00:00,5.87,
2018-08-06 13:15:00,53.64,
2018-08-06 13:30:00,97.67,
2018-08-06 13:45:00,98.93,
2018-08-06 14:00:00,85.9,
2018-08-06 14:15:00,49.07,
2018-08-06 14:30:00,55.84,
2018-08-06 14:45:00,43.42,
2018-08-06 15:00:00,39.24,
2018-08-06 15:15:00,39.38,
2018-08-06 15:30:00,46.51,
2018-08-06 15:45:00,50.94,
2018-08-06 16:00:00,49.61,
2018-08-06 16:15:00,53.86,
2018-08-06 16:30:00,49.82,
2018-08-06 16:45:00,55.33,
2018-08-06 17:00:00,52.67,
2018-08-06 17:15:00,91.48,
2018-08-06 17:30:00,98.21,
2018-08-06 17:45:00,30.89,
2018-08-06 18:00:00,31.18,
2018-08-06 18:15:00,85.72,
2018-08-06 18:30:00,72.97,
2018-08-06 18:45:00,55.76,
2018-08-06 19:00:00,96.12,
2018-08-06 19:15:00,99.18,
2018-08-06 19:30:00,86.98,
2018-08-06 19:45:00,113.65,
2018-08-06 20:00:00,74.09,
2018-08-06 20:15:00,91.73,
2018-08-06 20:30:00,118.12,
2018-08-06 20:45:00,48.92,
2018-08-06 21:00:00,43.6,
2018-08-06 21:15:00,8.17,
2018-08-06 21:30:00,4.9,
2018-08-06 21:45:00,4.03,
2018-08-06 22:00:00,3.96,
2018-08-06 22:15:00,3.82,
2018-08-06 22:30:00,3.46,
2018-08-06 22:45:00,3.35,
2018-08-06 23:00:00,2.84,
2018-08-06 23:15:00,2.81,
2018-08-06 23:30:00,2.7,
2018-08-06 23:45:00,3.2,
2018-08-07 00:00:00,2.84,
2018-08-07 00:15:00,2.77,
2018-08-07 00:30:00,2.88,
2018-08-07 00:45:00,2.84,
2018-08-07 01:00:00,2.81,
2018-08-07 01:15:00,2.74,
2018-08-07 01:30:00,3.06,
2018-08-07 01:45:00,2.99,
2018-08-07 02:00:00,2.99,
2018-08-07 02:15:00,2.99,
2018-08-07 02:30:00,2.92,
2018-08-07 02:45:00,3.02,
2018-08-07 03:00:00,3.24,
2018-08-07 03:15:00,3.31,
2018-08-07 03:30:00,3.2,
2018-08-07 03:45:00,3.74,
2018-08-07 04:00:00,3.53,
2018-08-07 04:15:00,3.24,
2018-08-07 04:30:00,3.24,
2018-08-07 04:45:00,3.6,
2018-08-07 05:00:00,3.74,
2018-08-07 05:15:00,3.24,
2018-08-07 05:30:00,3.17,
2018-08-07 05:45:00,3.2,
2018-08-07 06:00:00,3.2,
2018-08-07 06:15:00,3.17,
2018-08-07 06:30:00,3.17,
2018-08-07 06:45:00,3.17,
2018-08-07 07:00:00,3.38,
2018-08-07 07:15:00,3.13,
2018-08-07 07:30:00,3.31,
2018-08-07 07:45:00,3.89,
2018-08-07 08:00:00,5.54,
2018-08-07 08:15:00,66.31,
2018-08-07 08:30:00,93.71,
2018-08-07 08:45:00,79.52,
2018-08-07 09:00:00,86.33,
2018-08-07 09:15:00,86.8,
2018-08-07 09:30:00,58.46,
2018-08-07 09:45:00,65.45,
2018-08-07 10:00:00,108.32,
2018-08-07 10:15:00,101.59,
2018-08-07 10:30:00,83.41,
2018-08-07 10:45:00,112.21,
2018-08-07 11:00:00,87.01,
2018-08-07 11:15:00,96.23,
2018-08-07 11:30:00,82.84,
2018-08-07 11:45:00,95.87,
2018-08-07 12:00:00,94.18,
2018-08-07 12:15:00,10.87,
2018-08-07 12:30:00,5.98,
2018-08-07 12:45:00,5.8,
2018-08-07 13:00:00,5.98,
2018-08-07 13:15:00,62.64,
2018-08-07 13:30:00,99.79,
2018-08-07 13:45:00,103.61,
2018-08-07 14:00:00,58.54,
2018-08-07 14:15:00,58.75,
2018-08-07 14:30:00,50.94,
2018-08-07 14:45:00,43.49,
2018-08-07 15:00:00,42.84,
2018-08-07 15:15:00,49.93,
2018-08-07 15:30:00,54.11,
2018-08-07 15:45:00,52.02,
2018-08-07 16:00:00,56.84,
2018-08-07 16:15:00,59.4,
2018-08-07 16:30:00,58.75,
2018-08-07 16:45:00,47.92,
2018-08-07 17:00:00,87.19,
2018-08-07 17:15:00,72.25,
2018-08-07 17:30:00,104.76,
2018-08-07 17:45:00,30.31,
2018-08-07 18:00:00,30.42,
2018-08-07 18:15:00,75.28,
2018-08-07 18:30:00,77.22,
2018-08-07 18:45:00,48.06,
2018-08-07 19:00:00,49.68,
2018-08-07 19:15:00,51.73,
2018-08-07 19:30:00,51.88,
2018-08-07 19:45:00,47.34,
2018-08-07 20:00:00,47.59,
2018-08-07 20:15:00,48.35,
2018-08-07 20:30:00,50.29,
2018-08-07 20:45:00,50.0,
2018-08-07 21:00:00,30.13,
2018-08-07 21:15:00,26.42,
2018-08-07 21:30:00,15.52,
2018-08-07 21:45:00,4.14,
2018-08-07 22:00:00,4.0,
2018-08-07 22:15:00,3.82,
2018-08-07 22:30:00,3.56,
2018-08-07 22:45:00,3.06,
2018-08-07 23:00:00,2.88,
2018-08-07 23:15:00,2.88,
2018-08-07 23:30:00,2.88,
2018-08-07 23:45:00,2.81,
2018-08-08 00:00:00,2.66,
2018-08-08 00:15:00,2.92,
2018-08-08 00:30:00,3.46,
2018-08-08 00:45:00,3.02,
2018-08-08 01:00:00,3.13,
2018-08-08 01:15:00,3.31,
2018-08-08 01:30:00,3.17,
2018-08-08 01:45:00,3.17,
2018-08-08 02:00:00,3.13,
2018-08-08 02:15:00,3.2,
2018-08-08 02:30:00,3.28,
2018-08-08 02:45:00,3.2,
2018-08-08 03:00:00,3.67,
2018-08-08 03:15:00,3.28,
2018-08-08 03:30:00,3.17,
2018-08-08 03:45:00,3.2,
2018-08-08 04:00:00,3.17,
2018-08-08 04:15:00,3.13,
2018-08-08 04:30:00,3.17,
2018-08-08 04:45:00,3.17,
2018-08-08 05:00:00,3.13,
2018-08-08 05:15:00,3.17,
2018-08-08 05:30:00,3.17,
2018-08-08 05:45:00,3.17,
2018-08-08 06:00:00,3.53,
2018-08-08 06:15:00,3.74,
2018-08-08 06:30:00,3.17,
2018-08-08 06:45:00,3.1,
2018-08-08 07:00:00,3.13,
2018-08-08 07:15:00,3.2,
2018-08-08 07:30:00,4.07,
2018-08-08 07:45:00,5.18,
2018-08-08 08:00:00,4.82,
2018-08-08 08:15:00,34.99,
2018-08-08 08:30:00,53.14,
2018-08-08 08:45:00,64.91,
2018-08-08 09:00:00,59.44,
2018-08-08 09:15:00,84.56,
2018-08-08 09:30:00,56.38,
2018-08-08 09:45:00,63.5,
2018-08-08 10:00:00,103.93,
2018-08-08 10:15:00,87.08,
2018-08-08 10:30:00,90.61,
2018-08-08 10:45:00,91.08,
2018-08-08 11:00:00,106.99,
2018-08-08 11:15:00,93.85,
2018-08-08 11:30:00,76.1,
2018-08-08 11:45:00,117.68,
2018-08-08 12:00:00,95.65,
2018-08-08 12:15:00,7.24,
2018-08-08 12:30:00,5.0,
2018-08-08 12:45:00,4.93,
2018-08-08 13:00:00,4.93,
2018-08-08 13:15:00,44.42,
2018-08-08 13:30:00,123.16,
2018-08-08 13:45:00,85.68,
2018-08-08 14:00:00,93.92,
2018-08-08 14:15:00,104.0,
2018-08-08 14:30:00,79.56,
2018-08-08 14:45:00,115.67,
2018-08-08 15:00:00,81.68,
2018-08-08 15:15:00,115.74,
2018-08-08 15:30:00,111.38,
2018-08-08 15:45:00,69.23,
2018-08-08 16:00:00,50.33,
2018-08-08 16:15:00,45.86,
2018-08-08 16:30:00,60.73,
2018-08-08 16:45:00,42.73,
2018-08-08 17:00:00,50.26,
2018-08-08 17:15:00,49.43,
2018-08-08 17:30:00,37.69,
2018-08-08 17:45:00,30.96,
2018-08-08 18:00:00,32.08,
2018-08-08 18:15:00,38.34,
2018-08-08 18:30:00,47.38,
2018-08-08 18:45:00,49.79,
2018-08-08 19:00:00,52.56,
2018-08-08 19:15:00,44.35,
2018-08-08 19:30:00,64.44,
2018-08-08 19:45:00,53.42,
2018-08-08 20:00:00,111.06,
2018-08-08 20:15:00,53.86,
2018-08-08 20:30:00,94.14,
2018-08-08 20:45:00,70.63,
2018-08-08 21:00:00,22.0,
2018-08-08 21:15:00,7.16,
2018-08-08 21:30:00,4.18,
2018-08-08 21:45:00,3.89,
2018-08-08 22:00:00,3.85,
2018-08-08 22:15:00,3.71,
2018-08-08 22:30:00,3.24,
2018-08-08 22:45:00,2.7,
2018-08-08 23:00:00,2.66,
2018-08-08 23:15:00,2.59,
2018-08-08 23:30:00,2.56,
2018-08-08 23:45:00,2.56,
2018-08-09 00:00:00,2.66,
2018-08-09 00:15:00,3.17,
2018-08-09 00:30:00,2.84,
2018-08-09 00:45:00,2.7,
2018-08-09 01:00:00,2.74,
2018-08-09 01:15:00,2.77,
2018-08-09 01:30:00,2.77,
2018-08-09 01:45:00,2.74,
2018-08-09 02:00:00,2.74,
2018-08-09 02:15:00,2.99,
2018-08-09 02:30:00,3.2,
2018-08-09 02:45:00,2.77,
2018-08-09 03:00:00,2.81,
2018-08-09 03:15:00,2.74,
2018-08-09 03:30:00,2.77,
2018-08-09 03:45:00,2.77,
2018-08-09 04:00:00,2.77,
2018-08-09 04:15:00,2.77,
2018-08-09 04:30:00,2.81,
2018-08-09 04:45:00,2.81,
2018-08-09 05:00:00,2.74,
2018-08-09 05:15:00,2.77,
2018-08-09 05:30:00,3.35,
2018-08-09 05:45:00,3.13,
2018-08-09 06:00:00,2.74,
2018-08-09 06:15:00,2.81,
2018-08-09 06:30:00,2.74,
2018-08-09 06:45:00,3.24,
2018-08-09 07:00:00,2.92,
2018-08-09 07:15:00,2.99,
2018-08-09 07:30:00,4.07,
2018-08-09 07:45:00,4.21,
2018-08-09 08:00:00,8.21,
2018-08-09 08:15:00,64.87,
2018-08-09 08:30:00,98.32,
2018-08-09 08:45:00,109.98,
2018-08-09 09:00:00,96.41,
2018-08-09 09:15:00,73.76,
2018-08-09 09:30:00,98.86,
2018-08-09 09:45:00,103.39,
2018-08-09 10:00:00,110.66,
2018-08-09 10:15:00,111.67,
2018-08-09 10:30:00,88.88,
2018-08-09 10:45:00,111.64,
2018-08-09 11:00:00,72.11,
2018-08-09 11:15:00,126.29,
2018-08-09 11:30:00,94.54,
2018-08-09 11:45:00,103.72,
2018-08-09 12:00:00,89.39,
2018-08-09 12:15:00,19.26,
2018-08-09 12:30:00,4.9,
2018-08-09 12:45:00,4.79,
2018-08-09 13:00:00,4.57,
2018-08-09 13:15:00,50.72,
2018-08-09 13:30:00,107.21,
2018-08-09 13:45:00,72.43,
2018-08-09 14:00:00,133.06,
2018-08-09 14:15:00,66.1,
2018-08-09 14:30:00,42.37,
2018-08-09 14:45:00,49.18,
2018-08-09 15:00:00,62.39,
2018-08-09 15:15:00,44.35,
2018-08-09 15:30:00,40.0,
2018-08-09 15:45:00,49.9,
2018-08-09 16:00:00,67.43,
2018-08-09 16:15:00,59.8,
2018-08-09 16:30:00,54.04,
2018-08-09 16:45:00,46.26,
2018-08-09 17:00:00,44.96,
2018-08-09 17:15:00,56.99,
2018-08-09 17:30:00,44.03,
2018-08-09 17:45:00,30.53,
2018-08-09 18:00:00,31.43,
2018-08-09 18:15:00,51.59,
2018-08-09 18:30:00,44.6,
2018-08-09 18:45:00,44.75,
2018-08-09 19:00:00,49.32,
2018-08-09 19:15:00,52.78,
2018-08-09 19:30:00,52.2,
2018-08-09 19:45:00,49.03,
2018-08-09 20:00:00,42.73,
2018-08-09 20:15:00,50.36,
2018-08-09 20:30:00,49.5,
2018-08-09 20:45:00,46.55,
2018-08-09 21:00:00,16.99,
2018-08-09 21:15:00,10.15,
2018-08-09 21:30:00,5.98,
2018-08-09 21:45:00,4.46,
2018-08-09 22:00:00,3.89,
2018-08-09 22:15:00,3.67,
2018-08-09 22:30:00,3.49,
2018-08-09 22:45:00,3.46,
2018-08-09 23:00:00,3.24,
2018-08-09 23:15:00,2.66,
2018-08-09 23:30:00,2.63,
2018-08-09 23:45:00,2.63,
2018-08-10 00:00:00,2.7,
2018-08-10 00:15:00,2.7,
2018-08-10 00:30:00,2.66,
2018-08-10 00:45:00,2.7,
2018-08-10 01:00:00,2.66,
2018-08-10 01:15:00,2.66,
2018-08-10 01:30:00,2.7,
2018-08-10 01:45:00,2.74,
2018-08-10 02:00:00,2.66,
2018-08-10 02:15:00,2.7,
2018-08-10 02:30:00,2.7,
2018-08-10 02:45:00,3.31,
2018-08-10 03:00:00,2.88,
2018-08-10 03:15:00,2.66,
2018-08-10 03:30:00,2.74,
2018-08-10 03:45:00,3.06,
2018-08-10 04:00:00,2.56,
2018-08-10 04:15:00,2.52,
2018-08-10 04:30:00,2.63,
2018-08-10 04:45:00,2.63,
2018-08-10 05:00:00,2.59,
2018-08-10 05:15:00,2.59,
2018-08-10 05:30:00,2.56,
2018-08-10 05:45:00,2.56,
2018-08-10 06:00:00,2.52,
2018-08-10 06:15:00,2.52,
2018-08-10 06:30:00,2.66,
2018-08-10 06:45:00,2.66,
2018-08-10 07:00:00,2.66,
2018-08-10 07:15:00,2.59,
2018-08-10 07:30:00,3.53,
2018-08-10 07:45:00,7.31,
2018-08-10 08:00:00,6.34,
2018-08-10 08:15:00,37.4,
2018-08-10 08:30:00,49.9,
2018-08-10 08:45:00,55.73,
2018-08-10 09:00:00,47.84,
2018-08-10 09:15:00,50.65,
2018-08-10 09:30:00,55.08,
2018-08-10 09:45:00,51.55,
2018-08-10 10:00:00,52.09,
2018-08-10 10:15:00,42.7,
2018-08-10 10:30:00,44.14,
2018-08-10 10:45:00,60.37,
2018-08-10 11:00:00,91.44,
2018-08-10 11:15:00,69.8,
2018-08-10 11:30:00,94.32,
2018-08-10 11:45:00,105.77,
2018-08-10 12:00:00,113.72,
2018-08-10 12:15:00,12.31,
2018-08-10 12:30:00,4.79,
2018-08-10 12:45:00,4.68,
2018-08-10 13:00:00,4.61,
2018-08-10 13:15:00,30.06,
2018-08-10 13:30:00,123.8,
2018-08-10 13:45:00,105.7,
2018-08-10 14:00:00,94.93,
2018-08-10 14:15:00,115.45,
2018-08-10 14:30:00,86.47,
2018-08-10 14:45:00,91.84,
2018-08-10 15:00:00,89.35,
2018-08-10 15:15:00,90.18,
2018-08-10 15:30:00,106.67,
2018-08-10 15:45:00,131.0,
2018-08-10 16:00:00,107.46,
2018-08-10 16:15:00,103.46,
2018-08-10 16:30:00,100.22,
2018-08-10 16:45:00,118.04,
2018-08-10 17:00:00,55.66,
2018-08-10 17:15:00,83.27,
2018-08-10 17:30:00,99.83,
2018-08-10 17:45:00,30.71,
2018-08-10 18:00:00,29.81,
2018-08-10 18:15:00,63.79,
2018-08-10 18:30:00,79.96,
2018-08-10 18:45:00,98.75,
2018-08-10 19:00:00,86.9,
2018-08-10 19:15:00,110.84,
2018-08-10 19:30:00,73.55,
2018-08-10 19:45:00,112.61,
2018-08-10 20:00:00,91.8,
2018-08-10 20:15:00,100.33,
2018-08-10 20:30:00,84.46,
2018-08-10 20:45:00,102.46,
2018-08-10 21:00:00,64.8,
2018-08-10 21:15:00,4.46,
2018-08-10 21:30:00,4.25,
2018-08-10 21:45:00,3.74,
2018-08-10 22:00:00,3.78,
2018-08-10 22:15:00,3.56,
2018-08-10 22:30:00,3.28,
2018-08-10 22:45:00,3.24,
2018-08-10 23:00:00,2.74,
2018-08-10 23:15:00,2.7,
2018-08-10 23:30:00,2.7,
2018-08-10 23:45:00,2.66,
2018-08-11 00:00:00,2.7,
2018-08-11 00:15:00,2.66,
2018-08-11 00:30:00,2.81,
2018-08-11 00:45:00,2.74,
2018-08-11 01:00:00,2.7,
2018-08-11 01:15:00,2.74,
2018-08-11 01:30:00,2.77,
2018-08-11 01:45:00,3.35,
2018-08-11 02:00:00,2.92,
2018-08-11 02:15:00,2.74,
2018-08-11 02:30:00,2.7,
2018-08-11 02:45:00,2.66,
2018-08-11 03:00:00,2.66,
2018-08-11 03:15:00,3.28,
2018-08-11 03:30:00,2.99,
2018-08-11 03:45:00,2.77,
2018-08-11 04:00:00,2.77,
2018-08-11 04:15:00,2.77,
2018-08-11 04:30:00,2.77,
2018-08-11 04:45:00,2.81,
2018-08-11 05:00:00,2.74,
2018-08-11 05:15:00,2.81,
2018-08-11 05:30:00,2.74,
2018-08-11 05:45:00,2.74,
2018-08-11 06:00:00,2.74,
2018-08-11 06:15:00,2.74,
2018-08-11 06:30:00,2.74,
2018-08-11 06:45:00,2.84,
2018-08-11 07:00:00,2.7,
2018-08-11 07:15:00,2.7,
2018-08-11 07:30:00,3.28,
2018-08-11 07:45:00,4.25,
2018-08-11 08:00:00,5.44,
2018-08-11 08:15:00,68.94,
2018-08-11 08:30:00,111.38,
2018-08-11 08:45:00,77.72,
2018-08-11 09:00:00,109.84,
2018-08-11 09:15:00,91.19,
2018-08-11 09:30:00,109.91,
2018-08-11 09:45:00,87.88,
2018-08-11 10:00:00,110.59,
2018-08-11 10:15:00,73.87,
2018-08-11 10:30:00,78.44,
2018-08-11 10:45:00,76.25,
2018-08-11 11:00:00,90.76,
2018-08-11 11:15:00,94.86,
2018-08-11 11:30:00,71.71,
2018-08-11 11:45:00,103.82,
2018-08-11 12:00:00,56.63,
2018-08-11 12:15:00,4.0,
2018-08-11 12:30:00,4.21,
2018-08-11 12:45:00,3.92,
2018-08-11 13:00:00,4.21,
2018-08-11 13:15:00,37.22,
2018-08-11 13:30:00,83.99,
2018-08-11 13:45:00,95.65,
2018-08-11 14:00:00,109.33,
2018-08-11 14:15:00,89.32,
2018-08-11 14:30:00,105.59,
2018-08-11 14:45:00,96.3,
2018-08-11 15:00:00,103.57,
2018-08-11 15:15:00,93.56,
2018-08-11 15:30:00,71.64,
2018-08-11 15:45:00,72.54,
2018-08-11 16:00:00,86.9,
2018-08-11 16:15:00,103.36,
2018-08-11 16:30:00,81.9,
2018-08-11 16:45:00,95.83,
2018-08-11 17:00:00,15.55,
2018-08-11 17:15:00,5.62,
2018-08-11 17:30:00,4.0,
2018-08-11 17:45:00,3.78,
2018-08-11 18:00:00,3.2,
2018-08-11 18:15:00,2.84,
2018-08-11 18:30:00,2.74,
2018-08-11 18:45:00,2.88,
2018-08-11 19:00:00,3.06,
2018-08-11 19:15:00,3.06,
2018-08-11 19:30:00,3.02,
2018-08-11 19:45:00,3.02,
2018-08-11 20:00:00,3.06,
2018-08-11 20:15:00,3.1,
2018-08-11 20:30:00,3.17,
2018-08-11 20:45:00,3.1,
2018-08-11 21:00:00,3.1,
2018-08-11 21:15:00,3.1,
2018-08-11 21:30:00,3.17,
2018-08-11 21:45:00,3.17,
2018-08-11 22:00:00,3.24,
2018-08-11 22:15:00,3.49,
2018-08-11 22:30:00,2.88,
2018-08-11 22:45:00,2.74,
2018-08-11 23:00:00,3.17,
2018-08-11 23:15:00,3.24,
2018-08-11 23:30:00,2.59,
2018-08-11 23:45:00,2.66,
2018-08-12 00:00:00,2.74,
2018-08-12 00:15:00,2.7,
2018-08-12 00:30:00,2.74,
2018-08-12 00:45:00,2.74,
2018-08-12 01:00:00,2.7,
2018-08-12 01:15:00,2.7,
2018-08-12 01:30:00,2.7,
2018-08-12 01:45:00,2.74,
2018-08-12 02:00:00,2.81,
2018-08-12 02:15:00,2.77,
2018-08-12 02:30:00,2.77,
2018-08-12 02:45:00,3.06,
2018-08-12 03:00:00,3.06,
2018-08-12 03:15:00,2.77,
2018-08-12 03:30:00,2.77,
2018-08-12 03:45:00,2.84,
2018-08-12 04:00:00,2.77,
2018-08-12 04:15:00,2.77,
2018-08-12 04:30:00,2.77,
2018-08-12 04:45:00,2.81,
2018-08-12 05:00:00,3.28,
2018-08-12 05:15:00,3.2,
2018-08-12 05:30:00,2.74,
2018-08-12 05:45:00,2.66,
2018-08-12 06:00:00,2.74,
2018-08-12 06:15:00,2.77,
2018-08-12 06:30:00,2.74,
2018-08-12 06:45:00,3.17,
2018-08-12 07:00:00,2.84,
2018-08-12 07:15:00,2.74,
2018-08-12 07:30:00,2.7,
2018-08-12 07:45:00,2.7,
2018-08-12 08:00:00,2.63,
2018-08-12 08:15:00,2.59,
2018-08-12 08:30:00,2.63,
2018-08-12 08:45:00,2.7,
2018-08-12 09:00:00,2.95,
2018-08-12 09:15:00,3.06,
2018-08-12 09:30:00,3.02,
2018-08-12 09:45:00,3.1,
2018-08-12 10:00:00,3.06,
2018-08-12 10:15:00,3.06,
2018-08-12 10:30:00,3.1,
2018-08-12 10:45:00,3.64,
2018-08-12 11:00:00,3.13,
2018-08-12 11:15:00,3.02,
2018-08-12 11:30:00,3.24,
2018-08-12 11:45:00,2.7,
2018-08-12 12:00:00,2.77,
2018-08-12 12:15:00,2.88,
2018-08-12 12:30:00,3.06,
2018-08-12 12:45:00,3.06,
2018-08-12 13:00:00,3.06,
2018-08-12 13:15:00,3.1,
2018-08-12 13:30:00,3.06,
2018-08-12 13:45:00,3.1,
2018-08-12 14:00:00,3.02,
2018-08-12 14:15:00,3.02,
2018-08-12 14:30:00,2.99,
2018-08-12 14:45:00,3.06,
2018-08-12 15:00:00,3.02,
2018-08-12 15:15:00,3.06,
2018-08-12 15:30:00,3.1,
2018-08-12 15:45:00,3.64,
2018-08-12 16:00:00,3.06,
2018-08-12 16:15:00,3.1,
2018-08-12 16:30:00,2.99,
2018-08-12 16:45:00,3.02,
2018-08-12 17:00:00,3.02,
2018-08-12 17:15:00,3.02,
2018-08-12 17:30:00,3.56,
2018-08-12 17:45:00,3.38,
2018-08-12 18:00:00,2.99,
2018-08-12 18:15:00,2.77,
2018-08-12 18:30:00,2.74,
2018-08-12 18:45:00,2.88,
2018-08-12 19:00:00,2.99,
2018-08-12 19:15:00,3.02,
2018-08-12 19:30:00,3.06,
2018-08-12 19:45:00,3.02,
2018-08-12 20:00:00,3.06,
2018-08-12 20:15:00,3.02,
2018-08-12 20:30:00,3.46,
2018-08-12 20:45:00,3.28,
2018-08-12 21:00:00,3.13,
2018-08-12 21:15:00,3.13,
2018-08-12 21:30:00,3.13,
2018-08-12 21:45:00,3.13,
2018-08-12 22:00:00,3.13,
2018-08-12 22:15:00,2.99,
2018-08-12 22:30:00,2.7,
2018-08-12 22:45:00,2.92,
2018-08-12 23:00:00,3.28,
2018-08-12 23:15:00,2.88,
2018-08-12 23:30:00,2.66,
2018-08-12 23:45:00,2.74,
2018-08-13 00:00:00,2.84,
2018-08-13 00:15:00,2.77,
2018-08-13 00:30:00,2.81,
2018-08-13 00:45:00,3.28,
2018-08-13 01:00:00,2.74,
2018-08-13 01:15:00,2.77,
2018-08-13 01:30:00,2.77,
2018-08-13 01:45:00,2.81,
2018-08-13 02:00:00,2.77,
2018-08-13 02:15:00,2.77,
2018-08-13 02:30:00,2.81,
2018-08-13 02:45:00,2.84,
2018-08-13 03:00:00,2.77,
2018-08-13 03:15:00,2.7,
2018-08-13 03:30:00,2.74,
2018-08-13 03:45:00,2.7,
2018-08-13 04:00:00,2.74,
2018-08-13 04:15:00,2.74,
2018-08-13 04:30:00,2.81,
2018-08-13 04:45:00,3.74,
2018-08-13 05:00:00,3.74,
2018-08-13 05:15:00,2.74,
2018-08-13 05:30:00,2.7,
2018-08-13 05:45:00,2.7,
2018-08-13 06:00:00,2.66,
2018-08-13 06:15:00,2.66,
2018-08-13 06:30:00,2.63,
2018-08-13 06:45:00,2.74,
2018-08-13 07:00:00,2.7,
2018-08-13 07:15:00,2.7,
2018-08-13 07:30:00,3.53,
2018-08-13 07:45:00,4.03,
2018-08-13 08:00:00,3.85,
2018-08-13 08:15:00,26.64,
2018-08-13 08:30:00,92.23,
2018-08-13 08:45:00,82.08,
2018-08-13 09:00:00,119.92,
2018-08-13 09:15:00,92.34,
2018-08-13 09:30:00,110.2,
2018-08-13 09:45:00,89.78,
2018-08-13 10:00:00,106.34,
2018-08-13 10:15:00,84.31,
2018-08-13 10:30:00,104.62,
2018-08-13 10:45:00,81.94,
2018-08-13 11:00:00,100.66,
2018-08-13 11:15:00,101.99,
2018-08-13 11:30:00,81.54,
2018-08-13 11:45:00,100.94,
2018-08-13 12:00:00,96.55,
2018-08-13 12:15:00,28.87,
2018-08-13 12:30:00,24.01,
2018-08-13 12:45:00,4.97,
2018-08-13 13:00:00,4.97,
2018-08-13 13:15:00,60.48,
2018-08-13 13:30:00,90.07,
2018-08-13 13:45:00,107.6,
2018-08-13 14:00:00,111.46,
2018-08-13 14:15:00,105.19,
2018-08-13 14:30:00,85.75,
2018-08-13 14:45:00,109.19,
2018-08-13 15:00:00,93.6,
2018-08-13 15:15:00,57.56,
2018-08-13 15:30:00,57.64,
2018-08-13 15:45:00,75.64,
2018-08-13 16:00:00,76.1,
2018-08-13 16:15:00,91.98,
2018-08-13 16:30:00,85.18,
2018-08-13 16:45:00,102.64,
2018-08-13 17:00:00,110.05,
2018-08-13 17:15:00,95.36,
2018-08-13 17:30:00,101.2,
2018-08-13 17:45:00,35.21,
2018-08-13 18:00:00,32.11,
2018-08-13 18:15:00,68.29,
2018-08-13 18:30:00,86.9,
2018-08-13 18:45:00,103.1,
2018-08-13 19:00:00,70.13,
2018-08-13 19:15:00,103.68,
2018-08-13 19:30:00,88.74,
2018-08-13 19:45:00,104.4,
2018-08-13 20:00:00,83.63,
2018-08-13 20:15:00,99.68,
2018-08-13 20:30:00,91.98,
2018-08-13 20:45:00,105.37,
2018-08-13 21:00:00,68.29,
2018-08-13 21:15:00,6.05,
2018-08-13 21:30:00,4.61,
2018-08-13 21:45:00,4.43,
2018-08-13 22:00:00,4.1,
2018-08-13 22:15:00,3.89,
2018-08-13 22:30:00,3.6,
2018-08-13 22:45:00,3.67,
2018-08-13 23:00:00,3.67,
2018-08-13 23:15:00,3.64,
2018-08-13 23:30:00,2.99,
2018-08-13 23:45:00,2.84,
2018-08-14 00:00:00,2.74,
2018-08-14 00:15:00,2.84,
2018-08-14 00:30:00,3.06,
2018-08-14 00:45:00,3.46,
2018-08-14 01:00:00,2.81,
2018-08-14 01:15:00,2.84,
2018-08-14 01:30:00,2.92,
2018-08-14 01:45:00,2.84,
2018-08-14 02:00:00,2.84,
2018-08-14 02:15:00,3.13,
2018-08-14 02:30:00,3.02,
2018-08-14 02:45:00,3.06,
2018-08-14 03:00:00,3.02,
2018-08-14 03:15:00,3.02,
2018-08-14 03:30:00,3.06,
2018-08-14 03:45:00,3.31,
2018-08-14 04:00:00,3.56,
2018-08-14 04:15:00,2.92,
2018-08-14 04:30:00,2.92,
2018-08-14 04:45:00,2.88,
2018-08-14 05:00:00,2.92,
2018-08-14 05:15:00,2.92,
2018-08-14 05:30:00,2.92,
2018-08-14 05:45:00,2.88,
2018-08-14 06:00:00,2.88,
2018-08-14 06:15:00,2.92,
2018-08-14 06:30:00,3.46,
2018-08-14 06:45:00,2.84,
2018-08-14 07:00:00,2.81,
2018-08-14 07:15:00,2.81,
2018-08-14 07:30:00,3.35,
2018-08-14 07:45:00,3.92,
2018-08-14 08:00:00,3.67,
2018-08-14 08:15:00,22.32,
2018-08-14 08:30:00,101.63,
2018-08-14 08:45:00,93.49,
2018-08-14 09:00:00,69.41,
2018-08-14 09:15:00,96.66,
2018-08-14 09:30:00,82.69,
2018-08-14 09:45:00,76.28,
2018-08-14 10:00:00,97.49,
2018-08-14 10:15:00,105.88,
2018-08-14 10:30:00,91.8,
2018-08-14 10:45:00,106.49,
2018-08-14 11:00:00,57.28,
2018-08-14 11:15:00,63.79,
2018-08-14 11:30:00,72.68,
2018-08-14 11:45:00,53.21,
2018-08-14 12:00:00,72.86,
2018-08-14 12:15:00,15.23,
2018-08-14 12:30:00,5.87,
2018-08-14 12:45:00,5.87,
2018-08-14 13:00:00,5.76,
2018-08-14 13:15:00,52.99,
2018-08-14 13:30:00,63.25,
2018-08-14 13:45:00,71.42,
2018-08-14 14:00:00,66.1,
2018-08-14 14:15:00,74.48,
2018-08-14 14:30:00,96.12,
2018-08-14 14:45:00,81.22,
2018-08-14 15:00:00,96.7,
2018-08-14 15:15:00,95.08,
2018-08-14 15:30:00,75.92,
2018-08-14 15:45:00,89.78,
2018-08-14 16:00:00,93.64,
2018-08-14 16:15:00,83.59,
2018-08-14 16:30:00,88.09,
2018-08-14 16:45:00,105.26,
2018-08-14 17:00:00,86.0,
2018-08-14 17:15:00,105.48,
2018-08-14 17:30:00,70.99,
2018-08-14 17:45:00,29.92,
2018-08-14 18:00:00,29.99,
2018-08-14 18:15:00,67.5,
2018-08-14 18:30:00,106.45,
2018-08-14 18:45:00,85.03,
2018-08-14 19:00:00,108.36,
2018-08-14 19:15:00,75.89,
2018-08-14 19:30:00,95.94,
2018-08-14 19:45:00,82.62,
2018-08-14 20:00:00,89.5,
2018-08-14 20:15:00,95.44,
2018-08-14 20:30:00,81.61,
2018-08-14 20:45:00,119.34,
2018-08-14 21:00:00,37.73,
2018-08-14 21:15:00,28.4,
2018-08-14 21:30:00,4.0,
2018-08-14 21:45:00,3.89,
2018-08-14 22:00:00,3.85,
2018-08-14 22:15:00,3.42,
2018-08-14 22:30:00,2.77,
2018-08-14 22:45:00,2.77,
2018-08-14 23:00:00,2.77,
2018-08-14 23:15:00,2.74,
2018-08-14 23:30:00,2.74,
2018-08-14 23:45:00,2.74,
2018-08-15 00:00:00,2.81,
2018-08-15 00:15:00,2.74,
2018-08-15 00:30:00,2.74,
2018-08-15 00:45:00,2.59,
2018-08-15 01:00:00,2.63,
2018-08-15 01:15:00,2.59,
2018-08-15 01:30:00,2.63,
2018-08-15 01:45:00,2.63,
2018-08-15 02:00:00,2.59,
2018-08-15 02:15:00,2.95,
2018-08-15 02:30:00,3.13,
2018-08-15 02:45:00,3.2,
2018-08-15 03:00:00,2.81,
2018-08-15 03:15:00,2.59,
2018-08-15 03:30:00,2.59,
2018-08-15 03:45:00,2.63,
2018-08-15 04:00:00,2.7,
2018-08-15 04:15:00,2.74,
2018-08-15 04:30:00,2.66,
2018-08-15 04:45:00,2.59,
2018-08-15 05:00:00,2.63,
2018-08-15 05:15:00,2.63,
2018-08-15 05:30:00,2.63,
2018-08-15 05:45:00,2.66,
2018-08-15 06:00:00,2.59,
2018-08-15 06:15:00,2.59,
2018-08-15 06:30:00,2.99,
2018-08-15 06:45:00,3.06,
2018-08-15 07:00:00,2.59,
2018-08-15 07:15:00,2.66,
2018-08-15 07:30:00,3.1,
2018-08-15 07:45:00,3.64,
2018-08-15 08:00:00,5.8,
2018-08-15 08:15:00,33.73,
2018-08-15 08:30:00,46.76,
2018-08-15 08:45:00,56.99,
2018-08-15 09:00:00,62.42,
2018-08-15 09:15:00,57.46,
2018-08-15 09:30:00,81.11,
2018-08-15 09:45:00,101.02,
2018-08-15 10:00:00,82.3,
2018-08-15 10:15:00,100.69,
2018-08-15 10:30:00,112.68,
2018-08-15 10:45:00,99.97,
2018-08-15 11:00:00,111.17,
2018-08-15 11:15:00,83.34,
2018-08-15 11:30:00,113.98,
2018-08-15 11:45:00,69.7,
2018-08-15 12:00:00,70.45,
2018-08-15 12:15:00,6.91,
2018-08-15 12:30:00,7.81,
2018-08-15 12:45:00,7.02,
2018-08-15 13:00:00,7.13,
2018-08-15 13:15:00,46.12,
2018-08-15 13:30:00,107.35,
2018-08-15 13:45:00,67.68,
2018-08-15 14:00:00,103.32,
2018-08-15 14:15:00,108.68,
2018-08-15 14:30:00,66.35,
2018-08-15 14:45:00,99.76,
2018-08-15 15:00:00,92.27,
2018-08-15 15:15:00,72.32,
2018-08-15 15:30:00,49.61,
2018-08-15 15:45:00,78.05,
2018-08-15 16:00:00,99.68,
2018-08-15 16:15:00,99.0,
2018-08-15 16:30:00,78.19,
2018-08-15 16:45:00,71.42,
2018-08-15 17:00:00,18.86,
2018-08-15 17:15:00,5.4,
2018-08-15 17:30:00,3.96,
2018-08-15 17:45:00,3.85,
2018-08-15 18:00:00,3.38,
2018-08-15 18:15:00,2.99,
2018-08-15 18:30:00,2.81,
2018-08-15 18:45:00,2.99,
2018-08-15 19:00:00,3.2,
2018-08-15 19:15:00,3.17,
2018-08-15 19:30:00,3.1,
2018-08-15 19:45:00,3.13,
2018-08-15 20:00:00,3.13,
2018-08-15 20:15:00,3.17,
2018-08-15 20:30:00,3.28,
2018-08-15 20:45:00,3.13,
2018-08-15 21:00:00,3.2,
2018-08-15 21:15:00,3.2,
2018-08-15 21:30:00,3.28,
2018-08-15 21:45:00,3.24,
2018-08-15 22:00:00,3.28,
2018-08-15 22:15:00,3.56,
2018-08-15 22:30:00,3.1,
2018-08-15 22:45:00,2.81,
2018-08-15 23:00:00,2.84,
2018-08-15 23:15:00,3.38,
2018-08-15 23:30:00,3.1,
2018-08-15 23:45:00,2.81,
2018-08-16 00:00:00,2.77,
2018-08-16 00:15:00,2.84,
2018-08-16 00:30:00,2.81,
2018-08-16 00:45:00,2.7,
2018-08-16 01:00:00,2.66,
2018-08-16 01:15:00,2.74,
2018-08-16 01:30:00,2.7,
2018-08-16 01:45:00,2.7,
2018-08-16 02:00:00,2.63,
2018-08-16 02:15:00,2.66,
2018-08-16 02:30:00,2.66,
2018-08-16 02:45:00,2.95,
2018-08-16 03:00:00,3.31,
2018-08-16 03:15:00,2.74,
2018-08-16 03:30:00,2.74,
2018-08-16 03:45:00,2.66,
2018-08-16 04:00:00,2.74,
2018-08-16 04:15:00,2.66,
2018-08-16 04:30:00,2.81,
2018-08-16 04:45:00,2.7,
2018-08-16 05:00:00,2.81,
2018-08-16 05:15:00,3.31,
2018-08-16 05:30:00,2.81,
2018-08-16 05:45:00,2.77,
2018-08-16 06:00:00,2.7,
2018-08-16 06:15:00,2.74,
2018-08-16 06:30:00,2.7,
2018-08-16 06:45:00,2.74,
2018-08-16 07:00:00,2.7,
2018-08-16 07:15:00,2.63,
2018-08-16 07:30:00,3.49,
2018-08-16 07:45:00,4.1,
2018-08-16 08:00:00,5.18,
2018-08-16 08:15:00,69.08,
2018-08-16 08:30:00,78.05,
2018-08-16 08:45:00,89.89,
2018-08-16 09:00:00,111.89,
2018-08-16 09:15:00,80.03,
2018-08-16 09:30:00,98.53,
2018-08-16 09:45:00,116.6,
2018-08-16 10:00:00,80.21,
2018-08-16 10:15:00,103.03,
2018-08-16 10:30:00,105.62,
2018-08-16 10:45:00,70.27,
2018-08-16 11:00:00,40.0,
2018-08-16 11:15:00,58.03,
2018-08-16 11:30:00,53.75,
2018-08-16 11:45:00,47.16,
2018-08-16 12:00:00,36.97,
2018-08-16 12:15:00,4.93,
2018-08-16 12:30:00,4.64,
2018-08-16 12:45:00,4.64,
2018-08-16 13:00:00,4.61,
2018-08-16 13:15:00,32.51,
2018-08-16 13:30:00,108.68,
2018-08-16 13:45:00,100.51,
2018-08-16 14:00:00,57.89,
2018-08-16 14:15:00,51.44,
2018-08-16 14:30:00,46.33,
2018-08-16 14:45:00,43.85,
2018-08-16 15:00:00,44.14,
2018-08-16 15:15:00,65.41,
2018-08-16 15:30:00,45.18,
2018-08-16 15:45:00,55.84,
2018-08-16 16:00:00,44.32,
2018-08-16 16:15:00,41.4,
2018-08-16 16:30:00,45.47,
2018-08-16 16:45:00,53.14,
2018-08-16 17:00:00,43.31,
2018-08-16 17:15:00,55.22,
2018-08-16 17:30:00,57.42,
2018-08-16 17:45:00,27.79,
2018-08-16 18:00:00,28.08,
2018-08-16 18:15:00,33.16,
2018-08-16 18:30:00,48.89,
2018-08-16 18:45:00,50.8,
2018-08-16 19:00:00,58.68,
2018-08-16 19:15:00,43.56,
2018-08-16 19:30:00,60.37,
2018-08-16 19:45:00,39.56,
2018-08-16 20:00:00,47.45,
2018-08-16 20:15:00,54.61,
2018-08-16 20:30:00,48.67,
2018-08-16 20:45:00,37.55,
2018-08-16 21:00:00,13.36,
2018-08-16 21:15:00,5.15,
2018-08-16 21:30:00,3.85,
2018-08-16 21:45:00,3.64,
2018-08-16 22:00:00,3.6,
2018-08-16 22:15:00,3.6,
2018-08-16 22:30:00,3.49,
2018-08-16 22:45:00,3.49,
2018-08-16 23:00:00,3.31,
2018-08-16 23:15:00,3.13,
2018-08-16 23:30:00,2.74,
2018-08-16 23:45:00,2.74,
2018-08-17 00:00:00,3.13,
2018-08-17 00:15:00,2.77,
2018-08-17 00:30:00,2.84,
2018-08-17 00:45:00,2.81,
2018-08-17 01:00:00,2.77,
2018-08-17 01:15:00,2.81,
2018-08-17 01:30:00,2.77,
2018-08-17 01:45:00,2.77,
2018-08-17 02:00:00,2.74,
2018-08-17 02:15:00,2.77,
2018-08-17 02:30:00,2.74,
2018-08-17 02:45:00,2.77,
2018-08-17 03:00:00,3.28,
2018-08-17 03:15:00,3.06,
2018-08-17 03:30:00,2.77,
2018-08-17 03:45:00,2.77,
2018-08-17 04:00:00,2.77,
2018-08-17 04:15:00,2.99,
2018-08-17 04:30:00,3.46,
2018-08-17 04:45:00,3.24,
2018-08-17 05:00:00,2.77,
2018-08-17 05:15:00,2.81,
2018-08-17 05:30:00,2.81,
2018-08-17 05:45:00,2.77,
2018-08-17 06:00:00,2.74,
2018-08-17 06:15:00,2.81,
2018-08-17 06:30:00,2.77,
2018-08-17 06:45:00,2.77,
2018-08-17 07:00:00,2.7,
2018-08-17 07:15:00,3.28,
2018-08-17 07:30:00,2.99,
2018-08-17 07:45:00,3.1,
2018-08-17 08:00:00,3.17,
2018-08-17 08:15:00,33.84,
2018-08-17 08:30:00,40.72,
2018-08-17 08:45:00,64.94,
2018-08-17 09:00:00,50.22,
2018-08-17 09:15:00,45.86,
2018-08-17 09:30:00,40.5,
2018-08-17 09:45:00,45.65,
2018-08-17 10:00:00,42.12,
2018-08-17 10:15:00,46.08,
2018-08-17 10:30:00,42.01,
2018-08-17 10:45:00,44.53,
2018-08-17 11:00:00,43.49,
2018-08-17 11:15:00,41.4,
2018-08-17 11:30:00,63.0,
2018-08-17 11:45:00,45.07,
2018-08-17 12:00:00,36.25,
2018-08-17 12:15:00,4.07,
2018-08-17 12:30:00,4.86,
2018-08-17 12:45:00,5.26,
2018-08-17 13:00:00,5.11,
2018-08-17 13:15:00,28.12,
2018-08-17 13:30:00,81.14,
2018-08-17 13:45:00,86.62,
2018-08-17 14:00:00,91.19,
2018-08-17 14:15:00,77.65,
2018-08-17 14:30:00,65.45,
2018-08-17 14:45:00,91.37,
2018-08-17 15:00:00,82.01,
2018-08-17 15:15:00,75.6,
2018-08-17 15:30:00,71.46,
2018-08-17 15:45:00,58.61,
2018-08-17 16:00:00,59.08,
2018-08-17 16:15:00,89.06,
2018-08-17 16:30:00,85.14,
2018-08-17 16:45:00,109.73,
2018-08-17 17:00:00,118.76,
2018-08-17 17:15:00,64.3,
2018-08-17 17:30:00,40.28,
2018-08-17 17:45:00,30.06,
2018-08-17 18:00:00,30.6,
2018-08-17 18:15:00,43.52,
2018-08-17 18:30:00,51.41,
2018-08-17 18:45:00,49.03,
2018-08-17 19:00:00,51.95,
2018-08-17 19:15:00,67.61,
2018-08-17 19:30:00,60.62,
2018-08-17 19:45:00,42.95,
2018-08-17 20:00:00,41.94,
2018-08-17 20:15:00,45.86,
2018-08-17 20:30:00,48.31,
2018-08-17 20:45:00,92.59,
2018-08-17 21:00:00,51.26,
2018-08-17 21:15:00,11.09,
2018-08-17 21:30:00,4.46,
2018-08-17 21:45:00,3.74,
2018-08-17 22:00:00,3.6,
2018-08-17 22:15:00,3.49,
2018-08-17 22:30:00,3.35,
2018-08-17 22:45:00,3.28,
2018-08-17 23:00:00,2.63,
2018-08-17 23:15:00,2.63,
2018-08-17 23:30:00,2.56,
2018-08-17 23:45:00,2.63,
2018-08-18 00:00:00,2.56,
2018-08-18 00:15:00,2.92,
2018-08-18 00:30:00,2.59,
2018-08-18 00:45:00,2.66,
2018-08-18 01:00:00,2.63,
2018-08-18 01:15:00,2.66,
2018-08-18 01:30:00,2.63,
2018-08-18 01:45:00,2.66,
2018-08-18 02:00:00,2.7,
2018-08-18 02:15:00,2.63,
2018-08-18 02:30:00,2.63,
2018-08-18 02:45:00,2.7,
2018-08-18 03:00:00,2.95,
2018-08-18 03:15:00,2.88,
2018-08-18 03:30:00,2.52,
2018-08-18 03:45:00,2.48,
2018-08-18 04:00:00,2.52,
2018-08-18 04:15:00,2.59,
2018-08-18 04:30:00,2.56,
2018-08-18 04:45:00,2.52,
2018-08-18 05:00:00,2.52,
2018-08-18 05:15:00,2.56,
2018-08-18 05:30:00,2.48,
2018-08-18 05:45:00,2.56,
2018-08-18 06:00:00,2.88,
2018-08-18 06:15:00,2.88,
2018-08-18 06:30:00,2.52,
2018-08-18 06:45:00,2.81,
2018-08-18 07:00:00,3.06,
2018-08-18 07:15:00,2.66,
2018-08-18 07:30:00,2.81,
2018-08-18 07:45:00,7.88,
2018-08-18 08:00:00,26.93,
2018-08-18 08:15:00,81.43,
2018-08-18 08:30:00,110.7,
2018-08-18 08:45:00,73.91,
2018-08-18 09:00:00,79.92,
2018-08-18 09:15:00,85.68,
2018-08-18 09:30:00,75.6,
2018-08-18 09:45:00,64.26,
2018-08-18 10:00:00,80.96,
2018-08-18 10:15:00,109.12,
2018-08-18 10:30:00,82.98,
2018-08-18 10:45:00,72.07,
2018-08-18 11:00:00,115.38,
2018-08-18 11:15:00,47.09,
2018-08-18 11:30:00,45.79,
2018-08-18 11:45:00,38.56,
2018-08-18 12:00:00,26.57,
2018-08-18 12:15:00,3.67,
2018-08-18 12:30:00,3.56,
2018-08-18 12:45:00,4.25,
2018-08-18 13:00:00,4.32,
2018-08-18 13:15:00,26.89,
2018-08-18 13:30:00,44.28,
2018-08-18 13:45:00,46.55,
2018-08-18 14:00:00,52.16,
2018-08-18 14:15:00,48.71,
2018-08-18 14:30:00,50.87,
2018-08-18 14:45:00,47.77,
2018-08-18 15:00:00,43.2,
2018-08-18 15:15:00,46.08,
2018-08-18 15:30:00,52.02,
2018-08-18 15:45:00,67.1,
2018-08-18 16:00:00,81.5,
2018-08-18 16:15:00,76.36,
2018-08-18 16:30:00,89.71,
2018-08-18 16:45:00,74.38,
2018-08-18 17:00:00,20.74,
2018-08-18 17:15:00,7.74,
2018-08-18 17:30:00,3.82,
2018-08-18 17:45:00,3.38,
2018-08-18 18:00:00,3.35,
2018-08-18 18:15:00,3.31,
2018-08-18 18:30:00,3.24,
2018-08-18 18:45:00,3.38,
2018-08-18 19:00:00,3.38,
2018-08-18 19:15:00,2.77,
2018-08-18 19:30:00,2.74,
2018-08-18 19:45:00,2.77,
2018-08-18 20:00:00,2.77,
2018-08-18 20:15:00,2.84,
2018-08-18 20:30:00,2.84,
2018-08-18 20:45:00,2.81,
2018-08-18 21:00:00,2.77,
2018-08-18 21:15:00,2.81,
2018-08-18 21:30:00,2.84,
2018-08-18 21:45:00,2.92,
2018-08-18 22:00:00,3.28,
2018-08-18 22:15:00,3.13,
2018-08-18 22:30:00,2.59,
2018-08-18 22:45:00,2.66,
2018-08-18 23:00:00,2.63,
2018-08-18 23:15:00,2.99,
2018-08-18 23:30:00,3.1,
2018-08-18 23:45:00,2.63,
2018-08-19 00:00:00,2.66,
2018-08-19 00:15:00,2.63,
2018-08-19 00:30:00,2.59,
2018-08-19 00:45:00,2.59,
2018-08-19 01:00:00,2.66,
2018-08-19 01:15:00,2.59,
2018-08-19 01:30:00,2.63,
2018-08-19 01:45:00,2.59,
2018-08-19 02:00:00,2.63,
2018-08-19 02:15:00,2.74,
2018-08-19 02:30:00,2.74,
2018-08-19 02:45:00,2.66,
2018-08-19 03:00:00,3.24,
2018-08-19 03:15:00,2.84,
2018-08-19 03:30:00,2.74,
2018-08-19 03:45:00,2.7,
2018-08-19 04:00:00,2.7,
2018-08-19 04:15:00,3.02,
2018-08-19 04:30:00,2.99,
2018-08-19 04:45:00,2.74,
2018-08-19 05:00:00,2.7,
2018-08-19 05:15:00,2.63,
2018-08-19 05:30:00,2.63,
2018-08-19 05:45:00,2.7,
2018-08-19 06:00:00,2.63,
2018-08-19 06:15:00,2.63,
2018-08-19 06:30:00,2.63,
2018-08-19 06:45:00,2.66,
2018-08-19 07:00:00,2.66,
2018-08-19 07:15:00,2.66,
2018-08-19 07:30:00,2.59,
2018-08-19 07:45:00,2.59,
2018-08-19 08:00:00,3.06,
2018-08-19 08:15:00,3.42,
2018-08-19 08:30:00,2.95,
2018-08-19 08:45:00,2.63,
2018-08-19 09:00:00,2.81,
2018-08-19 09:15:00,2.84,
2018-08-19 09:30:00,2.81,
2018-08-19 09:45:00,3.2,
2018-08-19 10:00:00,3.56,
2018-08-19 10:15:00,3.64,
2018-08-19 10:30:00,3.67,
2018-08-19 10:45:00,3.6,
2018-08-19 11:00:00,4.14,
2018-08-19 11:15:00,3.78,
2018-08-19 11:30:00,3.92,
2018-08-19 11:45:00,3.92,
2018-08-19 12:00:00,3.78,
2018-08-19 12:15:00,3.96,
2018-08-19 12:30:00,4.03,
2018-08-19 12:45:00,3.82,
2018-08-19 13:00:00,4.21,
2018-08-19 13:15:00,4.32,
2018-08-19 13:30:00,3.89,
2018-08-19 13:45:00,4.0,
2018-08-19 14:00:00,4.14,
2018-08-19 14:15:00,3.49,
2018-08-19 14:30:00,2.84,
2018-08-19 14:45:00,2.77,
2018-08-19 15:00:00,2.74,
2018-08-19 15:15:00,2.77,
2018-08-19 15:30:00,2.81,
2018-08-19 15:45:00,2.81,
2018-08-19 16:00:00,2.77,
2018-08-19 16:15:00,2.88,
2018-08-19 16:30:00,3.35,
2018-08-19 16:45:00,3.17,
2018-08-19 17:00:00,2.81,
2018-08-19 17:15:00,2.74,
2018-08-19 17:30:00,2.77,
2018-08-19 17:45:00,2.7,
2018-08-19 18:00:00,2.74,
2018-08-19 18:15:00,2.66,
2018-08-19 18:30:00,2.63,
2018-08-19 18:45:00,2.66,
2018-08-19 19:00:00,2.7,
2018-08-19 19:15:00,2.77,
2018-08-19 19:30:00,2.81,
2018-08-19 19:45:00,2.74,
2018-08-19 20:00:00,2.92,
2018-08-19 20:15:00,3.35,
2018-08-19 20:30:00,3.24,
2018-08-19 20:45:00,3.2,
2018-08-19 21:00:00,2.84,
2018-08-19 21:15:00,2.81,
2018-08-19 21:30:00,2.81,
2018-08-19 21:45:00,2.88,
2018-08-19 22:00:00,2.88,
2018-08-19 22:15:00,2.74,
2018-08-19 22:30:00,2.63,
2018-08-19 22:45:00,2.66,
2018-08-19 23:00:00,2.7,
2018-08-19 23:15:00,2.63,
2018-08-19 23:30:00,2.66,
2018-08-19 23:45:00,2.63,
2018-08-20 00:00:00,2.56,
2018-08-20 00:15:00,2.66,
2018-08-20 00:30:00,2.66,
2018-08-20 00:45:00,2.95,
2018-08-20 01:00:00,4.03,
2018-08-20 01:15:00,3.06,
2018-08-20 01:30:00,2.66,
2018-08-20 01:45:00,2.7,
2018-08-20 02:00:00,2.66,
2018-08-20 02:15:00,2.7,
2018-08-20 02:30:00,2.7,
2018-08-20 02:45:00,2.74,
2018-08-20 03:00:00,2.66,
2018-08-20 03:15:00,2.66,
2018-08-20 03:30:00,2.66,
2018-08-20 03:45:00,2.66,
2018-08-20 04:00:00,2.7,
2018-08-20 04:15:00,2.7,
2018-08-20 04:30:00,2.63,
2018-08-20 04:45:00,2.7,
2018-08-20 05:00:00,3.1,
2018-08-20 05:15:00,2.99,
2018-08-20 05:30:00,2.59,
2018-08-20 05:45:00,2.59,
2018-08-20 06:00:00,2.63,
2018-08-20 06:15:00,2.63,
2018-08-20 06:30:00,2.63,
2018-08-20 06:45:00,3.1,
2018-08-20 07:00:00,2.95,
2018-08-20 07:15:00,2.74,
2018-08-20 07:30:00,3.02,
2018-08-20 07:45:00,3.38,
2018-08-20 08:00:00,4.0,
2018-08-20 08:15:00,72.9,
2018-08-20 08:30:00,59.04,
2018-08-20 08:45:00,107.68,
2018-08-20 09:00:00,127.66,
2018-08-20 09:15:00,96.55,
2018-08-20 09:30:00,60.3,
2018-08-20 09:45:00,111.31,
2018-08-20 10:00:00,115.56,
2018-08-20 10:15:00,105.01,
2018-08-20 10:30:00,55.98,
2018-08-20 10:45:00,101.2,
2018-08-20 11:00:00,133.7,
2018-08-20 11:15:00,118.12,
2018-08-20 11:30:00,75.2,
2018-08-20 11:45:00,54.83,
2018-08-20 12:00:00,37.48,
2018-08-20 12:15:00,14.11,
2018-08-20 12:30:00,5.62,
2018-08-20 12:45:00,5.47,
2018-08-20 13:00:00,5.22,
2018-08-20 13:15:00,44.17,
2018-08-20 13:30:00,58.75,
2018-08-20 13:45:00,54.54,
2018-08-20 14:00:00,48.64,
2018-08-20 14:15:00,45.32,
2018-08-20 14:30:00,45.65,
2018-08-20 14:45:00,55.51,
2018-08-20 15:00:00,51.3,
2018-08-20 15:15:00,53.06,
2018-08-20 15:30:00,65.7,
2018-08-20 15:45:00,55.01,
2018-08-20 16:00:00,56.38,
2018-08-20 16:15:00,62.14,
2018-08-20 16:30:00,97.42,
2018-08-20 16:45:00,103.36,
2018-08-20 17:00:00,101.48,
2018-08-20 17:15:00,92.41,
2018-08-20 17:30:00,114.12,
2018-08-20 17:45:00,34.31,
2018-08-20 18:00:00,28.94,
2018-08-20 18:15:00,35.5,
2018-08-20 18:30:00,47.41,
2018-08-20 18:45:00,52.96,
2018-08-20 19:00:00,45.36,
2018-08-20 19:15:00,45.72,
2018-08-20 19:30:00,54.25,
2018-08-20 19:45:00,46.58,
2018-08-20 20:00:00,41.18,
2018-08-20 20:15:00,62.75,
2018-08-20 20:30:00,49.79,
2018-08-20 20:45:00,40.86,
2018-08-20 21:00:00,13.54,
2018-08-20 21:15:00,6.37,
2018-08-20 21:30:00,3.74,
2018-08-20 21:45:00,3.53,
2018-08-20 22:00:00,3.56,
2018-08-20 22:15:00,3.38,
2018-08-20 22:30:00,3.31,
2018-08-20 22:45:00,2.77,
2018-08-20 23:00:00,2.63,
2018-08-20 23:15:00,2.56,
2018-08-20 23:30:00,2.59,
2018-08-20 23:45:00,2.52,
2018-08-21 00:00:00,2.56,
2018-08-21 00:15:00,2.52,
2018-08-21 00:30:00,2.74,
2018-08-21 00:45:00,3.2,
2018-08-21 01:00:00,2.74,
2018-08-21 01:15:00,2.66,
2018-08-21 01:30:00,2.7,
2018-08-21 01:45:00,2.7,
2018-08-21 02:00:00,2.74,
2018-08-21 02:15:00,2.77,
2018-08-21 02:30:00,3.35,
2018-08-21 02:45:00,2.88,
2018-08-21 03:00:00,2.74,
2018-08-21 03:15:00,2.77,
2018-08-21 03:30:00,2.7,
2018-08-21 03:45:00,2.74,
2018-08-21 04:00:00,2.81,
2018-08-21 04:15:00,2.7,
2018-08-21 04:30:00,2.74,
2018-08-21 04:45:00,2.81,
2018-08-21 05:00:00,3.28,
2018-08-21 05:15:00,2.77,
2018-08-21 05:30:00,2.7,
2018-08-21 05:45:00,2.74,
2018-08-21 06:00:00,2.63,
2018-08-21 06:15:00,2.63,
2018-08-21 06:30:00,2.63,
2018-08-21 06:45:00,2.88,
2018-08-21 07:00:00,2.95,
2018-08-21 07:15:00,3.24,
2018-08-21 07:30:00,2.84,
2018-08-21 07:45:00,3.17,
2018-08-21 08:00:00,4.1,
2018-08-21 08:15:00,67.46,
2018-08-21 08:30:00,69.77,
2018-08-21 08:45:00,53.42,
2018-08-21 09:00:00,49.79,
2018-08-21 09:15:00,58.43,
2018-08-21 09:30:00,55.44,
2018-08-21 09:45:00,56.84,
2018-08-21 10:00:00,75.78,
2018-08-21 10:15:00,48.1,
2018-08-21 10:30:00,48.56,
2018-08-21 10:45:00,52.81,
2018-08-21 11:00:00,65.45,
2018-08-21 11:15:00,60.8,
2018-08-21 11:30:00,44.21,
2018-08-21 11:45:00,41.4,
2018-08-21 12:00:00,33.77,
2018-08-21 12:15:00,4.14,
2018-08-21 12:30:00,5.47,
2018-08-21 12:45:00,5.47,
2018-08-21 13:00:00,5.29,
2018-08-21 13:15:00,39.82,
2018-08-21 13:30:00,48.02,
2018-08-21 13:45:00,40.82,
2018-08-21 14:00:00,39.17,
2018-08-21 14:15:00,42.91,
2018-08-21 14:30:00,46.4,
2018-08-21 14:45:00,52.42,
2018-08-21 15:00:00,57.64,
2018-08-21 15:15:00,56.88,
2018-08-21 15:30:00,51.23,
2018-08-21 15:45:00,49.86,
2018-08-21 16:00:00,51.08,
2018-08-21 16:15:00,50.58,
2018-08-21 16:30:00,57.64,
2018-08-21 16:45:00,57.28,
2018-08-21 17:00:00,50.87,
2018-08-21 17:15:00,56.48,
2018-08-21 17:30:00,38.74,
2018-08-21 17:45:00,30.38,
2018-08-21 18:00:00,29.02,
2018-08-21 18:15:00,33.01,
2018-08-21 18:30:00,54.86,
2018-08-21 18:45:00,54.76,
2018-08-21 19:00:00,48.71,
2018-08-21 19:15:00,56.27,
2018-08-21 19:30:00,53.93,
2018-08-21 19:45:00,50.4,
2018-08-21 20:00:00,55.87,
2018-08-21 20:15:00,54.9,
2018-08-21 20:30:00,56.09,
2018-08-21 20:45:00,57.31,
2018-08-21 21:00:00,34.06,
2018-08-21 21:15:00,4.54,
2018-08-21 21:30:00,3.82,
2018-08-21 21:45:00,3.49,
2018-08-21 22:00:00,3.38,
2018-08-21 22:15:00,3.64,
2018-08-21 22:30:00,3.89,
2018-08-21 22:45:00,3.24,
2018-08-21 23:00:00,2.77,
2018-08-21 23:15:00,2.56,
2018-08-21 23:30:00,2.59,
2018-08-21 23:45:00,2.56,
2018-08-22 00:00:00,2.92,
2018-08-22 00:15:00,2.59,
2018-08-22 00:30:00,2.74,
2018-08-22 00:45:00,2.63,
2018-08-22 01:00:00,2.59,
2018-08-22 01:15:00,2.59,
2018-08-22 01:30:00,2.63,
2018-08-22 01:45:00,2.59,
2018-08-22 02:00:00,2.66,
2018-08-22 02:15:00,2.63,
2018-08-22 02:30:00,2.56,
2018-08-22 02:45:00,2.59,
2018-08-22 03:00:00,2.95,
2018-08-22 03:15:00,3.17,
2018-08-22 03:30:00,2.95,
2018-08-22 03:45:00,3.1,
2018-08-22 04:00:00,2.59,
2018-08-22 04:15:00,2.63,
2018-08-22 04:30:00,2.59,
2018-08-22 04:45:00,2.56,
2018-08-22 05:00:00,2.66,
2018-08-22 05:15:00,2.63,
2018-08-22 05:30:00,2.63,
2018-08-22 05:45:00,2.63,
2018-08-22 06:00:00,2.56,
2018-08-22 06:15:00,2.59,
2018-08-22 06:30:00,2.59,
2018-08-22 06:45:00,2.59,
2018-08-22 07:00:00,2.52,
2018-08-22 07:15:00,2.59,
2018-08-22 07:30:00,3.46,
2018-08-22 07:45:00,3.96,
2018-08-22 08:00:00,4.03,
2018-08-22 08:15:00,44.57,
2018-08-22 08:30:00,48.35,
2018-08-22 08:45:00,59.04,
2018-08-22 09:00:00,51.41,
2018-08-22 09:15:00,48.28,
2018-08-22 09:30:00,68.33,
2018-08-22 09:45:00,60.01,
2018-08-22 10:00:00,61.74,
2018-08-22 10:15:00,42.05,
2018-08-22 10:30:00,48.67,
2018-08-22 10:45:00,60.62,
2018-08-22 11:00:00,57.82,
2018-08-22 11:15:00,62.03,
2018-08-22 11:30:00,59.11,
2018-08-22 11:45:00,51.44,
2018-08-22 12:00:00,40.93,
2018-08-22 12:15:00,4.03,
2018-08-22 12:30:00,4.36,
2018-08-22 12:45:00,4.46,
2018-08-22 13:00:00,4.36,
2018-08-22 13:15:00,32.15,
2018-08-22 13:30:00,55.48,
2018-08-22 13:45:00,57.24,
2018-08-22 14:00:00,51.84,
2018-08-22 14:15:00,68.76,
2018-08-22 14:30:00,60.73,
2018-08-22 14:45:00,60.7,
2018-08-22 15:00:00,46.22,
2018-08-22 15:15:00,55.66,
2018-08-22 15:30:00,47.59,
2018-08-22 15:45:00,61.6,
2018-08-22 16:00:00,53.28,
2018-08-22 16:15:00,56.05,
2018-08-22 16:30:00,58.75,
2018-08-22 16:45:00,51.48,
2018-08-22 17:00:00,56.2,
2018-08-22 17:15:00,45.18,
2018-08-22 17:30:00,62.17,
2018-08-22 17:45:00,34.16,
2018-08-22 18:00:00,15.05,
2018-08-22 18:15:00,5.4,
2018-08-22 18:30:00,3.92,
2018-08-22 18:45:00,3.49,
2018-08-22 19:00:00,3.38,
2018-08-22 19:15:00,3.46,
2018-08-22 19:30:00,3.42,
2018-08-22 19:45:00,2.81,
2018-08-22 20:00:00,2.88,
2018-08-22 20:15:00,2.88,
2018-08-22 20:30:00,2.88,
2018-08-22 20:45:00,2.88,
2018-08-22 21:00:00,2.92,
2018-08-22 21:15:00,2.92,
2018-08-22 21:30:00,3.02,
2018-08-22 21:45:00,2.95,
2018-08-22 22:00:00,2.95,
2018-08-22 22:15:00,2.88,
2018-08-22 22:30:00,2.81,
2018-08-22 22:45:00,2.81,
2018-08-22 23:00:00,2.81,
2018-08-22 23:15:00,2.81,
2018-08-22 23:30:00,3.2,
2018-08-22 23:45:00,2.99,
2018-08-23 00:00:00,2.92,
2018-08-23 00:15:00,3.46,
2018-08-23 00:30:00,2.92,
2018-08-23 00:45:00,2.99,
2018-08-23 01:00:00,2.92,
2018-08-23 01:15:00,2.92,
2018-08-23 01:30:00,2.92,
2018-08-23 01:45:00,3.17,
2018-08-23 02:00:00,3.02,
2018-08-23 02:15:00,3.13,
2018-08-23 02:30:00,3.28,
2018-08-23 02:45:00,3.2,
2018-08-23 03:00:00,5.62,
2018-08-23 03:15:00,4.46,
2018-08-23 03:30:00,4.0,
2018-08-23 03:45:00,4.07,
2018-08-23 04:00:00,5.0,
2018-08-23 04:15:00,5.18,
2018-08-23 04:30:00,3.96,
2018-08-23 04:45:00,3.64,
2018-08-23 05:00:00,3.17,
2018-08-23 05:15:00,3.13,
2018-08-23 05:30:00,3.17,
2018-08-23 05:45:00,3.2,
2018-08-23 06:00:00,3.13,
2018-08-23 06:15:00,3.17,
2018-08-23 06:30:00,3.17,
2018-08-23 06:45:00,3.13,
2018-08-23 07:00:00,3.06,
2018-08-23 07:15:00,3.06,
2018-08-23 07:30:00,3.24,
2018-08-23 07:45:00,3.78,
2018-08-23 08:00:00,4.5,
2018-08-23 08:15:00,41.0,
2018-08-23 08:30:00,66.06,
2018-08-23 08:45:00,59.47,
2018-08-23 09:00:00,57.31,
2018-08-23 09:15:00,49.54,
2018-08-23 09:30:00,65.45,
2018-08-23 09:45:00,52.67,
2018-08-23 10:00:00,79.13,
2018-08-23 10:15:00,68.26,
2018-08-23 10:30:00,59.04,
2018-08-23 10:45:00,63.9,
2018-08-23 11:00:00,78.77,
2018-08-23 11:15:00,71.32,
2018-08-23 11:30:00,71.68,
2018-08-23 11:45:00,69.01,
2018-08-23 12:00:00,62.06,
2018-08-23 12:15:00,15.3,
2018-08-23 12:30:00,29.23,
2018-08-23 12:45:00,28.44,
2018-08-23 13:00:00,28.94,
2018-08-23 13:15:00,38.88,
2018-08-23 13:30:00,45.97,
2018-08-23 13:45:00,41.26,
2018-08-23 14:00:00,39.82,
2018-08-23 14:15:00,40.07,
2018-08-23 14:30:00,40.07,
2018-08-23 14:45:00,42.62,
2018-08-23 15:00:00,42.08,
2018-08-23 15:15:00,41.47,
2018-08-23 15:30:00,45.4,
2018-08-23 15:45:00,45.79,
2018-08-23 16:00:00,50.65,
2018-08-23 16:15:00,51.95,
2018-08-23 16:30:00,49.46,
2018-08-23 16:45:00,53.28,
2018-08-23 17:00:00,53.57,
2018-08-23 17:15:00,48.49,
2018-08-23 17:30:00,41.04,
2018-08-23 17:45:00,31.54,
2018-08-23 18:00:00,31.68,
2018-08-23 18:15:00,37.12,
2018-08-23 18:30:00,39.96,
2018-08-23 18:45:00,43.24,
2018-08-23 19:00:00,41.04,
2018-08-23 19:15:00,40.43,
2018-08-23 19:30:00,45.54,
2018-08-23 19:45:00,41.15,
2018-08-23 20:00:00,48.74,
2018-08-23 20:15:00,49.82,
2018-08-23 20:30:00,54.36,
2018-08-23 20:45:00,41.69,
2018-08-23 21:00:00,22.36,
2018-08-23 21:15:00,6.55,
2018-08-23 21:30:00,3.89,
2018-08-23 21:45:00,3.78,
2018-08-23 22:00:00,3.78,
2018-08-23 22:15:00,3.67,
2018-08-23 22:30:00,4.72,
2018-08-23 22:45:00,3.74,
2018-08-23 23:00:00,3.38,
2018-08-23 23:15:00,2.92,
2018-08-23 23:30:00,2.88,
2018-08-23 23:45:00,2.92,
2018-08-24 00:00:00,2.81,
2018-08-24 00:15:00,2.92,
2018-08-24 00:30:00,2.95,
2018-08-24 00:45:00,2.92,
2018-08-24 01:00:00,2.92,
2018-08-24 01:15:00,2.92,
2018-08-24 01:30:00,2.92,
2018-08-24 01:45:00,2.92,
2018-08-24 02:00:00,2.95,
2018-08-24 02:15:00,2.88,
2018-08-24 02:30:00,2.95,
2018-08-24 02:45:00,2.88,
2018-08-24 03:00:00,2.95,
2018-08-24 03:15:00,3.13,
2018-08-24 03:30:00,3.78,
2018-08-24 03:45:00,3.78,
2018-08-24 04:00:00,3.24,
2018-08-24 04:15:00,2.92,
2018-08-24 04:30:00,2.95,
2018-08-24 04:45:00,2.92,
2018-08-24 05:00:00,3.02,
2018-08-24 05:15:00,2.88,
2018-08-24 05:30:00,2.88,
2018-08-24 05:45:00,2.92,
2018-08-24 06:00:00,2.92,
2018-08-24 06:15:00,2.88,
2018-08-24 06:30:00,2.92,
2018-08-24 06:45:00,2.84,
2018-08-24 07:00:00,2.84,
2018-08-24 07:15:00,2.88,
2018-08-24 07:30:00,3.71,
2018-08-24 07:45:00,4.03,
2018-08-24 08:00:00,3.82,
2018-08-24 08:15:00,38.59,
2018-08-24 08:30:00,58.46,
2018-08-24 08:45:00,64.44,
2018-08-24 09:00:00,62.32,
2018-08-24 09:15:00,55.76,
2018-08-24 09:30:00,51.41,
2018-08-24 09:45:00,68.58,
2018-08-24 10:00:00,60.62,
2018-08-24 10:15:00,61.2,
2018-08-24 10:30:00,53.39,
2018-08-24 10:45:00,55.4,
2018-08-24 11:00:00,51.7,
2018-08-24 11:15:00,64.48,
2018-08-24 11:30:00,58.25,
2018-08-24 11:45:00,57.82,
2018-08-24 12:00:00,45.11,
2018-08-24 12:15:00,4.68,
2018-08-24 12:30:00,4.5,
2018-08-24 12:45:00,4.5,
2018-08-24 13:00:00,4.5,
2018-08-24 13:15:00,32.94,
2018-08-24 13:30:00,55.48,
2018-08-24 13:45:00,50.29,
2018-08-24 14:00:00,52.09,
2018-08-24 14:15:00,57.85,
2018-08-24 14:30:00,47.16,
2018-08-24 14:45:00,45.94,
2018-08-24 15:00:00,39.24,
2018-08-24 15:15:00,45.76,
2018-08-24 15:30:00,47.59,
2018-08-24 15:45:00,51.62,
2018-08-24 16:00:00,50.58,
2018-08-24 16:15:00,58.9,
2018-08-24 16:30:00,53.28,
2018-08-24 16:45:00,54.11,
2018-08-24 17:00:00,54.65,
2018-08-24 17:15:00,56.84,
2018-08-24 17:30:00,45.54,
2018-08-24 17:45:00,29.92,
2018-08-24 18:00:00,28.91,
2018-08-24 18:15:00,38.09,
2018-08-24 18:30:00,54.68,
2018-08-24 18:45:00,57.67,
2018-08-24 19:00:00,55.12,
2018-08-24 19:15:00,56.05,
2018-08-24 19:30:00,53.39,
2018-08-24 19:45:00,56.7,
2018-08-24 20:00:00,52.49,
2018-08-24 20:15:00,51.73,
2018-08-24 20:30:00,56.63,
2018-08-24 20:45:00,51.62,
2018-08-24 21:00:00,17.5,
2018-08-24 21:15:00,6.7,
2018-08-24 21:30:00,3.92,
2018-08-24 21:45:00,3.78,
2018-08-24 22:00:00,3.31,
2018-08-24 22:15:00,2.95,
2018-08-24 22:30:00,2.92,
2018-08-24 22:45:00,3.06,
2018-08-24 23:00:00,3.24,
2018-08-24 23:15:00,2.7,
2018-08-24 23:30:00,2.74,
2018-08-24 23:45:00,2.74,
2018-08-25 00:00:00,2.56,
2018-08-25 00:15:00,2.7,
2018-08-25 00:30:00,2.74,
2018-08-25 00:45:00,2.74,
2018-08-25 01:00:00,2.7,
2018-08-25 01:15:00,2.81,
2018-08-25 01:30:00,2.74,
2018-08-25 01:45:00,2.77,
2018-08-25 02:00:00,2.81,
2018-08-25 02:15:00,2.74,
2018-08-25 02:30:00,2.95,
2018-08-25 02:45:00,3.38,
2018-08-25 03:00:00,2.92,
2018-08-25 03:15:00,2.81,
2018-08-25 03:30:00,3.31,
2018-08-25 03:45:00,3.02,
2018-08-25 04:00:00,2.84,
2018-08-25 04:15:00,2.77,
2018-08-25 04:30:00,2.84,
2018-08-25 04:45:00,2.81,
2018-08-25 05:00:00,2.81,
2018-08-25 05:15:00,2.81,
2018-08-25 05:30:00,2.74,
2018-08-25 05:45:00,2.74,
2018-08-25 06:00:00,2.81,
2018-08-25 06:15:00,2.77,
2018-08-25 06:30:00,2.77,
2018-08-25 06:45:00,2.92,
2018-08-25 07:00:00,3.28,
2018-08-25 07:15:00,2.77,
2018-08-25 07:30:00,3.02,
2018-08-25 07:45:00,3.2,
2018-08-25 08:00:00,3.1,
2018-08-25 08:15:00,4.21,
2018-08-25 08:30:00,4.21,
2018-08-25 08:45:00,5.83,
2018-08-25 09:00:00,5.62,
2018-08-25 09:15:00,4.93,
2018-08-25 09:30:00,4.57,
2018-08-25 09:45:00,6.66,
2018-08-25 10:00:00,4.43,
2018-08-25 10:15:00,4.61,
2018-08-25 10:30:00,4.43,
2018-08-25 10:45:00,4.57,
2018-08-25 11:00:00,4.79,
2018-08-25 11:15:00,4.68,
2018-08-25 11:30:00,5.18,
2018-08-25 11:45:00,5.44,
2018-08-25 12:00:00,3.35,
2018-08-25 12:15:00,3.56,
2018-08-25 12:30:00,3.67,
2018-08-25 12:45:00,3.46,
2018-08-25 13:00:00,3.38,
2018-08-25 13:15:00,4.25,
2018-08-25 13:30:00,4.57,
2018-08-25 13:45:00,4.79,
2018-08-25 14:00:00,5.8,
2018-08-25 14:15:00,5.58,
2018-08-25 14:30:00,5.51,
2018-08-25 14:45:00,5.51,
2018-08-25 15:00:00,5.58,
2018-08-25 15:15:00,5.51,
2018-08-25 15:30:00,5.36,
2018-08-25 15:45:00,6.37,
2018-08-25 16:00:00,6.84,
2018-08-25 16:15:00,7.13,
2018-08-25 16:30:00,6.37,
2018-08-25 16:45:00,3.74,
2018-08-25 17:00:00,4.03,
2018-08-25 17:15:00,3.67,
2018-08-25 17:30:00,3.53,
2018-08-25 17:45:00,3.42,
2018-08-25 18:00:00,3.42,
2018-08-25 18:15:00,3.38,
2018-08-25 18:30:00,3.46,
2018-08-25 18:45:00,3.46,
2018-08-25 19:00:00,3.38,
2018-08-25 19:15:00,2.84,
2018-08-25 19:30:00,2.81,
2018-08-25 19:45:00,2.92,
2018-08-25 20:00:00,2.88,
2018-08-25 20:15:00,2.84,
2018-08-25 20:30:00,2.92,
2018-08-25 20:45:00,3.42,
2018-08-25 21:00:00,3.31,
2018-08-25 21:15:00,2.88,
2018-08-25 21:30:00,2.92,
2018-08-25 21:45:00,2.88,
2018-08-25 22:00:00,2.95,
2018-08-25 22:15:00,2.88,
2018-08-25 22:30:00,2.66,
2018-08-25 22:45:00,2.56,
2018-08-25 23:00:00,2.52,
2018-08-25 23:15:00,2.74,
2018-08-25 23:30:00,3.17,
2018-08-25 23:45:00,2.59,
2018-08-26 00:00:00,2.88,
2018-08-26 00:15:00,2.56,
2018-08-26 00:30:00,2.63,
2018-08-26 00:45:00,2.66,
2018-08-26 01:00:00,2.59,
2018-08-26 01:15:00,2.66,
2018-08-26 01:30:00,2.63,
2018-08-26 01:45:00,2.59,
2018-08-26 02:00:00,2.56,
2018-08-26 02:15:00,2.77,
2018-08-26 02:30:00,3.24,
2018-08-26 02:45:00,2.81,
2018-08-26 03:00:00,2.56,
2018-08-26 03:15:00,2.59,
2018-08-26 03:30:00,2.59,
2018-08-26 03:45:00,2.63,
2018-08-26 04:00:00,3.1,
2018-08-26 04:15:00,2.84,
2018-08-26 04:30:00,2.63,
2018-08-26 04:45:00,2.56,
2018-08-26 05:00:00,2.59,
2018-08-26 05:15:00,2.59,
2018-08-26 05:30:00,2.59,
2018-08-26 05:45:00,2.77,
2018-08-26 06:00:00,2.77,
2018-08-26 06:15:00,2.7,
2018-08-26 06:30:00,2.7,
2018-08-26 06:45:00,2.74,
2018-08-26 07:00:00,2.74,
2018-08-26 07:15:00,2.7,
2018-08-26 07:30:00,2.74,
2018-08-26 07:45:00,2.84,
2018-08-26 08:00:00,4.61,
2018-08-26 08:15:00,6.73,
2018-08-26 08:30:00,5.72,
2018-08-26 08:45:00,5.72,
2018-08-26 09:00:00,5.65,
2018-08-26 09:15:00,5.65,
2018-08-26 09:30:00,5.08,
2018-08-26 09:45:00,5.8,
2018-08-26 10:00:00,5.62,
2018-08-26 10:15:00,6.34,
2018-08-26 10:30:00,5.33,
2018-08-26 10:45:00,5.33,
2018-08-26 11:00:00,5.4,
2018-08-26 11:15:00,5.04,
2018-08-26 11:30:00,5.26,
2018-08-26 11:45:00,4.57,
2018-08-26 12:00:00,4.64,
2018-08-26 12:15:00,3.31,
2018-08-26 12:30:00,3.06,
2018-08-26 12:45:00,3.02,
2018-08-26 13:00:00,3.06,
2018-08-26 13:15:00,3.24,
2018-08-26 13:30:00,5.0,
2018-08-26 13:45:00,5.98,
2018-08-26 14:00:00,6.59,
2018-08-26 14:15:00,5.62,
2018-08-26 14:30:00,5.15,
2018-08-26 14:45:00,4.93,
2018-08-26 15:00:00,4.82,
2018-08-26 15:15:00,6.12,
2018-08-26 15:30:00,8.24,
2018-08-26 15:45:00,7.85,
2018-08-26 16:00:00,7.96,
2018-08-26 16:15:00,8.42,
2018-08-26 16:30:00,7.67,
2018-08-26 16:45:00,4.0,
2018-08-26 17:00:00,3.89,
2018-08-26 17:15:00,4.14,
2018-08-26 17:30:00,4.57,
2018-08-26 17:45:00,4.25,
2018-08-26 18:00:00,3.64,
2018-08-26 18:15:00,3.6,
2018-08-26 18:30:00,3.53,
2018-08-26 18:45:00,3.6,
2018-08-26 19:00:00,3.24,
2018-08-26 19:15:00,3.06,
2018-08-26 19:30:00,3.06,
2018-08-26 19:45:00,3.06,
2018-08-26 20:00:00,3.06,
2018-08-26 20:15:00,3.13,
2018-08-26 20:30:00,3.1,
2018-08-26 20:45:00,3.1,
2018-08-26 21:00:00,3.06,
2018-08-26 21:15:00,3.13,
2018-08-26 21:30:00,3.06,
2018-08-26 21:45:00,3.17,
2018-08-26 22:00:00,3.13,
2018-08-26 22:15:00,2.99,
2018-08-26 22:30:00,2.92,
2018-08-26 22:45:00,2.92,
2018-08-26 23:00:00,3.89,
2018-08-26 23:15:00,3.85,
2018-08-26 23:30:00,3.02,
2018-08-26 23:45:00,2.88,
2018-08-27 00:00:00,2.66,
2018-08-27 00:15:00,2.92,
2018-08-27 00:30:00,2.95,
2018-08-27 00:45:00,3.02,
2018-08-27 01:00:00,2.99,
2018-08-27 01:15:00,2.92,
2018-08-27 01:30:00,2.95,
2018-08-27 01:45:00,2.95,
2018-08-27 02:00:00,2.95,
2018-08-27 02:15:00,2.99,
2018-08-27 02:30:00,2.92,
2018-08-27 02:45:00,3.17,
2018-08-27 03:00:00,3.53,
2018-08-27 03:15:00,2.92,
2018-08-27 03:30:00,2.92,
2018-08-27 03:45:00,2.92,
2018-08-27 04:00:00,2.95,
2018-08-27 04:15:00,2.95,
2018-08-27 04:30:00,2.92,
2018-08-27 04:45:00,2.88,
2018-08-27 05:00:00,2.88,
2018-08-27 05:15:00,3.1,
2018-08-27 05:30:00,3.49,
2018-08-27 05:45:00,2.88,
2018-08-27 06:00:00,2.84,
2018-08-27 06:15:00,2.88,
2018-08-27 06:30:00,2.88,
2018-08-27 06:45:00,2.84,
2018-08-27 07:00:00,2.88,
2018-08-27 07:15:00,3.02,
2018-08-27 07:30:00,3.53,
2018-08-27 07:45:00,3.74,
2018-08-27 08:00:00,3.92,
2018-08-27 08:15:00,28.48,
2018-08-27 08:30:00,47.3,
2018-08-27 08:45:00,50.54,
2018-08-27 09:00:00,55.73,
2018-08-27 09:15:00,59.98,
2018-08-27 09:30:00,53.75,
2018-08-27 09:45:00,62.71,
2018-08-27 10:00:00,60.66,
2018-08-27 10:15:00,54.72,
2018-08-27 10:30:00,57.6,
2018-08-27 10:45:00,58.93,
2018-08-27 11:00:00,65.45,
2018-08-27 11:15:00,54.94,
2018-08-27 11:30:00,47.88,
2018-08-27 11:45:00,41.29,
2018-08-27 12:00:00,40.57,
2018-08-27 12:15:00,28.12,
2018-08-27 12:30:00,25.24,
2018-08-27 12:45:00,25.27,
2018-08-27 13:00:00,25.52,
2018-08-27 13:15:00,46.3,
2018-08-27 13:30:00,58.68,
2018-08-27 13:45:00,46.76,
2018-08-27 14:00:00,41.76,
2018-08-27 14:15:00,52.42,
2018-08-27 14:30:00,68.65,
2018-08-27 14:45:00,45.79,
2018-08-27 15:00:00,67.79,
2018-08-27 15:15:00,43.88,
2018-08-27 15:30:00,45.9,
2018-08-27 15:45:00,50.51,
2018-08-27 16:00:00,49.5,
2018-08-27 16:15:00,52.02,
2018-08-27 16:30:00,63.22,
2018-08-27 16:45:00,44.42,
2018-08-27 17:00:00,63.4,
2018-08-27 17:15:00,51.73,
2018-08-27 17:30:00,49.97,
2018-08-27 17:45:00,46.58,
2018-08-27 18:00:00,29.95,
2018-08-27 18:15:00,5.54,
2018-08-27 18:30:00,3.6,
2018-08-27 18:45:00,3.38,
2018-08-27 19:00:00,3.42,
2018-08-27 19:15:00,3.42,
2018-08-27 19:30:00,3.46,
2018-08-27 19:45:00,3.46,
2018-08-27 20:00:00,3.35,
2018-08-27 20:15:00,3.38,
2018-08-27 20:30:00,3.42,
2018-08-27 20:45:00,2.88,
2018-08-27 21:00:00,2.84,
2018-08-27 21:15:00,2.88,
2018-08-27 21:30:00,2.81,
2018-08-27 21:45:00,2.84,
2018-08-27 22:00:00,2.77,
2018-08-27 22:15:00,2.7,
2018-08-27 22:30:00,2.66,
2018-08-27 22:45:00,2.7,
2018-08-27 23:00:00,2.63,
2018-08-27 23:15:00,2.59,
2018-08-27 23:30:00,2.66,
2018-08-27 23:45:00,3.13,
2018-08-28 00:00:00,3.42,
2018-08-28 00:15:00,2.59,
2018-08-28 00:30:00,2.56,
2018-08-28 00:45:00,2.59,
2018-08-28 01:00:00,2.59,
2018-08-28 01:15:00,2.56,
2018-08-28 01:30:00,2.74,
2018-08-28 01:45:00,3.06,
2018-08-28 02:00:00,2.59,
2018-08-28 02:15:00,2.59,
2018-08-28 02:30:00,2.56,
2018-08-28 02:45:00,2.59,
2018-08-28 03:00:00,2.59,
2018-08-28 03:15:00,2.59,
2018-08-28 03:30:00,2.52,
2018-08-28 03:45:00,2.52,
2018-08-28 04:00:00,2.56,
2018-08-28 04:15:00,2.56,
2018-08-28 04:30:00,2.52,
2018-08-28 04:45:00,2.63,
2018-08-28 05:00:00,3.17,
2018-08-28 05:15:00,3.06,
2018-08-28 05:30:00,2.52,
2018-08-28 05:45:00,2.52,
2018-08-28 06:00:00,3.06,
2018-08-28 06:15:00,2.56,
2018-08-28 06:30:00,2.56,
2018-08-28 06:45:00,2.52,
2018-08-28 07:00:00,2.59,
2018-08-28 07:15:00,2.52,
2018-08-28 07:30:00,2.95,
2018-08-28 07:45:00,3.31,
2018-08-28 08:00:00,3.67,
2018-08-28 08:15:00,31.72,
2018-08-28 08:30:00,49.18,
2018-08-28 08:45:00,53.24,
2018-08-28 09:00:00,45.9,
2018-08-28 09:15:00,52.06,
2018-08-28 09:30:00,60.7,
2018-08-28 09:45:00,66.74,
2018-08-28 10:00:00,62.86,
2018-08-28 10:15:00,50.15,
2018-08-28 10:30:00,59.08,
2018-08-28 10:45:00,50.4,
2018-08-28 11:00:00,60.91,
2018-08-28 11:15:00,61.09,
2018-08-28 11:30:00,59.9,
2018-08-28 11:45:00,55.98,
2018-08-28 12:00:00,40.72,
2018-08-28 12:15:00,5.0,
2018-08-28 12:30:00,4.32,
2018-08-28 12:45:00,4.39,
2018-08-28 13:00:00,4.28,
2018-08-28 13:15:00,29.02,
2018-08-28 13:30:00,53.32,
2018-08-28 13:45:00,58.0,
2018-08-28 14:00:00,49.54,
2018-08-28 14:15:00,51.16,
2018-08-28 14:30:00,50.4,
2018-08-28 14:45:00,41.69,
2018-08-28 15:00:00,50.18,
2018-08-28 15:15:00,45.61,
2018-08-28 15:30:00,42.7,
2018-08-28 15:45:00,47.41,
2018-08-28 16:00:00,48.06,
2018-08-28 16:15:00,49.97,
2018-08-28 16:30:00,44.78,
2018-08-28 16:45:00,35.93,
2018-08-28 17:00:00,40.07,
2018-08-28 17:15:00,40.39,
2018-08-28 17:30:00,40.61,
2018-08-28 17:45:00,30.31,
2018-08-28 18:00:00,30.53,
2018-08-28 18:15:00,34.49,
2018-08-28 18:30:00,39.24,
2018-08-28 18:45:00,33.95,
2018-08-28 19:00:00,32.94,
2018-08-28 19:15:00,38.2,
2018-08-28 19:30:00,39.35,
2018-08-28 19:45:00,41.22,
2018-08-28 20:00:00,42.62,
2018-08-28 20:15:00,49.64,
2018-08-28 20:30:00,60.16,
2018-08-28 20:45:00,46.62,
2018-08-28 21:00:00,28.01,
2018-08-28 21:15:00,4.36,
2018-08-28 21:30:00,3.82,
2018-08-28 21:45:00,3.64,
2018-08-28 22:00:00,3.6,
2018-08-28 22:15:00,3.42,
2018-08-28 22:30:00,3.53,
2018-08-28 22:45:00,3.42,
2018-08-28 23:00:00,3.13,
2018-08-28 23:15:00,2.77,
2018-08-28 23:30:00,2.74,
2018-08-28 23:45:00,2.92,
2018-08-29 00:00:00,2.88,
2018-08-29 00:15:00,2.74,
2018-08-29 00:30:00,2.81,
2018-08-29 00:45:00,2.77,
2018-08-29 01:00:00,2.77,
2018-08-29 01:15:00,2.7,
2018-08-29 01:30:00,2.77,
2018-08-29 01:45:00,2.7,
2018-08-29 02:00:00,2.7,
2018-08-29 02:15:00,2.7,
2018-08-29 02:30:00,2.77,
2018-08-29 02:45:00,2.77,
2018-08-29 03:00:00,2.77,
2018-08-29 03:15:00,2.7,
2018-08-29 03:30:00,2.74,
2018-08-29 03:45:00,2.74,
2018-08-29 04:00:00,2.95,
2018-08-29 04:15:00,3.38,
2018-08-29 04:30:00,2.88,
2018-08-29 04:45:00,2.7,
2018-08-29 05:00:00,2.77,
2018-08-29 05:15:00,2.77,
2018-08-29 05:30:00,3.2,
2018-08-29 05:45:00,2.99,
2018-08-29 06:00:00,2.74,
2018-08-29 06:15:00,2.77,
2018-08-29 06:30:00,2.74,
2018-08-29 06:45:00,2.7,
2018-08-29 07:00:00,2.66,
2018-08-29 07:15:00,2.7,
2018-08-29 07:30:00,3.24,
2018-08-29 07:45:00,3.78,
2018-08-29 08:00:00,3.46,
2018-08-29 08:15:00,34.31,
2018-08-29 08:30:00,55.66,
2018-08-29 08:45:00,55.08,
2018-08-29 09:00:00,60.95,
2018-08-29 09:15:00,56.84,
2018-08-29 09:30:00,50.15,
2018-08-29 09:45:00,48.46,
2018-08-29 10:00:00,43.27,
2018-08-29 10:15:00,34.88,
2018-08-29 10:30:00,37.08,
2018-08-29 10:45:00,45.72,
2018-08-29 11:00:00,44.82,
2018-08-29 11:15:00,58.1,
2018-08-29 11:30:00,59.29,
2018-08-29 11:45:00,52.78,
2018-08-29 12:00:00,48.64,
2018-08-29 12:15:00,4.79,
2018-08-29 12:30:00,5.87,
2018-08-29 12:45:00,5.9,
2018-08-29 13:00:00,6.26,
2018-08-29 13:15:00,32.9,
2018-08-29 13:30:00,60.77,
2018-08-29 13:45:00,50.4,
2018-08-29 14:00:00,41.72,
2018-08-29 14:15:00,49.46,
2018-08-29 14:30:00,56.2,
2018-08-29 14:45:00,38.99,
2018-08-29 15:00:00,38.84,
2018-08-29 15:15:00,53.28,
2018-08-29 15:30:00,44.96,
2018-08-29 15:45:00,56.2,
2018-08-29 16:00:00,55.73,
2018-08-29 16:15:00,58.03,
2018-08-29 16:30:00,54.47,
2018-08-29 16:45:00,52.96,
2018-08-29 17:00:00,52.88,
2018-08-29 17:15:00,53.64,
2018-08-29 17:30:00,44.6,
2018-08-29 17:45:00,29.02,
2018-08-29 18:00:00,29.41,
2018-08-29 18:15:00,36.18,
2018-08-29 18:30:00,54.54,
2018-08-29 18:45:00,56.16,
2018-08-29 19:00:00,40.68,
2018-08-29 19:15:00,43.06,
2018-08-29 19:30:00,63.76,
2018-08-29 19:45:00,41.47,
2018-08-29 20:00:00,45.25,
2018-08-29 20:15:00,46.98,
2018-08-29 20:30:00,43.67,
2018-08-29 20:45:00,43.31,
2018-08-29 21:00:00,14.22,
2018-08-29 21:15:00,6.3,
2018-08-29 21:30:00,3.92,
2018-08-29 21:45:00,3.82,
2018-08-29 22:00:00,3.74,
2018-08-29 22:15:00,3.6,
2018-08-29 22:30:00,3.35,
2018-08-29 22:45:00,3.53,
2018-08-29 23:00:00,3.06,
2018-08-29 23:15:00,2.92,
2018-08-29 23:30:00,2.88,
2018-08-29 23:45:00,2.84,
2018-08-30 00:00:00,2.74,
2018-08-30 00:15:00,2.88,
2018-08-30 00:30:00,2.92,
2018-08-30 00:45:00,2.95,
2018-08-30 01:00:00,2.99,
2018-08-30 01:15:00,2.92,
2018-08-30 01:30:00,2.66,
2018-08-30 01:45:00,2.63,
2018-08-30 02:00:00,2.66,
2018-08-30 02:15:00,2.66,
2018-08-30 02:30:00,2.66,
2018-08-30 02:45:00,2.66,
2018-08-30 03:00:00,2.77,
2018-08-30 03:15:00,3.13,
2018-08-30 03:30:00,2.66,
2018-08-30 03:45:00,2.66,
2018-08-30 04:00:00,2.7,
2018-08-30 04:15:00,3.17,
2018-08-30 04:30:00,2.66,
2018-08-30 04:45:00,2.63,
2018-08-30 05:00:00,2.59,
2018-08-30 05:15:00,2.66,
2018-08-30 05:30:00,2.59,
2018-08-30 05:45:00,2.52,
2018-08-30 06:00:00,2.52,
2018-08-30 06:15:00,2.52,
2018-08-30 06:30:00,2.59,
2018-08-30 06:45:00,2.59,
2018-08-30 07:00:00,2.48,
2018-08-30 07:15:00,2.84,
2018-08-30 07:30:00,3.71,
2018-08-30 07:45:00,3.85,
2018-08-30 08:00:00,3.71,
2018-08-30 08:15:00,30.96,
2018-08-30 08:30:00,50.8,
2018-08-30 08:45:00,47.3,
2018-08-30 09:00:00,53.96,
2018-08-30 09:15:00,56.74,
2018-08-30 09:30:00,53.6,
2018-08-30 09:45:00,42.23,
2018-08-30 10:00:00,43.13,
2018-08-30 10:15:00,42.66,
2018-08-30 10:30:00,51.62,
2018-08-30 10:45:00,48.17,
2018-08-30 11:00:00,48.35,
2018-08-30 11:15:00,42.84,
2018-08-30 11:30:00,68.87,
2018-08-30 11:45:00,46.55,
2018-08-30 12:00:00,43.34,
2018-08-30 12:15:00,6.16,
2018-08-30 12:30:00,4.97,
2018-08-30 12:45:00,5.47,
2018-08-30 13:00:00,5.33,
2018-08-30 13:15:00,27.76,
2018-08-30 13:30:00,47.23,
2018-08-30 13:45:00,58.03,
2018-08-30 14:00:00,50.33,
2018-08-30 14:15:00,68.65,
2018-08-30 14:30:00,52.13,
2018-08-30 14:45:00,59.18,
2018-08-30 15:00:00,49.14,
2018-08-30 15:15:00,57.24,
2018-08-30 15:30:00,54.94,
2018-08-30 15:45:00,55.55,
2018-08-30 16:00:00,56.38,
2018-08-30 16:15:00,57.67,
2018-08-30 16:30:00,47.66,
2018-08-30 16:45:00,48.56,
2018-08-30 17:00:00,43.24,
2018-08-30 17:15:00,42.48,
2018-08-30 17:30:00,39.35,
2018-08-30 17:45:00,41.44,
2018-08-30 18:00:00,47.38,
2018-08-30 18:15:00,100.58,
2018-08-30 18:30:00,77.4,
2018-08-30 18:45:00,39.92,
2018-08-30 19:00:00,40.61,
2018-08-30 19:15:00,39.89,
2018-08-30 19:30:00,37.33,
2018-08-30 19:45:00,40.86,
2018-08-30 20:00:00,33.12,
2018-08-30 20:15:00,38.52,
2018-08-30 20:30:00,34.42,
2018-08-30 20:45:00,32.22,
2018-08-30 21:00:00,24.44,
2018-08-30 21:15:00,3.74,
2018-08-30 21:30:00,4.25,
2018-08-30 21:45:00,3.89,
2018-08-30 22:00:00,3.64,
2018-08-30 22:15:00,3.53,
2018-08-30 22:30:00,3.31,
2018-08-30 22:45:00,2.88,
2018-08-30 23:00:00,3.38,
2018-08-30 23:15:00,2.77,
2018-08-30 23:30:00,2.63,
2018-08-30 23:45:00,2.7,
2018-08-31 00:00:00,2.95,
2018-08-31 00:15:00,2.74,
2018-08-31 00:30:00,2.7,
2018-08-31 00:45:00,2.7,
2018-08-31 01:00:00,2.7,
2018-08-31 01:15:00,2.7,
2018-08-31 01:30:00,2.7,
2018-08-31 01:45:00,2.74,
2018-08-31 02:00:00,2.77,
2018-08-31 02:15:00,2.7,
2018-08-31 02:30:00,2.74,
2018-08-31 02:45:00,2.99,
2018-08-31 03:00:00,3.2,
2018-08-31 03:15:00,2.81,
2018-08-31 03:30:00,2.74,
2018-08-31 03:45:00,2.74,
2018-08-31 04:00:00,2.74,
2018-08-31 04:15:00,3.02,
2018-08-31 04:30:00,3.38,
2018-08-31 04:45:00,2.81,
2018-08-31 05:00:00,2.77,
2018-08-31 05:15:00,2.77,
2018-08-31 05:30:00,2.74,
2018-08-31 05:45:00,2.74,
2018-08-31 06:00:00,2.7,
2018-08-31 06:15:00,2.74,
2018-08-31 06:30:00,2.7,
2018-08-31 06:45:00,2.74,
2018-08-31 07:00:00,2.88,
2018-08-31 07:15:00,3.06,
2018-08-31 07:30:00,3.31,
2018-08-31 07:45:00,3.85,
2018-08-31 08:00:00,3.6,
2018-08-31 08:15:00,26.14,
2018-08-31 08:30:00,45.65,
2018-08-31 08:45:00,58.03,
2018-08-31 09:00:00,88.99,
2018-08-31 09:15:00,113.04,
2018-08-31 09:30:00,112.68,
2018-08-31 09:45:00,54.32,
2018-08-31 10:00:00,58.54,
2018-08-31 10:15:00,52.92,
2018-08-31 10:30:00,53.6,
2018-08-31 10:45:00,44.21,
2018-08-31 11:00:00,49.03,
2018-08-31 11:15:00,61.52,
2018-08-31 11:30:00,60.01,
2018-08-31 11:45:00,61.56,
2018-08-31 12:00:00,48.28,
2018-08-31 12:15:00,4.46,
2018-08-31 12:30:00,5.54,
2018-08-31 12:45:00,5.44,
2018-08-31 13:00:00,8.5,
2018-08-31 13:15:00,37.44,
2018-08-31 13:30:00,44.64,
2018-08-31 13:45:00,53.03,
2018-08-31 14:00:00,56.77,
2018-08-31 14:15:00,56.12,
2018-08-31 14:30:00,58.97,
2018-08-31 14:45:00,56.77,
2018-08-31 15:00:00,40.32,
2018-08-31 15:15:00,48.17,
2018-08-31 15:30:00,44.42,
2018-08-31 15:45:00,55.55,
2018-08-31 16:00:00,55.87,
2018-08-31 16:15:00,58.14,
2018-08-31 16:30:00,56.12,
2018-08-31 16:45:00,51.98,
2018-08-31 17:00:00,55.19,
2018-08-31 17:15:00,47.41,
2018-08-31 17:30:00,43.92,
2018-08-31 17:45:00,28.4,
2018-08-31 18:00:00,28.69,
2018-08-31 18:15:00,31.82,
2018-08-31 18:30:00,44.03,
2018-08-31 18:45:00,36.76,
2018-08-31 19:00:00,36.22,
2018-08-31 19:15:00,43.49,
2018-08-31 19:30:00,40.25,
2018-08-31 19:45:00,44.71,
2018-08-31 20:00:00,43.67,
2018-08-31 20:15:00,37.94,
2018-08-31 20:30:00,36.4,
2018-08-31 20:45:00,53.71,
2018-08-31 21:00:00,19.22,
2018-08-31 21:15:00,4.46,
2018-08-31 21:30:00,4.03,
2018-08-31 21:45:00,4.07,
2018-08-31 22:00:00,3.85,
2018-08-31 22:15:00,3.67,
2018-08-31 22:30:00,3.6,
2018-08-31 22:45:00,3.82,
2018-08-31 23:00:00,4.64,
2018-08-31 23:15:00,3.06,
2018-08-31 23:30:00,2.92,
2018-08-31 23:45:00,2.95,
2018-09-01 00:00:00,3.85,
2018-09-01 00:15:00,2.95,
2018-09-01 00:30:00,3.02,
2018-09-01 00:45:00,3.02,
2018-09-01 01:00:00,3.02,
2018-09-01 01:15:00,3.02,
2018-09-01 01:30:00,2.95,
2018-09-01 01:45:00,2.99,
2018-09-01 02:00:00,3.06,
2018-09-01 02:15:00,2.99,
2018-09-01 02:30:00,2.95,
2018-09-01 02:45:00,3.02,
2018-09-01 03:00:00,3.49,
2018-09-01 03:15:00,3.17,
2018-09-01 03:30:00,3.06,
2018-09-01 03:45:00,3.53,
2018-09-01 04:00:00,3.46,
2018-09-01 04:15:00,3.02,
2018-09-01 04:30:00,3.02,
2018-09-01 04:45:00,3.02,
2018-09-01 05:00:00,3.13,
2018-09-01 05:15:00,3.06,
2018-09-01 05:30:00,3.06,
2018-09-01 05:45:00,3.02,
2018-09-01 06:00:00,3.02,
2018-09-01 06:15:00,3.02,
2018-09-01 06:30:00,3.06,
2018-09-01 06:45:00,3.53,
2018-09-01 07:00:00,3.24,
2018-09-01 07:15:00,2.99,
2018-09-01 07:30:00,3.02,
2018-09-01 07:45:00,3.17,
2018-09-01 08:00:00,3.28,
2018-09-01 08:15:00,17.17,
2018-09-01 08:30:00,32.44,
2018-09-01 08:45:00,32.11,
2018-09-01 09:00:00,37.4,
2018-09-01 09:15:00,47.09,
2018-09-01 09:30:00,32.9,
2018-09-01 09:45:00,42.77,
2018-09-01 10:00:00,41.11,
2018-09-01 10:15:00,49.46,
2018-09-01 10:30:00,38.88,
2018-09-01 10:45:00,50.62,
2018-09-01 11:00:00,32.94,
2018-09-01 11:15:00,28.15,
2018-09-01 11:30:00,25.78,
2018-09-01 11:45:00,25.7,
2018-09-01 12:00:00,25.31,
2018-09-01 12:15:00,25.6,
2018-09-01 12:30:00,25.34,
2018-09-01 12:45:00,25.49,
2018-09-01 13:00:00,25.49,
2018-09-01 13:15:00,25.49,
2018-09-01 13:30:00,28.19,
2018-09-01 13:45:00,27.61,
2018-09-01 14:00:00,27.04,
2018-09-01 14:15:00,27.43,
2018-09-01 14:30:00,26.86,
2018-09-01 14:45:00,26.78,
2018-09-01 15:00:00,27.14,
2018-09-01 15:15:00,26.57,
2018-09-01 15:30:00,26.17,
2018-09-01 15:45:00,26.42,
2018-09-01 16:00:00,25.99,
2018-09-01 16:15:00,25.92,
2018-09-01 16:30:00,26.53,
2018-09-01 16:45:00,26.32,
2018-09-01 17:00:00,26.32,
2018-09-01 17:15:00,26.06,
2018-09-01 17:30:00,25.02,
2018-09-01 17:45:00,25.85,
2018-09-01 18:00:00,24.34,
2018-09-01 18:15:00,25.74,
2018-09-01 18:30:00,6.44,
2018-09-01 18:45:00,3.49,
2018-09-01 19:00:00,3.49,
2018-09-01 19:15:00,3.6,
2018-09-01 19:30:00,3.56,
2018-09-01 19:45:00,3.31,
2018-09-01 20:00:00,2.92,
2018-09-01 20:15:00,2.92,
2018-09-01 20:30:00,2.99,
2018-09-01 20:45:00,2.99,
2018-09-01 21:00:00,2.95,
2018-09-01 21:15:00,2.99,
2018-09-01 21:30:00,2.92,
2018-09-01 21:45:00,2.81,
2018-09-01 22:00:00,2.81,
2018-09-01 22:15:00,2.7,
2018-09-01 22:30:00,2.7,
2018-09-01 22:45:00,2.66,
2018-09-01 23:00:00,2.66,
2018-09-01 23:15:00,2.66,
2018-09-01 23:30:00,2.63,
2018-09-01 23:45:00,3.82,
2018-09-02 00:00:00,2.74,
2018-09-02 00:15:00,2.63,
2018-09-02 00:30:00,2.63,
2018-09-02 00:45:00,2.66,
2018-09-02 01:00:00,2.63,
2018-09-02 01:15:00,2.74,
2018-09-02 01:30:00,2.7,
2018-09-02 01:45:00,2.63,
2018-09-02 02:00:00,2.66,
2018-09-02 02:15:00,2.63,
2018-09-02 02:30:00,2.66,
2018-09-02 02:45:00,2.7,
2018-09-02 03:00:00,2.63,
2018-09-02 03:15:00,2.66,
2018-09-02 03:30:00,2.63,
2018-09-02 03:45:00,2.63,
2018-09-02 04:00:00,2.81,
2018-09-02 04:15:00,3.2,
2018-09-02 04:30:00,2.77,
2018-09-02 04:45:00,2.66,
2018-09-02 05:00:00,3.2,
2018-09-02 05:15:00,3.17,
2018-09-02 05:30:00,2.59,
2018-09-02 05:45:00,2.56,
2018-09-02 06:00:00,2.63,
2018-09-02 06:15:00,2.56,
2018-09-02 06:30:00,2.56,
2018-09-02 06:45:00,2.56,
2018-09-02 07:00:00,2.56,
2018-09-02 07:15:00,2.59,
2018-09-02 07:30:00,2.66,
2018-09-02 07:45:00,2.77,
2018-09-02 08:00:00,2.7,
2018-09-02 08:15:00,26.17,
2018-09-02 08:30:00,50.18,
2018-09-02 08:45:00,42.37,
2018-09-02 09:00:00,41.76,
2018-09-02 09:15:00,31.46,
2018-09-02 09:30:00,39.13,
2018-09-02 09:45:00,56.95,
2018-09-02 10:00:00,35.14,
2018-09-02 10:15:00,51.34,
2018-09-02 10:30:00,48.67,
2018-09-02 10:45:00,32.36,
2018-09-02 11:00:00,31.14,
2018-09-02 11:15:00,35.53,
2018-09-02 11:30:00,52.63,
2018-09-02 11:45:00,57.38,
2018-09-02 12:00:00,21.67,
2018-09-02 12:15:00,3.17,
2018-09-02 12:30:00,3.17,
2018-09-02 12:45:00,3.31,
2018-09-02 13:00:00,3.89,
2018-09-02 13:15:00,13.43,
2018-09-02 13:30:00,32.8,
2018-09-02 13:45:00,52.2,
2018-09-02 14:00:00,56.56,
2018-09-02 14:15:00,33.91,
2018-09-02 14:30:00,42.41,
2018-09-02 14:45:00,44.75,
2018-09-02 15:00:00,47.7,
2018-09-02 15:15:00,44.82,
2018-09-02 15:30:00,31.68,
2018-09-02 15:45:00,23.69,
2018-09-02 16:00:00,5.65,
2018-09-02 16:15:00,5.04,
2018-09-02 16:30:00,3.64,
2018-09-02 16:45:00,3.6,
2018-09-02 17:00:00,3.64,
2018-09-02 17:15:00,3.6,
2018-09-02 17:30:00,3.64,
2018-09-02 17:45:00,3.53,
2018-09-02 18:00:00,3.42,
2018-09-02 18:15:00,3.42,
2018-09-02 18:30:00,3.49,
2018-09-02 18:45:00,3.02,
2018-09-02 19:00:00,2.92,
2018-09-02 19:15:00,2.81,
2018-09-02 19:30:00,2.84,
2018-09-02 19:45:00,2.99,
2018-09-02 20:00:00,2.88,
2018-09-02 20:15:00,2.92,
2018-09-02 20:30:00,3.64,
2018-09-02 20:45:00,3.35,
2018-09-02 21:00:00,2.95,
2018-09-02 21:15:00,2.99,
2018-09-02 21:30:00,2.92,
2018-09-02 21:45:00,2.92,
2018-09-02 22:00:00,2.88,
2018-09-02 22:15:00,2.7,
2018-09-02 22:30:00,2.77,
2018-09-02 22:45:00,2.81,
2018-09-02 23:00:00,2.74,
2018-09-02 23:15:00,2.66,
2018-09-02 23:30:00,2.7,
2018-09-02 23:45:00,2.74,
2018-09-03 00:00:00,2.7,
2018-09-03 00:15:00,3.35,
2018-09-03 00:30:00,2.74,
2018-09-03 00:45:00,2.74,
2018-09-03 01:00:00,2.74,
2018-09-03 01:15:00,2.74,
2018-09-03 01:30:00,2.74,
2018-09-03 01:45:00,2.77,
2018-09-03 02:00:00,2.74,
2018-09-03 02:15:00,3.17,
2018-09-03 02:30:00,3.31,
2018-09-03 02:45:00,2.74,
2018-09-03 03:00:00,2.7,
2018-09-03 03:15:00,2.77,
2018-09-03 03:30:00,2.74,
2018-09-03 03:45:00,2.74,
2018-09-03 04:00:00,3.28,
2018-09-03 04:15:00,2.7,
2018-09-03 04:30:00,2.77,
2018-09-03 04:45:00,2.7,
2018-09-03 05:00:00,2.77,
2018-09-03 05:15:00,2.7,
2018-09-03 05:30:00,2.63,
2018-09-03 05:45:00,2.63,
2018-09-03 06:00:00,2.66,
2018-09-03 06:15:00,2.59,
2018-09-03 06:30:00,2.74,
2018-09-03 06:45:00,2.66,
2018-09-03 07:00:00,2.66,
2018-09-03 07:15:00,2.77,
2018-09-03 07:30:00,4.54,
2018-09-03 07:45:00,3.71,
2018-09-03 08:00:00,2.95,
2018-09-03 08:15:00,12.17,
2018-09-03 08:30:00,41.9,
2018-09-03 08:45:00,41.04,
2018-09-03 09:00:00,46.08,
2018-09-03 09:15:00,46.66,
2018-09-03 09:30:00,67.0,
2018-09-03 09:45:00,65.88,
2018-09-03 10:00:00,41.0,
2018-09-03 10:15:00,41.22,
2018-09-03 10:30:00,40.93,
2018-09-03 10:45:00,39.17,
2018-09-03 11:00:00,44.24,
2018-09-03 11:15:00,59.94,
2018-09-03 11:30:00,39.13,
2018-09-03 11:45:00,39.6,
2018-09-03 12:00:00,30.71,
2018-09-03 12:15:00,5.08,
2018-09-03 12:30:00,5.0,
2018-09-03 12:45:00,4.97,
2018-09-03 13:00:00,5.11,
2018-09-03 13:15:00,23.15,
2018-09-03 13:30:00,46.26,
2018-09-03 13:45:00,63.58,
2018-09-03 14:00:00,54.22,
2018-09-03 14:15:00,56.77,
2018-09-03 14:30:00,51.34,
2018-09-03 14:45:00,54.94,
2018-09-03 15:00:00,60.88,
2018-09-03 15:15:00,58.9,
2018-09-03 15:30:00,55.15,
2018-09-03 15:45:00,79.67,
2018-09-03 16:00:00,83.16,
2018-09-03 16:15:00,113.65,
2018-09-03 16:30:00,63.83,
2018-09-03 16:45:00,118.04,
2018-09-03 17:00:00,110.56,
2018-09-03 17:15:00,72.43,
2018-09-03 17:30:00,88.74,
2018-09-03 17:45:00,38.27,
2018-09-03 18:00:00,30.92,
2018-09-03 18:15:00,52.6,
2018-09-03 18:30:00,77.83,
2018-09-03 18:45:00,75.89,
2018-09-03 19:00:00,30.53,
2018-09-03 19:15:00,29.3,
2018-09-03 19:30:00,27.11,
2018-09-03 19:45:00,25.67,
2018-09-03 20:00:00,25.67,
2018-09-03 20:15:00,25.74,
2018-09-03 20:30:00,26.42,
2018-09-03 20:45:00,25.31,
2018-09-03 21:00:00,4.57,
2018-09-03 21:15:00,5.0,
2018-09-03 21:30:00,3.64,
2018-09-03 21:45:00,3.67,
2018-09-03 22:00:00,3.53,
2018-09-03 22:15:00,3.35,
2018-09-03 22:30:00,3.31,
2018-09-03 22:45:00,3.31,
2018-09-03 23:00:00,2.74,
2018-09-03 23:15:00,2.7,
2018-09-03 23:30:00,2.66,
2018-09-03 23:45:00,2.66,
2018-09-04 00:00:00,2.56,
2018-09-04 00:15:00,2.66,
2018-09-04 00:30:00,2.66,
2018-09-04 00:45:00,2.7,
2018-09-04 01:00:00,2.7,
2018-09-04 01:15:00,2.66,
2018-09-04 01:30:00,2.7,
2018-09-04 01:45:00,2.7,
2018-09-04 02:00:00,2.77,
2018-09-04 02:15:00,2.7,
2018-09-04 02:30:00,2.88,
2018-09-04 02:45:00,3.02,
2018-09-04 03:00:00,2.63,
2018-09-04 03:15:00,3.28,
2018-09-04 03:30:00,3.17,
2018-09-04 03:45:00,2.63,
2018-09-04 04:00:00,2.66,
2018-09-04 04:15:00,2.59,
2018-09-04 04:30:00,2.63,
2018-09-04 04:45:00,2.63,
2018-09-04 05:00:00,2.66,
2018-09-04 05:15:00,2.66,
2018-09-04 05:30:00,2.59,
2018-09-04 05:45:00,2.59,
2018-09-04 06:00:00,2.74,
2018-09-04 06:15:00,3.17,
2018-09-04 06:30:00,2.74,
2018-09-04 06:45:00,2.63,
2018-09-04 07:00:00,2.63,
2018-09-04 07:15:00,2.59,
2018-09-04 07:30:00,2.77,
2018-09-04 07:45:00,2.88,
2018-09-04 08:00:00,3.24,
2018-09-04 08:15:00,29.3,
2018-09-04 08:30:00,51.34,
2018-09-04 08:45:00,72.76,
2018-09-04 09:00:00,65.02,
2018-09-04 09:15:00,81.65,
2018-09-04 09:30:00,59.15,
2018-09-04 09:45:00,55.58,
2018-09-04 10:00:00,84.42,
2018-09-04 10:15:00,99.25,
2018-09-04 10:30:00,89.53,
2018-09-04 10:45:00,102.67,
2018-09-04 11:00:00,105.95,
2018-09-04 11:15:00,122.65,
2018-09-04 11:30:00,98.24,
2018-09-04 11:45:00,113.51,
2018-09-04 12:00:00,99.04,
2018-09-04 12:15:00,5.44,
2018-09-04 12:30:00,5.4,
2018-09-04 12:45:00,4.32,
2018-09-04 13:00:00,4.61,
2018-09-04 13:15:00,47.52,
2018-09-04 13:30:00,107.17,
2018-09-04 13:45:00,90.97,
2018-09-04 14:00:00,112.0,
2018-09-04 14:15:00,90.79,
2018-09-04 14:30:00,103.9,
2018-09-04 14:45:00,101.92,
2018-09-04 15:00:00,99.4,
2018-09-04 15:15:00,100.51,
2018-09-04 15:30:00,85.9,
2018-09-04 15:45:00,102.6,
2018-09-04 16:00:00,82.15,
2018-09-04 16:15:00,118.69,
2018-09-04 16:30:00,90.83,
2018-09-04 16:45:00,102.28,
2018-09-04 17:00:00,102.96,
2018-09-04 17:15:00,68.36,
2018-09-04 17:30:00,100.19,
2018-09-04 17:45:00,59.44,
2018-09-04 18:00:00,40.68,
2018-09-04 18:15:00,47.02,
2018-09-04 18:30:00,75.85,
2018-09-04 18:45:00,85.75,
2018-09-04 19:00:00,76.75,
2018-09-04 19:15:00,76.75,
2018-09-04 19:30:00,78.95,
2018-09-04 19:45:00,72.0,
2018-09-04 20:00:00,88.02,
2018-09-04 20:15:00,72.47,
2018-09-04 20:30:00,88.09,
2018-09-04 20:45:00,64.62,
2018-09-04 21:00:00,11.3,
2018-09-04 21:15:00,4.57,
2018-09-04 21:30:00,3.49,
2018-09-04 21:45:00,3.49,
2018-09-04 22:00:00,3.49,
2018-09-04 22:15:00,3.31,
2018-09-04 22:30:00,3.1,
2018-09-04 22:45:00,2.66,
2018-09-04 23:00:00,2.59,
2018-09-04 23:15:00,2.52,
2018-09-04 23:30:00,2.48,
2018-09-04 23:45:00,2.52,
2018-09-05 00:00:00,2.81,
2018-09-05 00:15:00,2.48,
2018-09-05 00:30:00,2.52,
2018-09-05 00:45:00,2.52,
2018-09-05 01:00:00,2.48,
2018-09-05 01:15:00,2.59,
2018-09-05 01:30:00,2.48,
2018-09-05 01:45:00,2.48,
2018-09-05 02:00:00,2.48,
2018-09-05 02:15:00,2.52,
2018-09-05 02:30:00,3.42,
2018-09-05 02:45:00,3.71,
2018-09-05 03:00:00,2.52,
2018-09-05 03:15:00,2.52,
2018-09-05 03:30:00,2.48,
2018-09-05 03:45:00,2.48,
2018-09-05 04:00:00,2.52,
2018-09-05 04:15:00,2.59,
2018-09-05 04:30:00,2.52,
2018-09-05 04:45:00,2.52,
2018-09-05 05:00:00,2.56,
2018-09-05 05:15:00,2.52,
2018-09-05 05:30:00,2.48,
2018-09-05 05:45:00,2.56,
2018-09-05 06:00:00,2.48,
2018-09-05 06:15:00,2.52,
2018-09-05 06:30:00,2.77,
2018-09-05 06:45:00,3.31,
2018-09-05 07:00:00,2.99,
2018-09-05 07:15:00,2.7,
2018-09-05 07:30:00,2.92,
2018-09-05 07:45:00,3.02,
2018-09-05 08:00:00,2.88,
2018-09-05 08:15:00,40.32,
2018-09-05 08:30:00,95.4,
2018-09-05 08:45:00,98.06,
2018-09-05 09:00:00,111.92,
2018-09-05 09:15:00,97.81,
2018-09-05 09:30:00,100.08,
2018-09-05 09:45:00,103.54,
2018-09-05 10:00:00,60.23,
2018-09-05 10:15:00,56.99,
2018-09-05 10:30:00,55.4,
2018-09-05 10:45:00,53.82,
2018-09-05 11:00:00,53.57,
2018-09-05 11:15:00,47.45,
2018-09-05 11:30:00,64.26,
2018-09-05 11:45:00,66.17,
2018-09-05 12:00:00,52.81,
2018-09-05 12:15:00,6.95,
2018-09-05 12:30:00,5.51,
2018-09-05 12:45:00,5.44,
2018-09-05 13:00:00,5.47,
2018-09-05 13:15:00,28.3,
2018-09-05 13:30:00,71.17,
2018-09-05 13:45:00,70.38,
2018-09-05 14:00:00,56.05,
2018-09-05 14:15:00,50.29,
2018-09-05 14:30:00,65.63,
2018-09-05 14:45:00,64.73,
2018-09-05 15:00:00,48.49,
2018-09-05 15:15:00,49.68,
2018-09-05 15:30:00,54.07,
2018-09-05 15:45:00,66.71,
2018-09-05 16:00:00,63.86,
2018-09-05 16:15:00,61.81,
2018-09-05 16:30:00,52.78,
2018-09-05 16:45:00,54.22,
2018-09-05 17:00:00,49.03,
2018-09-05 17:15:00,60.08,
2018-09-05 17:30:00,62.28,
2018-09-05 17:45:00,32.51,
2018-09-05 18:00:00,29.95,
2018-09-05 18:15:00,52.6,
2018-09-05 18:30:00,47.52,
2018-09-05 18:45:00,49.79,
2018-09-05 19:00:00,45.9,
2018-09-05 19:15:00,51.88,
2018-09-05 19:30:00,51.34,
2018-09-05 19:45:00,59.33,
2018-09-05 20:00:00,55.8,
2018-09-05 20:15:00,47.99,
2018-09-05 20:30:00,54.58,
2018-09-05 20:45:00,46.26,
2018-09-05 21:00:00,27.94,
2018-09-05 21:15:00,8.86,
2018-09-05 21:30:00,3.78,
2018-09-05 21:45:00,3.74,
2018-09-05 22:00:00,3.85,
2018-09-05 22:15:00,3.56,
2018-09-05 22:30:00,3.53,
2018-09-05 22:45:00,3.49,
2018-09-05 23:00:00,3.64,
2018-09-05 23:15:00,4.64,
2018-09-05 23:30:00,3.92,
2018-09-05 23:45:00,2.81,
2018-09-06 00:00:00,3.35,
2018-09-06 00:15:00,2.77,
2018-09-06 00:30:00,2.81,
2018-09-06 00:45:00,2.84,
2018-09-06 01:00:00,2.81,
2018-09-06 01:15:00,2.81,
2018-09-06 01:30:00,2.84,
2018-09-06 01:45:00,2.84,
2018-09-06 02:00:00,2.81,
2018-09-06 02:15:00,2.88,
2018-09-06 02:30:00,2.81,
2018-09-06 02:45:00,2.95,
2018-09-06 03:00:00,2.95,
2018-09-06 03:15:00,2.95,
2018-09-06 03:30:00,3.02,
2018-09-06 03:45:00,3.31,
2018-09-06 04:00:00,3.28,
2018-09-06 04:15:00,3.02,
2018-09-06 04:30:00,3.02,
2018-09-06 04:45:00,3.6,
2018-09-06 05:00:00,3.06,
2018-09-06 05:15:00,2.92,
2018-09-06 05:30:00,2.92,
2018-09-06 05:45:00,2.92,
2018-09-06 06:00:00,2.95,
2018-09-06 06:15:00,2.92,
2018-09-06 06:30:00,3.06,
2018-09-06 06:45:00,2.81,
2018-09-06 07:00:00,2.81,
2018-09-06 07:15:00,3.06,
2018-09-06 07:30:00,3.28,
2018-09-06 07:45:00,3.06,
2018-09-06 08:00:00,3.2,
2018-09-06 08:15:00,31.39,
2018-09-06 08:30:00,59.15,
2018-09-06 08:45:00,54.11,
2018-09-06 09:00:00,62.68,
2018-09-06 09:15:00,62.89,
2018-09-06 09:30:00,57.78,
2018-09-06 09:45:00,50.9,
2018-09-06 10:00:00,48.56,
2018-09-06 10:15:00,50.94,
2018-09-06 10:30:00,58.46,
2018-09-06 10:45:00,58.14,
2018-09-06 11:00:00,51.66,
2018-09-06 11:15:00,55.37,
2018-09-06 11:30:00,59.51,
2018-09-06 11:45:00,59.83,
2018-09-06 12:00:00,55.69,
2018-09-06 12:15:00,5.8,
2018-09-06 12:30:00,5.22,
2018-09-06 12:45:00,5.4,
2018-09-06 13:00:00,6.12,
2018-09-06 13:15:00,32.47,
2018-09-06 13:30:00,61.38,
2018-09-06 13:45:00,54.94,
2018-09-06 14:00:00,58.21,
2018-09-06 14:15:00,54.32,
2018-09-06 14:30:00,57.78,
2018-09-06 14:45:00,48.46,
2018-09-06 15:00:00,48.46,
2018-09-06 15:15:00,46.91,
2018-09-06 15:30:00,53.96,
2018-09-06 15:45:00,60.44,
2018-09-06 16:00:00,59.9,
2018-09-06 16:15:00,56.41,
2018-09-06 16:30:00,57.92,
2018-09-06 16:45:00,49.72,
2018-09-06 17:00:00,57.89,
2018-09-06 17:15:00,60.44,
2018-09-06 17:30:00,59.69,
2018-09-06 17:45:00,31.36,
2018-09-06 18:00:00,29.2,
2018-09-06 18:15:00,49.25,
2018-09-06 18:30:00,58.82,
2018-09-06 18:45:00,57.85,
2018-09-06 19:00:00,59.83,
2018-09-06 19:15:00,57.49,
2018-09-06 19:30:00,49.9,
2018-09-06 19:45:00,55.37,
2018-09-06 20:00:00,66.89,
2018-09-06 20:15:00,55.76,
2018-09-06 20:30:00,70.38,
2018-09-06 20:45:00,58.5,
2018-09-06 21:00:00,63.5,
2018-09-06 21:15:00,7.92,
2018-09-06 21:30:00,3.96,
2018-09-06 21:45:00,3.85,
2018-09-06 22:00:00,3.78,
2018-09-06 22:15:00,3.49,
2018-09-06 22:30:00,3.53,
2018-09-06 22:45:00,3.53,
2018-09-06 23:00:00,4.14,
2018-09-06 23:15:00,4.64,
2018-09-06 23:30:00,3.42,
2018-09-06 23:45:00,3.31,
2018-09-07 00:00:00,4.79,
2018-09-07 00:15:00,3.31,
2018-09-07 00:30:00,3.31,
2018-09-07 00:45:00,3.35,
2018-09-07 01:00:00,3.31,
2018-09-07 01:15:00,3.53,
2018-09-07 01:30:00,3.67,
2018-09-07 01:45:00,3.1,
2018-09-07 02:00:00,2.95,
2018-09-07 02:15:00,2.95,
2018-09-07 02:30:00,2.88,
2018-09-07 02:45:00,2.92,
2018-09-07 03:00:00,3.06,
2018-09-07 03:15:00,2.99,
2018-09-07 03:30:00,2.92,
2018-09-07 03:45:00,2.95,
2018-09-07 04:00:00,2.99,
2018-09-07 04:15:00,3.02,
2018-09-07 04:30:00,2.95,
2018-09-07 04:45:00,3.49,
2018-09-07 05:00:00,3.42,
2018-09-07 05:15:00,2.99,
2018-09-07 05:30:00,2.99,
2018-09-07 05:45:00,2.99,
2018-09-07 06:00:00,2.95,
2018-09-07 06:15:00,3.2,
2018-09-07 06:30:00,3.56,
2018-09-07 06:45:00,3.02,
2018-09-07 07:00:00,2.99,
2018-09-07 07:15:00,3.02,
2018-09-07 07:30:00,3.06,
2018-09-07 07:45:00,3.2,
2018-09-07 08:00:00,3.06,
2018-09-07 08:15:00,35.71,
2018-09-07 08:30:00,93.38,
2018-09-07 08:45:00,96.44,
2018-09-07 09:00:00,84.89,
2018-09-07 09:15:00,107.93,
2018-09-07 09:30:00,93.42,
2018-09-07 09:45:00,103.9,
2018-09-07 10:00:00,85.39,
2018-09-07 10:15:00,107.24,
2018-09-07 10:30:00,91.69,
2018-09-07 10:45:00,100.15,
2018-09-07 11:00:00,102.24,
2018-09-07 11:15:00,101.12,
2018-09-07 11:30:00,104.15,
2018-09-07 11:45:00,84.92,
2018-09-07 12:00:00,95.29,
2018-09-07 12:15:00,3.92,
2018-09-07 12:30:00,4.54,
2018-09-07 12:45:00,4.28,
2018-09-07 13:00:00,4.46,
2018-09-07 13:15:00,43.16,
2018-09-07 13:30:00,114.37,
2018-09-07 13:45:00,107.35,
2018-09-07 14:00:00,95.65,
2018-09-07 14:15:00,118.69,
2018-09-07 14:30:00,96.34,
2018-09-07 14:45:00,113.51,
2018-09-07 15:00:00,63.79,
2018-09-07 15:15:00,41.29,
2018-09-07 15:30:00,50.36,
2018-09-07 15:45:00,42.19,
2018-09-07 16:00:00,51.91,
2018-09-07 16:15:00,111.42,
2018-09-07 16:30:00,100.73,
2018-09-07 16:45:00,107.68,
2018-09-07 17:00:00,89.68,
2018-09-07 17:15:00,94.72,
2018-09-07 17:30:00,81.65,
2018-09-07 17:45:00,28.84,
2018-09-07 18:00:00,29.02,
2018-09-07 18:15:00,52.27,
2018-09-07 18:30:00,72.43,
2018-09-07 18:45:00,54.97,
2018-09-07 19:00:00,47.66,
2018-09-07 19:15:00,48.42,
2018-09-07 19:30:00,73.62,
2018-09-07 19:45:00,106.96,
2018-09-07 20:00:00,105.05,
2018-09-07 20:15:00,97.92,
2018-09-07 20:30:00,91.33,
2018-09-07 20:45:00,114.98,
2018-09-07 21:00:00,74.41,
2018-09-07 21:15:00,13.28,
2018-09-07 21:30:00,4.25,
2018-09-07 21:45:00,4.21,
2018-09-07 22:00:00,4.18,
2018-09-07 22:15:00,3.89,
2018-09-07 22:30:00,3.89,
2018-09-07 22:45:00,3.78,
2018-09-07 23:00:00,3.71,
2018-09-07 23:15:00,3.71,
2018-09-07 23:30:00,3.64,
2018-09-07 23:45:00,3.85,
2018-09-08 00:00:00,3.02,
2018-09-08 00:15:00,3.64,
2018-09-08 00:30:00,3.1,
2018-09-08 00:45:00,3.1,
2018-09-08 01:00:00,2.99,
2018-09-08 01:15:00,3.17,
2018-09-08 01:30:00,3.06,
2018-09-08 01:45:00,3.1,
2018-09-08 02:00:00,3.02,
2018-09-08 02:15:00,3.02,
2018-09-08 02:30:00,3.1,
2018-09-08 02:45:00,3.17,
2018-09-08 03:00:00,3.1,
2018-09-08 03:15:00,3.1,
2018-09-08 03:30:00,3.31,
2018-09-08 03:45:00,3.6,
2018-09-08 04:00:00,3.17,
2018-09-08 04:15:00,3.17,
2018-09-08 04:30:00,3.17,
2018-09-08 04:45:00,3.13,
2018-09-08 05:00:00,3.2,
2018-09-08 05:15:00,3.78,
2018-09-08 05:30:00,3.49,
2018-09-08 05:45:00,3.13,
2018-09-08 06:00:00,3.17,
2018-09-08 06:15:00,3.13,
2018-09-08 06:30:00,3.13,
2018-09-08 06:45:00,3.2,
2018-09-08 07:00:00,3.78,
2018-09-08 07:15:00,3.28,
2018-09-08 07:30:00,3.24,
2018-09-08 07:45:00,3.24,
2018-09-08 08:00:00,3.02,
2018-09-08 08:15:00,25.56,
2018-09-08 08:30:00,32.83,
2018-09-08 08:45:00,32.58,
2018-09-08 09:00:00,33.01,
2018-09-08 09:15:00,33.08,
2018-09-08 09:30:00,32.87,
2018-09-08 09:45:00,47.81,
2018-09-08 10:00:00,33.16,
2018-09-08 10:15:00,41.18,
2018-09-08 10:30:00,50.47,
2018-09-08 10:45:00,34.7,
2018-09-08 11:00:00,51.73,
2018-09-08 11:15:00,39.49,
2018-09-08 11:30:00,33.7,
2018-09-08 11:45:00,40.25,
2018-09-08 12:00:00,17.71,
2018-09-08 12:15:00,3.24,
2018-09-08 12:30:00,3.31,
2018-09-08 12:45:00,3.31,
2018-09-08 13:00:00,3.28,
2018-09-08 13:15:00,19.37,
2018-09-08 13:30:00,40.39,
2018-09-08 13:45:00,33.91,
2018-09-08 14:00:00,32.69,
2018-09-08 14:15:00,36.07,
2018-09-08 14:30:00,52.6,
2018-09-08 14:45:00,48.6,
2018-09-08 15:00:00,34.81,
2018-09-08 15:15:00,35.24,
2018-09-08 15:30:00,34.7,
2018-09-08 15:45:00,53.06,
2018-09-08 16:00:00,49.46,
2018-09-08 16:15:00,32.51,
2018-09-08 16:30:00,32.98,
2018-09-08 16:45:00,41.72,
2018-09-08 17:00:00,18.18,
2018-09-08 17:15:00,3.89,
2018-09-08 17:30:00,3.71,
2018-09-08 17:45:00,3.67,
2018-09-08 18:00:00,3.56,
2018-09-08 18:15:00,3.46,
2018-09-08 18:30:00,3.49,
2018-09-08 18:45:00,3.53,
2018-09-08 19:00:00,3.56,
2018-09-08 19:15:00,3.56,
2018-09-08 19:30:00,3.24,
2018-09-08 19:45:00,3.42,
2018-09-08 20:00:00,3.31,
2018-09-08 20:15:00,2.99,
2018-09-08 20:30:00,2.99,
2018-09-08 20:45:00,2.95,
2018-09-08 21:00:00,2.95,
2018-09-08 21:15:00,2.99,
2018-09-08 21:30:00,2.99,
2018-09-08 21:45:00,3.06,
2018-09-08 22:00:00,3.1,
2018-09-08 22:15:00,2.81,
2018-09-08 22:30:00,2.84,
2018-09-08 22:45:00,2.84,
2018-09-08 23:00:00,2.84,
2018-09-08 23:15:00,2.88,
2018-09-08 23:30:00,3.31,
2018-09-08 23:45:00,2.84,
2018-09-09 00:00:00,2.77,
2018-09-09 00:15:00,3.38,
2018-09-09 00:30:00,2.77,
2018-09-09 00:45:00,2.84,
2018-09-09 01:00:00,2.81,
2018-09-09 01:15:00,2.77,
2018-09-09 01:30:00,2.77,
2018-09-09 01:45:00,2.81,
2018-09-09 02:00:00,2.81,
2018-09-09 02:15:00,2.84,
2018-09-09 02:30:00,2.84,
2018-09-09 02:45:00,2.84,
2018-09-09 03:00:00,2.84,
2018-09-09 03:15:00,3.13,
2018-09-09 03:30:00,3.13,
2018-09-09 03:45:00,2.95,
2018-09-09 04:00:00,2.84,
2018-09-09 04:15:00,2.84,
2018-09-09 04:30:00,3.17,
2018-09-09 04:45:00,3.42,
2018-09-09 05:00:00,2.92,
2018-09-09 05:15:00,2.92,
2018-09-09 05:30:00,2.88,
2018-09-09 05:45:00,2.84,
2018-09-09 06:00:00,2.81,
2018-09-09 06:15:00,2.84,
2018-09-09 06:30:00,3.17,
2018-09-09 06:45:00,3.13,
2018-09-09 07:00:00,2.81,
2018-09-09 07:15:00,2.92,
2018-09-09 07:30:00,2.92,
2018-09-09 07:45:00,3.06,
2018-09-09 08:00:00,3.06,
2018-09-09 08:15:00,3.74,
2018-09-09 08:30:00,5.76,
2018-09-09 08:45:00,8.53,
2018-09-09 09:00:00,10.55,
2018-09-09 09:15:00,10.22,
2018-09-09 09:30:00,10.98,
2018-09-09 09:45:00,11.45,
2018-09-09 10:00:00,10.58,
2018-09-09 10:15:00,11.09,
2018-09-09 10:30:00,10.44,
2018-09-09 10:45:00,7.67,
2018-09-09 11:00:00,9.11,
2018-09-09 11:15:00,20.66,
2018-09-09 11:30:00,25.78,
2018-09-09 11:45:00,20.99,
2018-09-09 12:00:00,4.07,
2018-09-09 12:15:00,4.07,
2018-09-09 12:30:00,4.07,
2018-09-09 12:45:00,4.1,
2018-09-09 13:00:00,4.1,
2018-09-09 13:15:00,4.1,
2018-09-09 13:30:00,21.1,
2018-09-09 13:45:00,28.76,
2018-09-09 14:00:00,29.48,
2018-09-09 14:15:00,29.59,
2018-09-09 14:30:00,27.36,
2018-09-09 14:45:00,25.42,
2018-09-09 15:00:00,25.52,
2018-09-09 15:15:00,23.9,
2018-09-09 15:30:00,23.26,
2018-09-09 15:45:00,23.65,
2018-09-09 16:00:00,17.71,
2018-09-09 16:15:00,4.25,
2018-09-09 16:30:00,4.5,
2018-09-09 16:45:00,5.18,
2018-09-09 17:00:00,6.26,
2018-09-09 17:15:00,3.85,
2018-09-09 17:30:00,3.67,
2018-09-09 17:45:00,3.64,
2018-09-09 18:00:00,3.64,
2018-09-09 18:15:00,3.49,
2018-09-09 18:30:00,3.53,
2018-09-09 18:45:00,3.49,
2018-09-09 19:00:00,2.99,
2018-09-09 19:15:00,2.95,
2018-09-09 19:30:00,2.95,
2018-09-09 19:45:00,2.99,
2018-09-09 20:00:00,2.99,
2018-09-09 20:15:00,2.95,
2018-09-09 20:30:00,2.99,
2018-09-09 20:45:00,2.95,
2018-09-09 21:00:00,2.95,
2018-09-09 21:15:00,2.99,
2018-09-09 21:30:00,3.02,
2018-09-09 21:45:00,2.99,
2018-09-09 22:00:00,2.95,
2018-09-09 22:15:00,3.74,
2018-09-09 22:30:00,4.03,
2018-09-09 22:45:00,2.77,
2018-09-09 23:00:00,2.88,
2018-09-09 23:15:00,2.77,
2018-09-09 23:30:00,2.77,
2018-09-09 23:45:00,2.74,
2018-09-10 00:00:00,2.56,
2018-09-10 00:15:00,2.77,
2018-09-10 00:30:00,2.88,
2018-09-10 00:45:00,2.77,
2018-09-10 01:00:00,2.77,
2018-09-10 01:15:00,2.84,
2018-09-10 01:30:00,2.81,
2018-09-10 01:45:00,2.77,
2018-09-10 02:00:00,3.28,
2018-09-10 02:15:00,3.02,
2018-09-10 02:30:00,2.81,
2018-09-10 02:45:00,2.81,
2018-09-10 03:00:00,2.81,
2018-09-10 03:15:00,3.38,
2018-09-10 03:30:00,3.35,
2018-09-10 03:45:00,2.81,
2018-09-10 04:00:00,2.84,
2018-09-10 04:15:00,2.81,
2018-09-10 04:30:00,2.77,
2018-09-10 04:45:00,2.84,
2018-09-10 05:00:00,2.88,
2018-09-10 05:15:00,2.84,
2018-09-10 05:30:00,2.81,
2018-09-10 05:45:00,3.35,
2018-09-10 06:00:00,2.95,
2018-09-10 06:15:00,2.7,
2018-09-10 06:30:00,2.77,
2018-09-10 06:45:00,2.74,
2018-09-10 07:00:00,2.74,
2018-09-10 07:15:00,2.74,
2018-09-10 07:30:00,3.02,
2018-09-10 07:45:00,3.17,
2018-09-10 08:00:00,3.2,
2018-09-10 08:15:00,15.44,
2018-09-10 08:30:00,80.21,
2018-09-10 08:45:00,58.28,
2018-09-10 09:00:00,50.11,
2018-09-10 09:15:00,46.66,
2018-09-10 09:30:00,57.06,
2018-09-10 09:45:00,58.46,
2018-09-10 10:00:00,48.96,
2018-09-10 10:15:00,55.66,
2018-09-10 10:30:00,46.04,
2018-09-10 10:45:00,56.12,
2018-09-10 11:00:00,56.74,
2018-09-10 11:15:00,51.08,
2018-09-10 11:30:00,56.7,
2018-09-10 11:45:00,54.79,
2018-09-10 12:00:00,59.08,
2018-09-10 12:15:00,4.79,
2018-09-10 12:30:00,4.57,
2018-09-10 12:45:00,3.92,
2018-09-10 13:00:00,3.82,
2018-09-10 13:15:00,58.32,
2018-09-10 13:30:00,108.07,
2018-09-10 13:45:00,89.75,
2018-09-10 14:00:00,103.46,
2018-09-10 14:15:00,116.68,
2018-09-10 14:30:00,63.65,
2018-09-10 14:45:00,108.32,
2018-09-10 15:00:00,104.08,
2018-09-10 15:15:00,73.33,
2018-09-10 15:30:00,109.87,
2018-09-10 15:45:00,87.7,
2018-09-10 16:00:00,101.95,
2018-09-10 16:15:00,122.54,
2018-09-10 16:30:00,92.23,
2018-09-10 16:45:00,106.06,
2018-09-10 17:00:00,120.46,
2018-09-10 17:15:00,82.44,
2018-09-10 17:30:00,121.46,
2018-09-10 17:45:00,108.14,
2018-09-10 18:00:00,47.45,
2018-09-10 18:15:00,14.94,
2018-09-10 18:30:00,3.82,
2018-09-10 18:45:00,3.82,
2018-09-10 19:00:00,3.46,
2018-09-10 19:15:00,3.46,
2018-09-10 19:30:00,3.49,
2018-09-10 19:45:00,3.53,
2018-09-10 20:00:00,3.49,
2018-09-10 20:15:00,3.46,
2018-09-10 20:30:00,3.42,
2018-09-10 20:45:00,3.49,
2018-09-10 21:00:00,3.49,
2018-09-10 21:15:00,3.53,
2018-09-10 21:30:00,3.53,
2018-09-10 21:45:00,4.1,
2018-09-10 22:00:00,4.64,
2018-09-10 22:15:00,2.92,
2018-09-10 22:30:00,2.66,
2018-09-10 22:45:00,2.63,
2018-09-10 23:00:00,2.7,
2018-09-10 23:15:00,2.63,
2018-09-10 23:30:00,2.59,
2018-09-10 23:45:00,2.52,
2018-09-11 00:00:00,2.95,
2018-09-11 00:15:00,2.56,
2018-09-11 00:30:00,2.63,
2018-09-11 00:45:00,2.56,
2018-09-11 01:00:00,2.63,
2018-09-11 01:15:00,2.66,
2018-09-11 01:30:00,2.63,
2018-09-11 01:45:00,3.17,
2018-09-11 02:00:00,2.92,
2018-09-11 02:15:00,2.59,
2018-09-11 02:30:00,2.56,
2018-09-11 02:45:00,3.2,
2018-09-11 03:00:00,2.88,
2018-09-11 03:15:00,2.56,
2018-09-11 03:30:00,2.66,
2018-09-11 03:45:00,2.59,
2018-09-11 04:00:00,2.66,
2018-09-11 04:15:00,2.56,
2018-09-11 04:30:00,2.56,
2018-09-11 04:45:00,2.59,
2018-09-11 05:00:00,2.63,
2018-09-11 05:15:00,2.56,
2018-09-11 05:30:00,2.59,
2018-09-11 05:45:00,2.56,
2018-09-11 06:00:00,2.95,
2018-09-11 06:15:00,3.02,
2018-09-11 06:30:00,2.63,
2018-09-11 06:45:00,2.56,
2018-09-11 07:00:00,2.52,
2018-09-11 07:15:00,2.81,
2018-09-11 07:30:00,3.06,
2018-09-11 07:45:00,2.99,
2018-09-11 08:00:00,3.13,
2018-09-11 08:15:00,52.38,
2018-09-11 08:30:00,106.52,
2018-09-11 08:45:00,102.46,
2018-09-11 09:00:00,93.92,
2018-09-11 09:15:00,115.13,
2018-09-11 09:30:00,106.7,
2018-09-11 09:45:00,67.93,
2018-09-11 10:00:00,86.15,
2018-09-11 10:15:00,125.46,
2018-09-11 10:30:00,95.15,
2018-09-11 10:45:00,77.69,
2018-09-11 11:00:00,107.14,
2018-09-11 11:15:00,109.58,
2018-09-11 11:30:00,90.25,
2018-09-11 11:45:00,122.11,
2018-09-11 12:00:00,114.84,
2018-09-11 12:15:00,7.56,
2018-09-11 12:30:00,7.42,
2018-09-11 12:45:00,6.84,
2018-09-11 13:00:00,6.16,
2018-09-11 13:15:00,55.69,
2018-09-11 13:30:00,96.84,
2018-09-11 13:45:00,122.94,
2018-09-11 14:00:00,125.89,
2018-09-11 14:15:00,62.78,
2018-09-11 14:30:00,59.54,
2018-09-11 14:45:00,64.98,
2018-09-11 15:00:00,53.64,
2018-09-11 15:15:00,62.57,
2018-09-11 15:30:00,58.07,
2018-09-11 15:45:00,70.16,
2018-09-11 16:00:00,106.67,
2018-09-11 16:15:00,73.44,
2018-09-11 16:30:00,115.34,
2018-09-11 16:45:00,99.11,
2018-09-11 17:00:00,122.76,
2018-09-11 17:15:00,118.84,
2018-09-11 17:30:00,75.82,
2018-09-11 17:45:00,62.42,
2018-09-11 18:00:00,28.37,
2018-09-11 18:15:00,35.21,
2018-09-11 18:30:00,38.16,
2018-09-11 18:45:00,33.62,
2018-09-11 19:00:00,34.81,
2018-09-11 19:15:00,37.26,
2018-09-11 19:30:00,37.76,
2018-09-11 19:45:00,37.58,
2018-09-11 20:00:00,32.15,
2018-09-11 20:15:00,37.33,
2018-09-11 20:30:00,38.52,
2018-09-11 20:45:00,34.02,
2018-09-11 21:00:00,14.72,
2018-09-11 21:15:00,6.52,
2018-09-11 21:30:00,4.0,
2018-09-11 21:45:00,3.89,
2018-09-11 22:00:00,3.82,
2018-09-11 22:15:00,3.6,
2018-09-11 22:30:00,3.6,
2018-09-11 22:45:00,4.18,
2018-09-11 23:00:00,4.72,
2018-09-11 23:15:00,3.53,
2018-09-11 23:30:00,3.49,
2018-09-11 23:45:00,3.06,
2018-09-12 00:00:00,3.35,
2018-09-12 00:15:00,2.92,
2018-09-12 00:30:00,2.95,
2018-09-12 00:45:00,2.92,
2018-09-12 01:00:00,2.92,
2018-09-12 01:15:00,2.95,
2018-09-12 01:30:00,2.92,
2018-09-12 01:45:00,2.95,
2018-09-12 02:00:00,2.99,
2018-09-12 02:15:00,2.88,
2018-09-12 02:30:00,2.95,
2018-09-12 02:45:00,2.92,
2018-09-12 03:00:00,2.92,
2018-09-12 03:15:00,2.99,
2018-09-12 03:30:00,3.2,
2018-09-12 03:45:00,4.32,
2018-09-12 04:00:00,3.38,
2018-09-12 04:15:00,2.95,
2018-09-12 04:30:00,2.92,
2018-09-12 04:45:00,2.99,
2018-09-12 05:00:00,2.92,
2018-09-12 05:15:00,2.92,
2018-09-12 05:30:00,2.92,
2018-09-12 05:45:00,2.88,
2018-09-12 06:00:00,2.88,
2018-09-12 06:15:00,2.92,
2018-09-12 06:30:00,2.92,
2018-09-12 06:45:00,2.88,
2018-09-12 07:00:00,2.84,
2018-09-12 07:15:00,2.88,
2018-09-12 07:30:00,3.02,
2018-09-12 07:45:00,3.31,
2018-09-12 08:00:00,4.75,
2018-09-12 08:15:00,58.07,
2018-09-12 08:30:00,126.25,
2018-09-12 08:45:00,87.91,
2018-09-12 09:00:00,54.54,
2018-09-12 09:15:00,54.25,
2018-09-12 09:30:00,41.69,
2018-09-12 09:45:00,52.78,
2018-09-12 10:00:00,59.33,
2018-09-12 10:15:00,47.84,
2018-09-12 10:30:00,46.15,
2018-09-12 10:45:00,49.03,
2018-09-12 11:00:00,55.44,
2018-09-12 11:15:00,67.0,
2018-09-12 11:30:00,54.36,
2018-09-12 11:45:00,59.33,
2018-09-12 12:00:00,44.35,
2018-09-12 12:15:00,4.43,
2018-09-12 12:30:00,5.18,
2018-09-12 12:45:00,4.5,
2018-09-12 13:00:00,5.11,
2018-09-12 13:15:00,38.23,
2018-09-12 13:30:00,64.22,
2018-09-12 13:45:00,62.42,
2018-09-12 14:00:00,66.53,
2018-09-12 14:15:00,91.51,
2018-09-12 14:30:00,66.02,
2018-09-12 14:45:00,76.82,
2018-09-12 15:00:00,115.7,
2018-09-12 15:15:00,77.44,
2018-09-12 15:30:00,99.68,
2018-09-12 15:45:00,120.13,
2018-09-12 16:00:00,87.52,
2018-09-12 16:15:00,53.75,
2018-09-12 16:30:00,57.49,
2018-09-12 16:45:00,58.39,
2018-09-12 17:00:00,58.39,
2018-09-12 17:15:00,58.39,
2018-09-12 17:30:00,43.49,
2018-09-12 17:45:00,29.09,
2018-09-12 18:00:00,27.32,
2018-09-12 18:15:00,43.45,
2018-09-12 18:30:00,55.76,
2018-09-12 18:45:00,51.8,
2018-09-12 19:00:00,44.14,
2018-09-12 19:15:00,58.5,
2018-09-12 19:30:00,44.6,
2018-09-12 19:45:00,49.5,
2018-09-12 20:00:00,56.09,
2018-09-12 20:15:00,40.39,
2018-09-12 20:30:00,43.31,
2018-09-12 20:45:00,32.51,
2018-09-12 21:00:00,13.82,
2018-09-12 21:15:00,5.54,
2018-09-12 21:30:00,3.82,
2018-09-12 21:45:00,3.64,
2018-09-12 22:00:00,3.64,
2018-09-12 22:15:00,3.46,
2018-09-12 22:30:00,3.49,
2018-09-12 22:45:00,3.38,
2018-09-12 23:00:00,3.35,
2018-09-12 23:15:00,3.35,
2018-09-12 23:30:00,3.35,
2018-09-12 23:45:00,3.31,
2018-09-13 00:00:00,4.28,
2018-09-13 00:15:00,3.06,
2018-09-13 00:30:00,2.74,
2018-09-13 00:45:00,2.74,
2018-09-13 01:00:00,2.77,
2018-09-13 01:15:00,2.7,
2018-09-13 01:30:00,2.77,
2018-09-13 01:45:00,2.77,
2018-09-13 02:00:00,2.66,
2018-09-13 02:15:00,2.99,
2018-09-13 02:30:00,3.38,
2018-09-13 02:45:00,2.99,
2018-09-13 03:00:00,2.77,
2018-09-13 03:15:00,2.74,
2018-09-13 03:30:00,2.74,
2018-09-13 03:45:00,2.7,
2018-09-13 04:00:00,2.81,
2018-09-13 04:15:00,3.17,
2018-09-13 04:30:00,3.38,
2018-09-13 04:45:00,2.81,
2018-09-13 05:00:00,2.77,
2018-09-13 05:15:00,2.84,
2018-09-13 05:30:00,2.81,
2018-09-13 05:45:00,2.84,
2018-09-13 06:00:00,2.77,
2018-09-13 06:15:00,2.74,
2018-09-13 06:30:00,2.81,
2018-09-13 06:45:00,2.77,
2018-09-13 07:00:00,2.7,
2018-09-13 07:15:00,2.81,
2018-09-13 07:30:00,2.81,
2018-09-13 07:45:00,3.6,
2018-09-13 08:00:00,4.61,
2018-09-13 08:15:00,35.75,
2018-09-13 08:30:00,52.78,
2018-09-13 08:45:00,47.95,
2018-09-13 09:00:00,90.79,
2018-09-13 09:15:00,108.72,
2018-09-13 09:30:00,105.52,
2018-09-13 09:45:00,59.51,
2018-09-13 10:00:00,116.64,
2018-09-13 10:15:00,123.55,
2018-09-13 10:30:00,78.44,
2018-09-13 10:45:00,51.8,
2018-09-13 11:00:00,53.6,
2018-09-13 11:15:00,50.33,
2018-09-13 11:30:00,51.01,
2018-09-13 11:45:00,56.45,
2018-09-13 12:00:00,56.09,
2018-09-13 12:15:00,7.31,
2018-09-13 12:30:00,4.43,
2018-09-13 12:45:00,4.5,
2018-09-13 13:00:00,5.08,
2018-09-13 13:15:00,40.25,
2018-09-13 13:30:00,60.48,
2018-09-13 13:45:00,58.18,
2018-09-13 14:00:00,65.99,
2018-09-13 14:15:00,59.8,
2018-09-13 14:30:00,51.44,
2018-09-13 14:45:00,61.81,
2018-09-13 15:00:00,67.9,
2018-09-13 15:15:00,109.01,
2018-09-13 15:30:00,99.72,
2018-09-13 15:45:00,68.0,
2018-09-13 16:00:00,101.02,
2018-09-13 16:15:00,122.87,
2018-09-13 16:30:00,74.56,
2018-09-13 16:45:00,49.32,
2018-09-13 17:00:00,58.68,
2018-09-13 17:15:00,54.4,
2018-09-13 17:30:00,57.74,
2018-09-13 17:45:00,32.69,
2018-09-13 18:00:00,31.97,
2018-09-13 18:15:00,41.22,
2018-09-13 18:30:00,50.65,
2018-09-13 18:45:00,46.3,
2018-09-13 19:00:00,57.17,
2018-09-13 19:15:00,54.76,
2018-09-13 19:30:00,49.1,
2018-09-13 19:45:00,46.8,
2018-09-13 20:00:00,40.79,
2018-09-13 20:15:00,47.95,
2018-09-13 20:30:00,69.16,
2018-09-13 20:45:00,49.82,
2018-09-13 21:00:00,19.98,
2018-09-13 21:15:00,5.04,
2018-09-13 21:30:00,4.93,
2018-09-13 21:45:00,4.86,
2018-09-13 22:00:00,4.79,
2018-09-13 22:15:00,4.46,
2018-09-13 22:30:00,4.46,
2018-09-13 22:45:00,4.43,
2018-09-13 23:00:00,4.28,
2018-09-13 23:15:00,4.28,
2018-09-13 23:30:00,4.32,
2018-09-13 23:45:00,4.28,
2018-09-14 00:00:00,2.66,
2018-09-14 00:15:00,4.28,
2018-09-14 00:30:00,4.25,
2018-09-14 00:45:00,3.89,
2018-09-14 01:00:00,3.28,
2018-09-14 01:15:00,3.24,
2018-09-14 01:30:00,3.53,
2018-09-14 01:45:00,4.36,
2018-09-14 02:00:00,3.31,
2018-09-14 02:15:00,3.35,
2018-09-14 02:30:00,3.31,
2018-09-14 02:45:00,3.31,
2018-09-14 03:00:00,3.24,
2018-09-14 03:15:00,3.28,
2018-09-14 03:30:00,3.28,
2018-09-14 03:45:00,3.35,
2018-09-14 04:00:00,3.31,
2018-09-14 04:15:00,3.89,
2018-09-14 04:30:00,4.07,
2018-09-14 04:45:00,3.31,
2018-09-14 05:00:00,3.31,
2018-09-14 05:15:00,3.35,
2018-09-14 05:30:00,3.35,
2018-09-14 05:45:00,3.64,
2018-09-14 06:00:00,4.28,
2018-09-14 06:15:00,3.67,
2018-09-14 06:30:00,3.24,
2018-09-14 06:45:00,3.31,
2018-09-14 07:00:00,3.24,
2018-09-14 07:15:00,3.28,
2018-09-14 07:30:00,3.49,
2018-09-14 07:45:00,3.71,
2018-09-14 08:00:00,4.82,
2018-09-14 08:15:00,33.34,
2018-09-14 08:30:00,50.9,
2018-09-14 08:45:00,63.58,
2018-09-14 09:00:00,49.32,
2018-09-14 09:15:00,47.41,
2018-09-14 09:30:00,61.2,
2018-09-14 09:45:00,45.79,
2018-09-14 10:00:00,39.6,
2018-09-14 10:15:00,41.18,
2018-09-14 10:30:00,52.06,
2018-09-14 10:45:00,55.19,
2018-09-14 11:00:00,50.4,
2018-09-14 11:15:00,56.05,
2018-09-14 11:30:00,55.4,
2018-09-14 11:45:00,64.48,
2018-09-14 12:00:00,63.4,
2018-09-14 12:15:00,13.46,
2018-09-14 12:30:00,4.32,
2018-09-14 12:45:00,4.64,
2018-09-14 13:00:00,3.71,
2018-09-14 13:15:00,47.34,
2018-09-14 13:30:00,54.76,
2018-09-14 13:45:00,68.29,
2018-09-14 14:00:00,58.46,
2018-09-14 14:15:00,66.31,
2018-09-14 14:30:00,60.98,
2018-09-14 14:45:00,67.68,
2018-09-14 15:00:00,61.49,
2018-09-14 15:15:00,48.24,
2018-09-14 15:30:00,61.06,
2018-09-14 15:45:00,65.99,
2018-09-14 16:00:00,58.03,
2018-09-14 16:15:00,65.81,
2018-09-14 16:30:00,111.78,
2018-09-14 16:45:00,106.16,
2018-09-14 17:00:00,48.13,
2018-09-14 17:15:00,43.02,
2018-09-14 17:30:00,62.5,
2018-09-14 17:45:00,54.58,
2018-09-14 18:00:00,34.99,
2018-09-14 18:15:00,28.48,
2018-09-14 18:30:00,29.05,
2018-09-14 18:45:00,28.26,
2018-09-14 19:00:00,27.0,
2018-09-14 19:15:00,20.41,
2018-09-14 19:30:00,7.85,
2018-09-14 19:45:00,8.32,
2018-09-14 20:00:00,4.54,
2018-09-14 20:15:00,3.67,
2018-09-14 20:30:00,3.71,
2018-09-14 20:45:00,3.67,
2018-09-14 21:00:00,3.64,
2018-09-14 21:15:00,3.6,
2018-09-14 21:30:00,3.74,
2018-09-14 21:45:00,3.6,
2018-09-14 22:00:00,3.6,
2018-09-14 22:15:00,3.28,
2018-09-14 22:30:00,3.31,
2018-09-14 22:45:00,2.84,
2018-09-14 23:00:00,2.7,
2018-09-14 23:15:00,2.66,
2018-09-14 23:30:00,2.66,
2018-09-14 23:45:00,2.66,
2018-09-15 00:00:00,2.66,
2018-09-15 00:15:00,2.7,
2018-09-15 00:30:00,2.63,
2018-09-15 00:45:00,2.63,
2018-09-15 01:00:00,2.63,
2018-09-15 01:15:00,2.81,
2018-09-15 01:30:00,3.24,
2018-09-15 01:45:00,2.99,
2018-09-15 02:00:00,2.66,
2018-09-15 02:15:00,2.7,
2018-09-15 02:30:00,2.7,
2018-09-15 02:45:00,2.63,
2018-09-15 03:00:00,2.63,
2018-09-15 03:15:00,2.7,
2018-09-15 03:30:00,2.63,
2018-09-15 03:45:00,2.63,
2018-09-15 04:00:00,3.31,
2018-09-15 04:15:00,2.77,
2018-09-15 04:30:00,2.7,
2018-09-15 04:45:00,2.7,
2018-09-15 05:00:00,2.7,
2018-09-15 05:15:00,2.7,
2018-09-15 05:30:00,2.63,
2018-09-15 05:45:00,2.59,
2018-09-15 06:00:00,2.63,
2018-09-15 06:15:00,2.7,
2018-09-15 06:30:00,2.63,
2018-09-15 06:45:00,2.63,
2018-09-15 07:00:00,2.63,
2018-09-15 07:15:00,3.06,
2018-09-15 07:30:00,3.1,
2018-09-15 07:45:00,2.74,
2018-09-15 08:00:00,8.06,
2018-09-15 08:15:00,34.02,
2018-09-15 08:30:00,33.44,
2018-09-15 08:45:00,38.3,
2018-09-15 09:00:00,48.78,
2018-09-15 09:15:00,33.05,
2018-09-15 09:30:00,35.75,
2018-09-15 09:45:00,35.14,
2018-09-15 10:00:00,40.14,
2018-09-15 10:15:00,33.8,
2018-09-15 10:30:00,40.43,
2018-09-15 10:45:00,33.01,
2018-09-15 11:00:00,40.72,
2018-09-15 11:15:00,41.22,
2018-09-15 11:30:00,32.58,
2018-09-15 11:45:00,40.39,
2018-09-15 12:00:00,17.89,
2018-09-15 12:15:00,3.31,
2018-09-15 12:30:00,3.82,
2018-09-15 12:45:00,3.82,
2018-09-15 13:00:00,3.31,
2018-09-15 13:15:00,29.63,
2018-09-15 13:30:00,40.97,
2018-09-15 13:45:00,39.96,
2018-09-15 14:00:00,36.65,
2018-09-15 14:15:00,40.39,
2018-09-15 14:30:00,40.39,
2018-09-15 14:45:00,32.98,
2018-09-15 15:00:00,37.84,
2018-09-15 15:15:00,44.21,
2018-09-15 15:30:00,42.37,
2018-09-15 15:45:00,38.59,
2018-09-15 16:00:00,33.08,
2018-09-15 16:15:00,39.67,
2018-09-15 16:30:00,40.72,
2018-09-15 16:45:00,39.67,
2018-09-15 17:00:00,5.83,
2018-09-15 17:15:00,3.82,
2018-09-15 17:30:00,3.46,
2018-09-15 17:45:00,3.49,
2018-09-15 18:00:00,3.49,
2018-09-15 18:15:00,3.42,
2018-09-15 18:30:00,3.42,
2018-09-15 18:45:00,3.6,
2018-09-15 19:00:00,3.67,
2018-09-15 19:15:00,3.64,
2018-09-15 19:30:00,3.6,
2018-09-15 19:45:00,3.64,
2018-09-15 20:00:00,3.06,
2018-09-15 20:15:00,2.99,
2018-09-15 20:30:00,2.92,
2018-09-15 20:45:00,2.92,
2018-09-15 21:00:00,2.95,
2018-09-15 21:15:00,3.53,
2018-09-15 21:30:00,3.49,
2018-09-15 21:45:00,2.92,
2018-09-15 22:00:00,2.88,
2018-09-15 22:15:00,2.77,
2018-09-15 22:30:00,2.84,
2018-09-15 22:45:00,2.77,
2018-09-15 23:00:00,2.88,
2018-09-15 23:15:00,3.2,
2018-09-15 23:30:00,2.66,
2018-09-15 23:45:00,2.66,
2018-09-16 00:00:00,2.74,
2018-09-16 00:15:00,2.66,
2018-09-16 00:30:00,2.81,
2018-09-16 00:45:00,2.74,
2018-09-16 01:00:00,2.7,
2018-09-16 01:15:00,2.7,
2018-09-16 01:30:00,2.7,
2018-09-16 01:45:00,2.74,
2018-09-16 02:00:00,2.77,
2018-09-16 02:15:00,2.74,
2018-09-16 02:30:00,2.99,
2018-09-16 02:45:00,3.31,
2018-09-16 03:00:00,2.7,
2018-09-16 03:15:00,3.35,
2018-09-16 03:30:00,3.2,
2018-09-16 03:45:00,2.74,
2018-09-16 04:00:00,2.74,
2018-09-16 04:15:00,2.74,
2018-09-16 04:30:00,2.77,
2018-09-16 04:45:00,2.74,
2018-09-16 05:00:00,2.74,
2018-09-16 05:15:00,2.7,
2018-09-16 05:30:00,2.74,
2018-09-16 05:45:00,2.66,
2018-09-16 06:00:00,2.7,
2018-09-16 06:15:00,2.66,
2018-09-16 06:30:00,2.77,
2018-09-16 06:45:00,3.17,
2018-09-16 07:00:00,3.02,
2018-09-16 07:15:00,2.66,
2018-09-16 07:30:00,2.66,
2018-09-16 07:45:00,2.63,
2018-09-16 08:00:00,2.7,
2018-09-16 08:15:00,2.59,
2018-09-16 08:30:00,2.63,
2018-09-16 08:45:00,3.35,
2018-09-16 09:00:00,3.2,
2018-09-16 09:15:00,2.88,
2018-09-16 09:30:00,2.92,
2018-09-16 09:45:00,2.81,
2018-09-16 10:00:00,2.84,
2018-09-16 10:15:00,2.84,
2018-09-16 10:30:00,2.84,
2018-09-16 10:45:00,2.88,
2018-09-16 11:00:00,2.92,
2018-09-16 11:15:00,2.84,
2018-09-16 11:30:00,2.81,
2018-09-16 11:45:00,2.77,
2018-09-16 12:00:00,3.2,
2018-09-16 12:15:00,3.06,
2018-09-16 12:30:00,2.84,
2018-09-16 12:45:00,2.95,
2018-09-16 13:00:00,2.84,
2018-09-16 13:15:00,2.81,
2018-09-16 13:30:00,2.84,
2018-09-16 13:45:00,2.81,
2018-09-16 14:00:00,2.81,
2018-09-16 14:15:00,2.92,
2018-09-16 14:30:00,2.88,
2018-09-16 14:45:00,3.49,
2018-09-16 15:00:00,2.92,
2018-09-16 15:15:00,2.84,
2018-09-16 15:30:00,3.13,
2018-09-16 15:45:00,3.38,
2018-09-16 16:00:00,2.88,
2018-09-16 16:15:00,2.84,
2018-09-16 16:30:00,2.88,
2018-09-16 16:45:00,2.84,
2018-09-16 17:00:00,2.84,
2018-09-16 17:15:00,2.81,
2018-09-16 17:30:00,2.88,
2018-09-16 17:45:00,2.95,
2018-09-16 18:00:00,2.81,
2018-09-16 18:15:00,2.77,
2018-09-16 18:30:00,2.84,
2018-09-16 18:45:00,2.88,
2018-09-16 19:00:00,2.84,
2018-09-16 19:15:00,3.06,
2018-09-16 19:30:00,3.56,
2018-09-16 19:45:00,3.28,
2018-09-16 20:00:00,3.28,
2018-09-16 20:15:00,3.49,
2018-09-16 20:30:00,2.95,
2018-09-16 20:45:00,2.92,
2018-09-16 21:00:00,2.99,
2018-09-16 21:15:00,2.92,
2018-09-16 21:30:00,2.92,
2018-09-16 21:45:00,2.95,
2018-09-16 22:00:00,2.99,
2018-09-16 22:15:00,2.74,
2018-09-16 22:30:00,2.88,
2018-09-16 22:45:00,2.77,
2018-09-16 23:00:00,2.74,
2018-09-16 23:15:00,2.74,
2018-09-16 23:30:00,2.66,
2018-09-16 23:45:00,2.7,
2018-09-17 00:00:00,3.53,
2018-09-17 00:15:00,2.7,
2018-09-17 00:30:00,2.77,
2018-09-17 00:45:00,2.74,
2018-09-17 01:00:00,2.74,
2018-09-17 01:15:00,3.35,
2018-09-17 01:30:00,2.84,
2018-09-17 01:45:00,3.28,
2018-09-17 02:00:00,3.1,
2018-09-17 02:15:00,2.77,
2018-09-17 02:30:00,2.77,
2018-09-17 02:45:00,2.77,
2018-09-17 03:00:00,2.74,
2018-09-17 03:15:00,2.77,
2018-09-17 03:30:00,2.84,
2018-09-17 03:45:00,2.77,
2018-09-17 04:00:00,2.74,
2018-09-17 04:15:00,2.74,
2018-09-17 04:30:00,2.81,
2018-09-17 04:45:00,2.74,
2018-09-17 05:00:00,3.2,
2018-09-17 05:15:00,2.99,
2018-09-17 05:30:00,2.77,
2018-09-17 05:45:00,2.7,
2018-09-17 06:00:00,2.63,
2018-09-17 06:15:00,2.66,
2018-09-17 06:30:00,2.7,
2018-09-17 06:45:00,3.13,
2018-09-17 07:00:00,3.06,
2018-09-17 07:15:00,2.66,
2018-09-17 07:30:00,2.92,
2018-09-17 07:45:00,3.06,
2018-09-17 08:00:00,3.13,
2018-09-17 08:15:00,25.78,
2018-09-17 08:30:00,63.11,
2018-09-17 08:45:00,45.76,
2018-09-17 09:00:00,56.34,
2018-09-17 09:15:00,56.48,
2018-09-17 09:30:00,50.98,
2018-09-17 09:45:00,47.34,
2018-09-17 10:00:00,42.3,
2018-09-17 10:15:00,43.02,
2018-09-17 10:30:00,55.19,
2018-09-17 10:45:00,56.63,
2018-09-17 11:00:00,62.96,
2018-09-17 11:15:00,49.79,
2018-09-17 11:30:00,56.88,
2018-09-17 11:45:00,48.17,
2018-09-17 12:00:00,45.79,
2018-09-17 12:15:00,6.23,
2018-09-17 12:30:00,3.89,
2018-09-17 12:45:00,6.55,
2018-09-17 13:00:00,5.26,
2018-09-17 13:15:00,50.98,
2018-09-17 13:30:00,74.77,
2018-09-17 13:45:00,115.49,
2018-09-17 14:00:00,114.12,
2018-09-17 14:15:00,96.23,
2018-09-17 14:30:00,111.64,
2018-09-17 14:45:00,97.85,
2018-09-17 15:00:00,121.14,
2018-09-17 15:15:00,85.9,
2018-09-17 15:30:00,108.5,
2018-09-17 15:45:00,107.82,
2018-09-17 16:00:00,105.19,
2018-09-17 16:15:00,110.52,
2018-09-17 16:30:00,100.3,
2018-09-17 16:45:00,122.54,
2018-09-17 17:00:00,82.62,
2018-09-17 17:15:00,65.05,
2018-09-17 17:30:00,53.35,
2018-09-17 17:45:00,34.92,
2018-09-17 18:00:00,27.36,
2018-09-17 18:15:00,35.6,
2018-09-17 18:30:00,42.48,
2018-09-17 18:45:00,52.6,
2018-09-17 19:00:00,51.05,
2018-09-17 19:15:00,54.22,
2018-09-17 19:30:00,51.16,
2018-09-17 19:45:00,54.29,
2018-09-17 20:00:00,55.76,
2018-09-17 20:15:00,44.14,
2018-09-17 20:30:00,48.31,
2018-09-17 20:45:00,53.82,
2018-09-17 21:00:00,12.28,
2018-09-17 21:15:00,5.76,
2018-09-17 21:30:00,4.07,
2018-09-17 21:45:00,3.92,
2018-09-17 22:00:00,3.89,
2018-09-17 22:15:00,3.67,
2018-09-17 22:30:00,3.64,
2018-09-17 22:45:00,3.6,
2018-09-17 23:00:00,3.6,
2018-09-17 23:15:00,4.21,
2018-09-17 23:30:00,4.61,
2018-09-17 23:45:00,3.49,
2018-09-18 00:00:00,3.2,
2018-09-18 00:15:00,3.56,
2018-09-18 00:30:00,3.53,
2018-09-18 00:45:00,3.31,
2018-09-18 01:00:00,2.95,
2018-09-18 01:15:00,2.95,
2018-09-18 01:30:00,2.95,
2018-09-18 01:45:00,2.95,
2018-09-18 02:00:00,2.99,
2018-09-18 02:15:00,2.95,
2018-09-18 02:30:00,2.95,
2018-09-18 02:45:00,2.95,
2018-09-18 03:00:00,2.95,
2018-09-18 03:15:00,2.95,
2018-09-18 03:30:00,2.99,
2018-09-18 03:45:00,2.99,
2018-09-18 04:00:00,2.99,
2018-09-18 04:15:00,3.6,
2018-09-18 04:30:00,3.06,
2018-09-18 04:45:00,3.46,
2018-09-18 05:00:00,2.99,
2018-09-18 05:15:00,2.99,
2018-09-18 05:30:00,2.95,
2018-09-18 05:45:00,2.84,
2018-09-18 06:00:00,2.84,
2018-09-18 06:15:00,2.88,
2018-09-18 06:30:00,2.95,
2018-09-18 06:45:00,2.88,
2018-09-18 07:00:00,2.84,
2018-09-18 07:15:00,2.88,
2018-09-18 07:30:00,2.95,
2018-09-18 07:45:00,4.54,
2018-09-18 08:00:00,4.9,
2018-09-18 08:15:00,35.46,
2018-09-18 08:30:00,51.59,
2018-09-18 08:45:00,55.87,
2018-09-18 09:00:00,53.82,
2018-09-18 09:15:00,48.24,
2018-09-18 09:30:00,60.08,
2018-09-18 09:45:00,61.2,
2018-09-18 10:00:00,59.8,
2018-09-18 10:15:00,59.26,
2018-09-18 10:30:00,53.93,
2018-09-18 10:45:00,49.75,
2018-09-18 11:00:00,47.09,
2018-09-18 11:15:00,60.55,
2018-09-18 11:30:00,62.06,
2018-09-18 11:45:00,62.68,
2018-09-18 12:00:00,45.68,
2018-09-18 12:15:00,25.6,
2018-09-18 12:30:00,12.46,
2018-09-18 12:45:00,4.07,
2018-09-18 13:00:00,3.89,
2018-09-18 13:15:00,39.2,
2018-09-18 13:30:00,53.57,
2018-09-18 13:45:00,60.48,
2018-09-18 14:00:00,64.69,
2018-09-18 14:15:00,62.89,
2018-09-18 14:30:00,57.31,
2018-09-18 14:45:00,54.11,
2018-09-18 15:00:00,58.1,
2018-09-18 15:15:00,42.62,
2018-09-18 15:30:00,48.38,
2018-09-18 15:45:00,60.23,
2018-09-18 16:00:00,47.09,
2018-09-18 16:15:00,41.08,
2018-09-18 16:30:00,55.4,
2018-09-18 16:45:00,51.12,
2018-09-18 17:00:00,48.67,
2018-09-18 17:15:00,43.02,
2018-09-18 17:30:00,54.0,
2018-09-18 17:45:00,32.22,
2018-09-18 18:00:00,31.28,
2018-09-18 18:15:00,37.26,
2018-09-18 18:30:00,55.73,
2018-09-18 18:45:00,48.67,
2018-09-18 19:00:00,42.01,
2018-09-18 19:15:00,47.7,
2018-09-18 19:30:00,45.68,
2018-09-18 19:45:00,49.18,
2018-09-18 20:00:00,66.35,
2018-09-18 20:15:00,40.93,
2018-09-18 20:30:00,43.78,
2018-09-18 20:45:00,41.44,
2018-09-18 21:00:00,42.37,
2018-09-18 21:15:00,27.29,
2018-09-18 21:30:00,4.86,
2018-09-18 21:45:00,3.67,
2018-09-18 22:00:00,3.6,
2018-09-18 22:15:00,3.31,
2018-09-18 22:30:00,3.38,
2018-09-18 22:45:00,3.35,
2018-09-18 23:00:00,4.46,
2018-09-18 23:15:00,3.96,
2018-09-18 23:30:00,3.2,
2018-09-18 23:45:00,3.2,
2018-09-19 00:00:00,2.66,
2018-09-19 00:15:00,2.92,
2018-09-19 00:30:00,2.74,
2018-09-19 00:45:00,2.66,
2018-09-19 01:00:00,2.66,
2018-09-19 01:15:00,2.7,
2018-09-19 01:30:00,2.66,
2018-09-19 01:45:00,2.74,
2018-09-19 02:00:00,2.77,
2018-09-19 02:15:00,2.74,
2018-09-19 02:30:00,2.77,
2018-09-19 02:45:00,2.74,
2018-09-19 03:00:00,2.74,
2018-09-19 03:15:00,2.81,
2018-09-19 03:30:00,2.77,
2018-09-19 03:45:00,2.74,
2018-09-19 04:00:00,3.82,
2018-09-19 04:15:00,3.89,
2018-09-19 04:30:00,2.7,
2018-09-19 04:45:00,2.77,
2018-09-19 05:00:00,2.74,
2018-09-19 05:15:00,2.81,
2018-09-19 05:30:00,2.74,
2018-09-19 05:45:00,2.7,
2018-09-19 06:00:00,2.7,
2018-09-19 06:15:00,2.74,
2018-09-19 06:30:00,2.66,
2018-09-19 06:45:00,2.66,
2018-09-19 07:00:00,2.66,
2018-09-19 07:15:00,2.66,
2018-09-19 07:30:00,2.92,
2018-09-19 07:45:00,4.61,
2018-09-19 08:00:00,4.9,
2018-09-19 08:15:00,25.45,
2018-09-19 08:30:00,61.09,
2018-09-19 08:45:00,34.99,
2018-09-19 09:00:00,37.3,
2018-09-19 09:15:00,54.65,
2018-09-19 09:30:00,55.01,
2018-09-19 09:45:00,37.76,
2018-09-19 10:00:00,36.72,
2018-09-19 10:15:00,37.22,
2018-09-19 10:30:00,39.67,
2018-09-19 10:45:00,43.09,
2018-09-19 11:00:00,43.34,
2018-09-19 11:15:00,45.76,
2018-09-19 11:30:00,40.25,
2018-09-19 11:45:00,48.06,
2018-09-19 12:00:00,38.59,
2018-09-19 12:15:00,5.36,
2018-09-19 12:30:00,4.97,
2018-09-19 12:45:00,4.46,
2018-09-19 13:00:00,4.9,
2018-09-19 13:15:00,30.74,
2018-09-19 13:30:00,41.58,
2018-09-19 13:45:00,43.27,
2018-09-19 14:00:00,44.1,
2018-09-19 14:15:00,42.7,
2018-09-19 14:30:00,38.7,
2018-09-19 14:45:00,44.93,
2018-09-19 15:00:00,43.42,
2018-09-19 15:15:00,45.86,
2018-09-19 15:30:00,37.15,
2018-09-19 15:45:00,40.61,
2018-09-19 16:00:00,42.52,
2018-09-19 16:15:00,50.58,
2018-09-19 16:30:00,52.38,
2018-09-19 16:45:00,43.16,
2018-09-19 17:00:00,51.62,
2018-09-19 17:15:00,59.44,
2018-09-19 17:30:00,51.66,
2018-09-19 17:45:00,39.71,
2018-09-19 18:00:00,36.47,
2018-09-19 18:15:00,4.0,
2018-09-19 18:30:00,3.85,
2018-09-19 18:45:00,3.71,
2018-09-19 19:00:00,3.67,
2018-09-19 19:15:00,3.6,
2018-09-19 19:30:00,3.6,
2018-09-19 19:45:00,3.64,
2018-09-19 20:00:00,3.64,
2018-09-19 20:15:00,3.67,
2018-09-19 20:30:00,3.64,
2018-09-19 20:45:00,3.64,
2018-09-19 21:00:00,3.71,
2018-09-19 21:15:00,3.71,
2018-09-19 21:30:00,3.31,
2018-09-19 21:45:00,3.74,
2018-09-19 22:00:00,3.31,
2018-09-19 22:15:00,2.92,
2018-09-19 22:30:00,2.92,
2018-09-19 22:45:00,2.92,
2018-09-19 23:00:00,2.92,
2018-09-19 23:15:00,2.74,
2018-09-19 23:30:00,2.7,
2018-09-19 23:45:00,2.66,
2018-09-20 00:00:00,3.42,
2018-09-20 00:15:00,2.7,
2018-09-20 00:30:00,2.77,
2018-09-20 00:45:00,3.35,
2018-09-20 01:00:00,2.77,
2018-09-20 01:15:00,2.7,
2018-09-20 01:30:00,2.7,
2018-09-20 01:45:00,2.66,
2018-09-20 02:00:00,2.74,
2018-09-20 02:15:00,2.7,
2018-09-20 02:30:00,2.7,
2018-09-20 02:45:00,2.7,
2018-09-20 03:00:00,3.1,
2018-09-20 03:15:00,3.35,
2018-09-20 03:30:00,2.92,
2018-09-20 03:45:00,2.7,
2018-09-20 04:00:00,2.66,
2018-09-20 04:15:00,2.74,
2018-09-20 04:30:00,2.92,
2018-09-20 04:45:00,3.28,
2018-09-20 05:00:00,2.77,
2018-09-20 05:15:00,2.66,
2018-09-20 05:30:00,2.66,
2018-09-20 05:45:00,2.66,
2018-09-20 06:00:00,2.66,
2018-09-20 06:15:00,2.66,
2018-09-20 06:30:00,2.7,
2018-09-20 06:45:00,2.63,
2018-09-20 07:00:00,2.66,
2018-09-20 07:15:00,2.63,
2018-09-20 07:30:00,2.66,
2018-09-20 07:45:00,2.81,
2018-09-20 08:00:00,3.96,
2018-09-20 08:15:00,34.7,
2018-09-20 08:30:00,41.47,
2018-09-20 08:45:00,48.42,
2018-09-20 09:00:00,41.11,
2018-09-20 09:15:00,46.12,
2018-09-20 09:30:00,38.63,
2018-09-20 09:45:00,38.27,
2018-09-20 10:00:00,39.02,
2018-09-20 10:15:00,38.81,
2018-09-20 10:30:00,43.56,
2018-09-20 10:45:00,54.04,
2018-09-20 11:00:00,54.54,
2018-09-20 11:15:00,50.76,
2018-09-20 11:30:00,49.1,
2018-09-20 11:45:00,59.98,
2018-09-20 12:00:00,34.78,
2018-09-20 12:15:00,26.78,
2018-09-20 12:30:00,10.15,
2018-09-20 12:45:00,3.67,
2018-09-20 13:00:00,4.28,
2018-09-20 13:15:00,31.36,
2018-09-20 13:30:00,61.16,
2018-09-20 13:45:00,64.4,
2018-09-20 14:00:00,61.99,
2018-09-20 14:15:00,60.12,
2018-09-20 14:30:00,48.85,
2018-09-20 14:45:00,45.47,
2018-09-20 15:00:00,55.3,
2018-09-20 15:15:00,48.13,
2018-09-20 15:30:00,51.8,
2018-09-20 15:45:00,70.49,
2018-09-20 16:00:00,54.32,
2018-09-20 16:15:00,65.23,
2018-09-20 16:30:00,43.16,
2018-09-20 16:45:00,56.41,
2018-09-20 17:00:00,51.3,
2018-09-20 17:15:00,50.33,
2018-09-20 17:30:00,55.19,
2018-09-20 17:45:00,29.09,
2018-09-20 18:00:00,30.31,
2018-09-20 18:15:00,37.66,
2018-09-20 18:30:00,52.81,
2018-09-20 18:45:00,39.42,
2018-09-20 19:00:00,44.17,
2018-09-20 19:15:00,57.13,
2018-09-20 19:30:00,54.22,
2018-09-20 19:45:00,45.04,
2018-09-20 20:00:00,41.11,
2018-09-20 20:15:00,41.47,
2018-09-20 20:30:00,67.54,
2018-09-20 20:45:00,37.58,
2018-09-20 21:00:00,13.28,
2018-09-20 21:15:00,4.07,
2018-09-20 21:30:00,3.89,
2018-09-20 21:45:00,3.74,
2018-09-20 22:00:00,3.71,
2018-09-20 22:15:00,3.53,
2018-09-20 22:30:00,3.49,
2018-09-20 22:45:00,3.49,
2018-09-20 23:00:00,3.53,
2018-09-20 23:15:00,3.42,
2018-09-20 23:30:00,3.42,
2018-09-20 23:45:00,3.38,
2018-09-21 00:00:00,2.48,
2018-09-21 00:15:00,2.77,
2018-09-21 00:30:00,2.92,
2018-09-21 00:45:00,3.17,
2018-09-21 01:00:00,3.46,
2018-09-21 01:15:00,2.84,
2018-09-21 01:30:00,2.81,
2018-09-21 01:45:00,2.81,
2018-09-21 02:00:00,2.92,
2018-09-21 02:15:00,2.88,
2018-09-21 02:30:00,2.88,
2018-09-21 02:45:00,2.81,
2018-09-21 03:00:00,2.84,
2018-09-21 03:15:00,2.84,
2018-09-21 03:30:00,2.84,
2018-09-21 03:45:00,2.84,
2018-09-21 04:00:00,2.95,
2018-09-21 04:15:00,3.38,
2018-09-21 04:30:00,3.1,
2018-09-21 04:45:00,2.84,
2018-09-21 05:00:00,2.92,
2018-09-21 05:15:00,2.81,
2018-09-21 05:30:00,2.77,
2018-09-21 05:45:00,2.74,
2018-09-21 06:00:00,2.88,
2018-09-21 06:15:00,3.38,
2018-09-21 06:30:00,2.95,
2018-09-21 06:45:00,2.81,
2018-09-21 07:00:00,2.74,
2018-09-21 07:15:00,2.7,
2018-09-21 07:30:00,2.99,
2018-09-21 07:45:00,3.35,
2018-09-21 08:00:00,14.33,
2018-09-21 08:15:00,35.14,
2018-09-21 08:30:00,41.11,
2018-09-21 08:45:00,50.29,
2018-09-21 09:00:00,55.91,
2018-09-21 09:15:00,59.83,
2018-09-21 09:30:00,45.58,
2018-09-21 09:45:00,39.31,
2018-09-21 10:00:00,47.52,
2018-09-21 10:15:00,54.9,
2018-09-21 10:30:00,38.66,
2018-09-21 10:45:00,39.35,
2018-09-21 11:00:00,34.09,
2018-09-21 11:15:00,30.24,
2018-09-21 11:30:00,31.25,
2018-09-21 11:45:00,30.38,
2018-09-21 12:00:00,29.84,
2018-09-21 12:15:00,7.24,
2018-09-21 12:30:00,6.26,
2018-09-21 12:45:00,4.64,
2018-09-21 13:00:00,4.21,
2018-09-21 13:15:00,18.18,
2018-09-21 13:30:00,28.08,
2018-09-21 13:45:00,29.77,
2018-09-21 14:00:00,27.86,
2018-09-21 14:15:00,27.07,
2018-09-21 14:30:00,24.95,
2018-09-21 14:45:00,8.6,
2018-09-21 15:00:00,8.64,
2018-09-21 15:15:00,8.57,
2018-09-21 15:30:00,7.67,
2018-09-21 15:45:00,6.52,
2018-09-21 16:00:00,5.08,
2018-09-21 16:15:00,3.31,
2018-09-21 16:30:00,3.31,
2018-09-21 16:45:00,3.35,
2018-09-21 17:00:00,3.38,
2018-09-21 17:15:00,3.35,
2018-09-21 17:30:00,3.42,
2018-09-21 17:45:00,3.31,
2018-09-21 18:00:00,3.24,
2018-09-21 18:15:00,3.28,
2018-09-21 18:30:00,3.31,
2018-09-21 18:45:00,3.92,
2018-09-21 19:00:00,4.39,
2018-09-21 19:15:00,2.7,
2018-09-21 19:30:00,2.74,
2018-09-21 19:45:00,2.77,
2018-09-21 20:00:00,2.7,
2018-09-21 20:15:00,2.77,
2018-09-21 20:30:00,2.74,
2018-09-21 20:45:00,2.74,
2018-09-21 21:00:00,2.7,
2018-09-21 21:15:00,2.66,
2018-09-21 21:30:00,2.7,
2018-09-21 21:45:00,2.77,
2018-09-21 22:00:00,2.66,
2018-09-21 22:15:00,2.52,
2018-09-21 22:30:00,2.59,
2018-09-21 22:45:00,2.52,
2018-09-21 23:00:00,3.17,
2018-09-21 23:15:00,2.88,
2018-09-21 23:30:00,3.2,
2018-09-21 23:45:00,2.52,
2018-09-22 00:00:00,2.92,
2018-09-22 00:15:00,2.52,
2018-09-22 00:30:00,2.56,
2018-09-22 00:45:00,2.59,
2018-09-22 01:00:00,2.56,
2018-09-22 01:15:00,2.52,
2018-09-22 01:30:00,2.56,
2018-09-22 01:45:00,2.52,
2018-09-22 02:00:00,2.56,
2018-09-22 02:15:00,2.63,
2018-09-22 02:30:00,3.02,
2018-09-22 02:45:00,2.84,
2018-09-22 03:00:00,2.56,
2018-09-22 03:15:00,2.56,
2018-09-22 03:30:00,2.56,
2018-09-22 03:45:00,3.02,
2018-09-22 04:00:00,3.06,
2018-09-22 04:15:00,2.66,
2018-09-22 04:30:00,2.56,
2018-09-22 04:45:00,2.59,
2018-09-22 05:00:00,2.59,
2018-09-22 05:15:00,2.66,
2018-09-22 05:30:00,2.59,
2018-09-22 05:45:00,2.52,
2018-09-22 06:00:00,2.52,
2018-09-22 06:15:00,3.17,
2018-09-22 06:30:00,3.1,
2018-09-22 06:45:00,2.59,
2018-09-22 07:00:00,2.56,
2018-09-22 07:15:00,2.48,
2018-09-22 07:30:00,2.52,
2018-09-22 07:45:00,2.52,
2018-09-22 08:00:00,2.52,
2018-09-22 08:15:00,2.95,
2018-09-22 08:30:00,3.28,
2018-09-22 08:45:00,3.31,
2018-09-22 09:00:00,3.74,
2018-09-22 09:15:00,2.99,
2018-09-22 09:30:00,2.92,
2018-09-22 09:45:00,2.99,
2018-09-22 10:00:00,2.92,
2018-09-22 10:15:00,4.0,
2018-09-22 10:30:00,3.24,
2018-09-22 10:45:00,2.92,
2018-09-22 11:00:00,2.95,
2018-09-22 11:15:00,3.28,
2018-09-22 11:30:00,3.78,
2018-09-22 11:45:00,2.99,
2018-09-22 12:00:00,3.35,
2018-09-22 12:15:00,2.92,
2018-09-22 12:30:00,2.81,
2018-09-22 12:45:00,2.88,
2018-09-22 13:00:00,2.95,
2018-09-22 13:15:00,2.81,
2018-09-22 13:30:00,2.81,
2018-09-22 13:45:00,3.17,
2018-09-22 14:00:00,4.5,
2018-09-22 14:15:00,2.99,
2018-09-22 14:30:00,2.92,
2018-09-22 14:45:00,2.81,
2018-09-22 15:00:00,2.77,
2018-09-22 15:15:00,2.84,
2018-09-22 15:30:00,3.13,
2018-09-22 15:45:00,3.38,
2018-09-22 16:00:00,3.06,
2018-09-22 16:15:00,2.77,
2018-09-22 16:30:00,2.84,
2018-09-22 16:45:00,2.88,
2018-09-22 17:00:00,2.77,
2018-09-22 17:15:00,2.77,
2018-09-22 17:30:00,2.81,
2018-09-22 17:45:00,2.81,
2018-09-22 18:00:00,2.81,
2018-09-22 18:15:00,2.77,
2018-09-22 18:30:00,2.92,
2018-09-22 18:45:00,3.56,
2018-09-22 19:00:00,3.06,
2018-09-22 19:15:00,2.88,
2018-09-22 19:30:00,2.84,
2018-09-22 19:45:00,2.95,
2018-09-22 20:00:00,3.38,
2018-09-22 20:15:00,3.13,
2018-09-22 20:30:00,2.88,
2018-09-22 20:45:00,2.95,
2018-09-22 21:00:00,2.92,
2018-09-22 21:15:00,2.92,
2018-09-22 21:30:00,2.88,
2018-09-22 21:45:00,2.88,
2018-09-22 22:00:00,2.84,
2018-09-22 22:15:00,2.66,
2018-09-22 22:30:00,2.7,
2018-09-22 22:45:00,2.77,
2018-09-22 23:00:00,2.77,
2018-09-22 23:15:00,2.95,
2018-09-22 23:30:00,2.95,
2018-09-22 23:45:00,2.84,
2018-09-23 00:00:00,2.66,
2018-09-23 00:15:00,2.56,
2018-09-23 00:30:00,2.52,
2018-09-23 00:45:00,2.56,
2018-09-23 01:00:00,2.52,
2018-09-23 01:15:00,2.56,
2018-09-23 01:30:00,2.66,
2018-09-23 01:45:00,2.56,
2018-09-23 02:00:00,2.52,
2018-09-23 02:15:00,2.56,
2018-09-23 02:30:00,2.48,
2018-09-23 02:45:00,2.84,
2018-09-23 03:00:00,3.17,
2018-09-23 03:15:00,2.52,
2018-09-23 03:30:00,2.59,
2018-09-23 03:45:00,2.81,
2018-09-23 04:00:00,3.13,
2018-09-23 04:15:00,2.56,
2018-09-23 04:30:00,2.63,
2018-09-23 04:45:00,2.52,
2018-09-23 05:00:00,2.52,
2018-09-23 05:15:00,2.56,
2018-09-23 05:30:00,2.59,
2018-09-23 05:45:00,2.52,
2018-09-23 06:00:00,2.56,
2018-09-23 06:15:00,2.52,
2018-09-23 06:30:00,2.52,
2018-09-23 06:45:00,2.48,
2018-09-23 07:00:00,2.88,
2018-09-23 07:15:00,2.95,
2018-09-23 07:30:00,2.52,
2018-09-23 07:45:00,2.48,
2018-09-23 08:00:00,3.13,
2018-09-23 08:15:00,2.84,
2018-09-23 08:30:00,2.48,
2018-09-23 08:45:00,2.56,
2018-09-23 09:00:00,2.81,
2018-09-23 09:15:00,2.7,
2018-09-23 09:30:00,2.7,
2018-09-23 09:45:00,2.7,
2018-09-23 10:00:00,2.7,
2018-09-23 10:15:00,2.74,
2018-09-23 10:30:00,2.7,
2018-09-23 10:45:00,2.77,
2018-09-23 11:00:00,2.77,
2018-09-23 11:15:00,2.7,
2018-09-23 11:30:00,2.77,
2018-09-23 11:45:00,2.74,
2018-09-23 12:00:00,2.84,
2018-09-23 12:15:00,3.35,
2018-09-23 12:30:00,2.81,
2018-09-23 12:45:00,2.81,
2018-09-23 13:00:00,2.81,
2018-09-23 13:15:00,2.77,
2018-09-23 13:30:00,2.99,
2018-09-23 13:45:00,3.35,
2018-09-23 14:00:00,2.81,
2018-09-23 14:15:00,2.88,
2018-09-23 14:30:00,2.77,
2018-09-23 14:45:00,2.81,
2018-09-23 15:00:00,2.81,
2018-09-23 15:15:00,2.81,
2018-09-23 15:30:00,2.77,
2018-09-23 15:45:00,2.81,
2018-09-23 16:00:00,2.84,
2018-09-23 16:15:00,2.84,
2018-09-23 16:30:00,3.1,
2018-09-23 16:45:00,3.2,
2018-09-23 17:00:00,2.81,
2018-09-23 17:15:00,2.77,
2018-09-23 17:30:00,2.81,
2018-09-23 17:45:00,2.81,
2018-09-23 18:00:00,2.81,
2018-09-23 18:15:00,3.17,
2018-09-23 18:30:00,3.13,
2018-09-23 18:45:00,2.81,
2018-09-23 19:00:00,2.81,
2018-09-23 19:15:00,2.81,
2018-09-23 19:30:00,2.88,
2018-09-23 19:45:00,2.81,
2018-09-23 20:00:00,3.24,
2018-09-23 20:15:00,3.02,
2018-09-23 20:30:00,2.81,
2018-09-23 20:45:00,2.84,
2018-09-23 21:00:00,2.81,
2018-09-23 21:15:00,2.92,
2018-09-23 21:30:00,2.81,
2018-09-23 21:45:00,2.88,
2018-09-23 22:00:00,2.81,
2018-09-23 22:15:00,2.63,
2018-09-23 22:30:00,2.63,
2018-09-23 22:45:00,2.66,
2018-09-23 23:00:00,2.7,
2018-09-23 23:15:00,3.6,
2018-09-23 23:30:00,4.0,
2018-09-23 23:45:00,2.63,
2018-09-24 00:00:00,2.63,
2018-09-24 00:15:00,2.59,
2018-09-24 00:30:00,2.63,
2018-09-24 00:45:00,2.74,
2018-09-24 01:00:00,2.63,
2018-09-24 01:15:00,2.59,
2018-09-24 01:30:00,2.63,
2018-09-24 01:45:00,2.63,
2018-09-24 02:00:00,2.66,
2018-09-24 02:15:00,2.66,
2018-09-24 02:30:00,2.66,
2018-09-24 02:45:00,2.63,
2018-09-24 03:00:00,2.63,
2018-09-24 03:15:00,2.95,
2018-09-24 03:30:00,3.02,
2018-09-24 03:45:00,2.63,
2018-09-24 04:00:00,3.17,
2018-09-24 04:15:00,3.24,
2018-09-24 04:30:00,2.74,
2018-09-24 04:45:00,2.66,
2018-09-24 05:00:00,2.63,
2018-09-24 05:15:00,2.66,
2018-09-24 05:30:00,2.63,
2018-09-24 05:45:00,2.7,
2018-09-24 06:00:00,2.63,
2018-09-24 06:15:00,2.59,
2018-09-24 06:30:00,3.1,
2018-09-24 06:45:00,2.92,
2018-09-24 07:00:00,2.56,
2018-09-24 07:15:00,2.66,
2018-09-24 07:30:00,2.59,
2018-09-24 07:45:00,2.56,
2018-09-24 08:00:00,2.63,
2018-09-24 08:15:00,2.59,
2018-09-24 08:30:00,2.59,
2018-09-24 08:45:00,2.74,
2018-09-24 09:00:00,2.81,
2018-09-24 09:15:00,2.88,
2018-09-24 09:30:00,2.84,
2018-09-24 09:45:00,3.17,
2018-09-24 10:00:00,3.24,
2018-09-24 10:15:00,2.84,
2018-09-24 10:30:00,2.88,
2018-09-24 10:45:00,3.42,
2018-09-24 11:00:00,2.88,
2018-09-24 11:15:00,2.84,
2018-09-24 11:30:00,2.81,
2018-09-24 11:45:00,2.84,
2018-09-24 12:00:00,2.88,
2018-09-24 12:15:00,2.81,
2018-09-24 12:30:00,2.81,
2018-09-24 12:45:00,2.84,
2018-09-24 13:00:00,2.81,
2018-09-24 13:15:00,2.81,
2018-09-24 13:30:00,2.84,
2018-09-24 13:45:00,2.84,
2018-09-24 14:00:00,3.13,
2018-09-24 14:15:00,3.49,
2018-09-24 14:30:00,2.92,
2018-09-24 14:45:00,3.38,
2018-09-24 15:00:00,3.24,
2018-09-24 15:15:00,2.84,
2018-09-24 15:30:00,2.84,
2018-09-24 15:45:00,2.81,
2018-09-24 16:00:00,2.81,
2018-09-24 16:15:00,2.81,
2018-09-24 16:30:00,2.92,
2018-09-24 16:45:00,2.88,
2018-09-24 17:00:00,2.81,
2018-09-24 17:15:00,2.81,
2018-09-24 17:30:00,2.84,
2018-09-24 17:45:00,2.77,
2018-09-24 18:00:00,2.77,
2018-09-24 18:15:00,2.74,
2018-09-24 18:30:00,2.74,
2018-09-24 18:45:00,2.88,
2018-09-24 19:00:00,2.84,
2018-09-24 19:15:00,2.81,
2018-09-24 19:30:00,3.38,
2018-09-24 19:45:00,4.43,
2018-09-24 20:00:00,2.92,
2018-09-24 20:15:00,2.81,
2018-09-24 20:30:00,2.81,
2018-09-24 20:45:00,2.81,
2018-09-24 21:00:00,2.81,
2018-09-24 21:15:00,2.88,
2018-09-24 21:30:00,2.92,
2018-09-24 21:45:00,2.81,
2018-09-24 22:00:00,2.77,
2018-09-24 22:15:00,2.66,
2018-09-24 22:30:00,2.63,
2018-09-24 22:45:00,2.84,
2018-09-24 23:00:00,3.2,
2018-09-24 23:15:00,2.59,
2018-09-24 23:30:00,2.56,
2018-09-24 23:45:00,2.59,
2018-09-25 00:00:00,2.66,
2018-09-25 00:15:00,2.66,
2018-09-25 00:30:00,3.24,
2018-09-25 00:45:00,2.99,
2018-09-25 01:00:00,2.63,
2018-09-25 01:15:00,2.63,
2018-09-25 01:30:00,2.63,
2018-09-25 01:45:00,2.59,
2018-09-25 02:00:00,2.7,
2018-09-25 02:15:00,3.24,
2018-09-25 02:30:00,2.77,
2018-09-25 02:45:00,2.7,
2018-09-25 03:00:00,2.63,
2018-09-25 03:15:00,2.59,
2018-09-25 03:30:00,2.66,
2018-09-25 03:45:00,2.63,
2018-09-25 04:00:00,2.63,
2018-09-25 04:15:00,2.59,
2018-09-25 04:30:00,2.59,
2018-09-25 04:45:00,2.66,
2018-09-25 05:00:00,2.66,
2018-09-25 05:15:00,2.63,
2018-09-25 05:30:00,2.88,
2018-09-25 05:45:00,3.85,
2018-09-25 06:00:00,2.84,
2018-09-25 06:15:00,2.56,
2018-09-25 06:30:00,2.56,
2018-09-25 06:45:00,2.56,
2018-09-25 07:00:00,2.52,
2018-09-25 07:15:00,2.56,
2018-09-25 07:30:00,2.63,
2018-09-25 07:45:00,2.59,
2018-09-25 08:00:00,2.63,
2018-09-25 08:15:00,2.59,
2018-09-25 08:30:00,2.52,
2018-09-25 08:45:00,2.48,
2018-09-25 09:00:00,2.92,
2018-09-25 09:15:00,3.13,
2018-09-25 09:30:00,2.66,
2018-09-25 09:45:00,2.7,
2018-09-25 10:00:00,2.66,
2018-09-25 10:15:00,3.1,
2018-09-25 10:30:00,3.35,
2018-09-25 10:45:00,2.74,
2018-09-25 11:00:00,2.63,
2018-09-25 11:15:00,2.66,
2018-09-25 11:30:00,2.66,
2018-09-25 11:45:00,2.66,
2018-09-25 12:00:00,2.59,
2018-09-25 12:15:00,2.66,
2018-09-25 12:30:00,2.66,
2018-09-25 12:45:00,2.66,
2018-09-25 13:00:00,2.84,
2018-09-25 13:15:00,3.35,
2018-09-25 13:30:00,2.66,
2018-09-25 13:45:00,2.63,
2018-09-25 14:00:00,2.66,
2018-09-25 14:15:00,2.66,
2018-09-25 14:30:00,2.66,
2018-09-25 14:45:00,2.63,
2018-09-25 15:00:00,2.74,
2018-09-25 15:15:00,2.74,
2018-09-25 15:30:00,2.66,
2018-09-25 15:45:00,2.63,
2018-09-25 16:00:00,2.7,
2018-09-25 16:15:00,2.66,
2018-09-25 16:30:00,2.66,
2018-09-25 16:45:00,3.28,
2018-09-25 17:00:00,3.67,
2018-09-25 17:15:00,2.95,
2018-09-25 17:30:00,2.66,
2018-09-25 17:45:00,2.63,
2018-09-25 18:00:00,2.63,
2018-09-25 18:15:00,2.52,
2018-09-25 18:30:00,2.56,
2018-09-25 18:45:00,2.59,
2018-09-25 19:00:00,2.59,
2018-09-25 19:15:00,2.7,
2018-09-25 19:30:00,2.77,
2018-09-25 19:45:00,2.84,
2018-09-25 20:00:00,3.02,
2018-09-25 20:15:00,3.35,
2018-09-25 20:30:00,2.74,
2018-09-25 20:45:00,2.74,
2018-09-25 21:00:00,2.77,
2018-09-25 21:15:00,2.81,
2018-09-25 21:30:00,2.7,
2018-09-25 21:45:00,2.77,
2018-09-25 22:00:00,3.46,
2018-09-25 22:15:00,2.88,
2018-09-25 22:30:00,2.59,
2018-09-25 22:45:00,2.56,
2018-09-25 23:00:00,2.63,
2018-09-25 23:15:00,2.56,
2018-09-25 23:30:00,2.63,
2018-09-25 23:45:00,3.13,
2018-09-26 00:00:00,2.48,
2018-09-26 00:15:00,2.56,
2018-09-26 00:30:00,2.66,
2018-09-26 00:45:00,2.63,
2018-09-26 01:00:00,2.66,
2018-09-26 01:15:00,2.63,
2018-09-26 01:30:00,2.59,
2018-09-26 01:45:00,2.59,
2018-09-26 02:00:00,2.66,
2018-09-26 02:15:00,2.59,
2018-09-26 02:30:00,2.56,
2018-09-26 02:45:00,2.77,
2018-09-26 03:00:00,3.17,
2018-09-26 03:15:00,2.81,
2018-09-26 03:30:00,2.63,
2018-09-26 03:45:00,3.13,
2018-09-26 04:00:00,2.92,
2018-09-26 04:15:00,2.59,
2018-09-26 04:30:00,2.56,
2018-09-26 04:45:00,2.59,
2018-09-26 05:00:00,2.56,
2018-09-26 05:15:00,2.63,
2018-09-26 05:30:00,2.56,
2018-09-26 05:45:00,2.63,
2018-09-26 06:00:00,2.56,
2018-09-26 06:15:00,2.48,
2018-09-26 06:30:00,2.52,
2018-09-26 06:45:00,2.52,
2018-09-26 07:00:00,2.59,
2018-09-26 07:15:00,2.52,
2018-09-26 07:30:00,2.56,
2018-09-26 07:45:00,2.56,
2018-09-26 08:00:00,3.13,
2018-09-26 08:15:00,3.02,
2018-09-26 08:30:00,2.74,
2018-09-26 08:45:00,2.48,
2018-09-26 09:00:00,2.59,
2018-09-26 09:15:00,2.63,
2018-09-26 09:30:00,2.63,
2018-09-26 09:45:00,2.66,
2018-09-26 10:00:00,2.63,
2018-09-26 10:15:00,2.74,
2018-09-26 10:30:00,2.63,
2018-09-26 10:45:00,2.63,
2018-09-26 11:00:00,2.59,
2018-09-26 11:15:00,2.59,
2018-09-26 11:30:00,3.2,
2018-09-26 11:45:00,3.2,
2018-09-26 12:00:00,3.24,
2018-09-26 12:15:00,2.81,
2018-09-26 12:30:00,2.7,
2018-09-26 12:45:00,2.74,
2018-09-26 13:00:00,2.81,
2018-09-26 13:15:00,2.74,
2018-09-26 13:30:00,2.7,
2018-09-26 13:45:00,2.7,
2018-09-26 14:00:00,2.59,
2018-09-26 14:15:00,2.59,
2018-09-26 14:30:00,2.59,
2018-09-26 14:45:00,2.59,
2018-09-26 15:00:00,2.66,
2018-09-26 15:15:00,3.24,
2018-09-26 15:30:00,2.77,
2018-09-26 15:45:00,2.59,
2018-09-26 16:00:00,2.59,
2018-09-26 16:15:00,2.56,
2018-09-26 16:30:00,2.59,
2018-09-26 16:45:00,2.52,
2018-09-26 17:00:00,2.66,
2018-09-26 17:15:00,2.59,
2018-09-26 17:30:00,2.59,
2018-09-26 17:45:00,3.17,
2018-09-26 18:00:00,3.02,
2018-09-26 18:15:00,2.52,
2018-09-26 18:30:00,2.59,
2018-09-26 18:45:00,3.31,
2018-09-26 19:00:00,2.7,
2018-09-26 19:15:00,2.66,
2018-09-26 19:30:00,2.66,
2018-09-26 19:45:00,2.74,
2018-09-26 20:00:00,2.74,
2018-09-26 20:15:00,2.66,
2018-09-26 20:30:00,2.63,
2018-09-26 20:45:00,2.66,
2018-09-26 21:00:00,2.7,
2018-09-26 21:15:00,2.63,
2018-09-26 21:30:00,2.92,
2018-09-26 21:45:00,3.28,
2018-09-26 22:00:00,2.74,
2018-09-26 22:15:00,2.56,
2018-09-26 22:30:00,2.63,
2018-09-26 22:45:00,3.17,
2018-09-26 23:00:00,2.7,
2018-09-26 23:15:00,2.45,
2018-09-26 23:30:00,2.45,
2018-09-26 23:45:00,2.45,
2018-09-27 00:00:00,2.84,
2018-09-27 00:15:00,2.48,
2018-09-27 00:30:00,2.48,
2018-09-27 00:45:00,2.59,
2018-09-27 01:00:00,3.1,
2018-09-27 01:15:00,2.74,
2018-09-27 01:30:00,2.56,
2018-09-27 01:45:00,2.52,
2018-09-27 02:00:00,2.52,
2018-09-27 02:15:00,2.56,
2018-09-27 02:30:00,2.52,
2018-09-27 02:45:00,2.52,
2018-09-27 03:00:00,2.7,
2018-09-27 03:15:00,3.2,
2018-09-27 03:30:00,2.81,
2018-09-27 03:45:00,2.52,
2018-09-27 04:00:00,2.56,
2018-09-27 04:15:00,2.52,
2018-09-27 04:30:00,2.52,
2018-09-27 04:45:00,2.52,
2018-09-27 05:00:00,3.17,
2018-09-27 05:15:00,2.66,
2018-09-27 05:30:00,2.56,
2018-09-27 05:45:00,2.52,
2018-09-27 06:00:00,2.45,
2018-09-27 06:15:00,2.45,
2018-09-27 06:30:00,2.48,
2018-09-27 06:45:00,2.48,
2018-09-27 07:00:00,2.45,
2018-09-27 07:15:00,2.48,
2018-09-27 07:30:00,2.84,
2018-09-27 07:45:00,7.99,
2018-09-27 08:00:00,9.04,
2018-09-27 08:15:00,28.04,
2018-09-27 08:30:00,49.46,
2018-09-27 08:45:00,56.41,
2018-09-27 09:00:00,40.75,
2018-09-27 09:15:00,47.16,
2018-09-27 09:30:00,46.91,
2018-09-27 09:45:00,54.72,
2018-09-27 10:00:00,57.78,
2018-09-27 10:15:00,48.38,
2018-09-27 10:30:00,57.82,
2018-09-27 10:45:00,62.06,
2018-09-27 11:00:00,57.49,
2018-09-27 11:15:00,51.8,
2018-09-27 11:30:00,44.28,
2018-09-27 11:45:00,48.96,
2018-09-27 12:00:00,54.0,
2018-09-27 12:15:00,3.89,
2018-09-27 12:30:00,3.67,
2018-09-27 12:45:00,3.49,
2018-09-27 13:00:00,4.07,
2018-09-27 13:15:00,25.85,
2018-09-27 13:30:00,61.02,
2018-09-27 13:45:00,52.85,
2018-09-27 14:00:00,60.62,
2018-09-27 14:15:00,121.46,
2018-09-27 14:30:00,127.62,
2018-09-27 14:45:00,71.14,
2018-09-27 15:00:00,112.46,
2018-09-27 15:15:00,110.05,
2018-09-27 15:30:00,96.01,
2018-09-27 15:45:00,115.24,
2018-09-27 16:00:00,82.19,
2018-09-27 16:15:00,61.63,
2018-09-27 16:30:00,60.73,
2018-09-27 16:45:00,48.53,
2018-09-27 17:00:00,49.07,
2018-09-27 17:15:00,54.32,
2018-09-27 17:30:00,59.62,
2018-09-27 17:45:00,34.81,
2018-09-27 18:00:00,27.32,
2018-09-27 18:15:00,32.22,
2018-09-27 18:30:00,40.86,
2018-09-27 18:45:00,36.18,
2018-09-27 19:00:00,31.75,
2018-09-27 19:15:00,37.76,
2018-09-27 19:30:00,31.79,
2018-09-27 19:45:00,36.4,
2018-09-27 20:00:00,40.32,
2018-09-27 20:15:00,34.34,
2018-09-27 20:30:00,34.92,
2018-09-27 20:45:00,39.64,
2018-09-27 21:00:00,19.04,
2018-09-27 21:15:00,7.49,
2018-09-27 21:30:00,5.26,
2018-09-27 21:45:00,3.78,
2018-09-27 22:00:00,3.78,
2018-09-27 22:15:00,3.49,
2018-09-27 22:30:00,3.46,
2018-09-27 22:45:00,3.46,
2018-09-27 23:00:00,3.42,
2018-09-27 23:15:00,3.31,
2018-09-27 23:30:00,2.77,
2018-09-27 23:45:00,2.77,
2018-09-28 00:00:00,3.13,
2018-09-28 00:15:00,2.77,
2018-09-28 00:30:00,2.81,
2018-09-28 00:45:00,2.84,
2018-09-28 01:00:00,2.95,
2018-09-28 01:15:00,2.88,
2018-09-28 01:30:00,2.92,
2018-09-28 01:45:00,3.02,
2018-09-28 02:00:00,2.99,
2018-09-28 02:15:00,3.38,
2018-09-28 02:30:00,4.1,
2018-09-28 02:45:00,3.17,
2018-09-28 03:00:00,2.99,
2018-09-28 03:15:00,2.95,
2018-09-28 03:30:00,2.95,
2018-09-28 03:45:00,2.95,
2018-09-28 04:00:00,2.88,
2018-09-28 04:15:00,2.95,
2018-09-28 04:30:00,3.02,
2018-09-28 04:45:00,2.95,
2018-09-28 05:00:00,2.92,
2018-09-28 05:15:00,2.95,
2018-09-28 05:30:00,2.99,
2018-09-28 05:45:00,2.95,
2018-09-28 06:00:00,3.64,
2018-09-28 06:15:00,3.85,
2018-09-28 06:30:00,3.17,
2018-09-28 06:45:00,2.88,
2018-09-28 07:00:00,2.84,
2018-09-28 07:15:00,2.92,
2018-09-28 07:30:00,3.06,
2018-09-28 07:45:00,3.2,
2018-09-28 08:00:00,3.02,
2018-09-28 08:15:00,28.48,
2018-09-28 08:30:00,38.59,
2018-09-28 08:45:00,55.51,
2018-09-28 09:00:00,58.03,
2018-09-28 09:15:00,54.36,
2018-09-28 09:30:00,60.3,
2018-09-28 09:45:00,60.12,
2018-09-28 10:00:00,47.2,
2018-09-28 10:15:00,49.32,
2018-09-28 10:30:00,53.14,
2018-09-28 10:45:00,52.6,
2018-09-28 11:00:00,59.69,
2018-09-28 11:15:00,50.26,
2018-09-28 11:30:00,56.77,
2018-09-28 11:45:00,50.72,
2018-09-28 12:00:00,46.12,
2018-09-28 12:15:00,6.12,
2018-09-28 12:30:00,5.26,
2018-09-28 12:45:00,4.0,
2018-09-28 13:00:00,3.64,
2018-09-28 13:15:00,26.57,
2018-09-28 13:30:00,43.67,
2018-09-28 13:45:00,55.58,
2018-09-28 14:00:00,64.87,
2018-09-28 14:15:00,41.72,
2018-09-28 14:30:00,39.1,
2018-09-28 14:45:00,53.68,
2018-09-28 15:00:00,55.04,
2018-09-28 15:15:00,38.52,
2018-09-28 15:30:00,56.81,
2018-09-28 15:45:00,56.66,
2018-09-28 16:00:00,44.71,
2018-09-28 16:15:00,38.74,
2018-09-28 16:30:00,45.36,
2018-09-28 16:45:00,50.18,
2018-09-28 17:00:00,58.25,
2018-09-28 17:15:00,46.76,
2018-09-28 17:30:00,51.48,
2018-09-28 17:45:00,33.41,
2018-09-28 18:00:00,27.25,
2018-09-28 18:15:00,29.52,
2018-09-28 18:30:00,37.87,
2018-09-28 18:45:00,38.12,
2018-09-28 19:00:00,38.63,
2018-09-28 19:15:00,38.38,
2018-09-28 19:30:00,29.45,
2018-09-28 19:45:00,36.58,
2018-09-28 20:00:00,35.32,
2018-09-28 20:15:00,35.24,
2018-09-28 20:30:00,33.16,
2018-09-28 20:45:00,21.67,
2018-09-28 21:00:00,7.85,
2018-09-28 21:15:00,6.19,
2018-09-28 21:30:00,3.56,
2018-09-28 21:45:00,3.6,
2018-09-28 22:00:00,3.53,
2018-09-28 22:15:00,3.24,
2018-09-28 22:30:00,3.17,
2018-09-28 22:45:00,3.2,
2018-09-28 23:00:00,3.17,
2018-09-28 23:15:00,3.1,
2018-09-28 23:30:00,3.1,
2018-09-28 23:45:00,3.13,
2018-09-29 00:00:00,2.56,
2018-09-29 00:15:00,2.7,
2018-09-29 00:30:00,2.48,
2018-09-29 00:45:00,2.45,
2018-09-29 01:00:00,2.56,
2018-09-29 01:15:00,2.59,
2018-09-29 01:30:00,3.17,
2018-09-29 01:45:00,2.95,
2018-09-29 02:00:00,2.52,
2018-09-29 02:15:00,2.52,
2018-09-29 02:30:00,2.59,
2018-09-29 02:45:00,2.48,
2018-09-29 03:00:00,2.52,
2018-09-29 03:15:00,2.59,
2018-09-29 03:30:00,2.59,
2018-09-29 03:45:00,2.59,
2018-09-29 04:00:00,2.59,
2018-09-29 04:15:00,2.52,
2018-09-29 04:30:00,2.77,
2018-09-29 04:45:00,3.17,
2018-09-29 05:00:00,2.56,
2018-09-29 05:15:00,2.59,
2018-09-29 05:30:00,2.59,
2018-09-29 05:45:00,2.56,
2018-09-29 06:00:00,2.56,
2018-09-29 06:15:00,2.52,
2018-09-29 06:30:00,2.56,
2018-09-29 06:45:00,2.59,
2018-09-29 07:00:00,2.74,
2018-09-29 07:15:00,3.13,
2018-09-29 07:30:00,3.02,
2018-09-29 07:45:00,2.66,
2018-09-29 08:00:00,3.06,
2018-09-29 08:15:00,21.85,
2018-09-29 08:30:00,47.3,
2018-09-29 08:45:00,45.65,
2018-09-29 09:00:00,41.9,
2018-09-29 09:15:00,44.46,
2018-09-29 09:30:00,47.41,
2018-09-29 09:45:00,47.23,
2018-09-29 10:00:00,37.87,
2018-09-29 10:15:00,47.74,
2018-09-29 10:30:00,44.5,
2018-09-29 10:45:00,42.3,
2018-09-29 11:00:00,44.14,
2018-09-29 11:15:00,48.02,
2018-09-29 11:30:00,49.14,
2018-09-29 11:45:00,44.5,
2018-09-29 12:00:00,32.47,
2018-09-29 12:15:00,3.42,
2018-09-29 12:30:00,3.28,
2018-09-29 12:45:00,3.38,
2018-09-29 13:00:00,4.5,
2018-09-29 13:15:00,19.51,
2018-09-29 13:30:00,47.59,
2018-09-29 13:45:00,47.48,
2018-09-29 14:00:00,35.03,
2018-09-29 14:15:00,34.6,
2018-09-29 14:30:00,46.58,
2018-09-29 14:45:00,47.88,
2018-09-29 15:00:00,34.49,
2018-09-29 15:15:00,34.92,
2018-09-29 15:30:00,50.62,
2018-09-29 15:45:00,36.14,
2018-09-29 16:00:00,35.93,
2018-09-29 16:15:00,51.59,
2018-09-29 16:30:00,35.32,
2018-09-29 16:45:00,24.12,
2018-09-29 17:00:00,4.97,
2018-09-29 17:15:00,3.6,
2018-09-29 17:30:00,3.46,
2018-09-29 17:45:00,3.49,
2018-09-29 18:00:00,3.38,
2018-09-29 18:15:00,3.35,
2018-09-29 18:30:00,3.42,
2018-09-29 18:45:00,3.46,
2018-09-29 19:00:00,3.49,
2018-09-29 19:15:00,3.49,
2018-09-29 19:30:00,3.46,
2018-09-29 19:45:00,3.42,
2018-09-29 20:00:00,3.42,
2018-09-29 20:15:00,3.46,
2018-09-29 20:30:00,3.53,
2018-09-29 20:45:00,3.38,
2018-09-29 21:00:00,2.81,
2018-09-29 21:15:00,2.81,
2018-09-29 21:30:00,2.81,
2018-09-29 21:45:00,2.81,
2018-09-29 22:00:00,2.81,
2018-09-29 22:15:00,3.13,
2018-09-29 22:30:00,3.28,
2018-09-29 22:45:00,2.59,
2018-09-29 23:00:00,2.59,
2018-09-29 23:15:00,2.59,
2018-09-29 23:30:00,2.56,
2018-09-29 23:45:00,2.52,
2018-09-30 00:00:00,2.74,
2018-09-30 00:15:00,3.02,
2018-09-30 00:30:00,2.81,
2018-09-30 00:45:00,2.63,
2018-09-30 01:00:00,2.56,
2018-09-30 01:15:00,2.56,
2018-09-30 01:30:00,2.59,
2018-09-30 01:45:00,2.56,
2018-09-30 02:00:00,2.56,
2018-09-30 02:15:00,2.63,
2018-09-30 02:30:00,2.56,
2018-09-30 02:45:00,2.56,
2018-09-30 03:00:00,2.63,
2018-09-30 03:15:00,2.59,
2018-09-30 03:30:00,2.56,
2018-09-30 03:45:00,3.13,
2018-09-30 04:00:00,2.88,
2018-09-30 04:15:00,3.1,
2018-09-30 04:30:00,3.02,
2018-09-30 04:45:00,2.52,
2018-09-30 05:00:00,2.63,
2018-09-30 05:15:00,2.66,
2018-09-30 05:30:00,2.52,
2018-09-30 05:45:00,2.59,
2018-09-30 06:00:00,2.52,
2018-09-30 06:15:00,2.52,
2018-09-30 06:30:00,2.56,
2018-09-30 06:45:00,2.56,
2018-09-30 07:00:00,2.59,
2018-09-30 07:15:00,2.52,
2018-09-30 07:30:00,2.95,
2018-09-30 07:45:00,2.95,
2018-09-30 08:00:00,2.59,
2018-09-30 08:15:00,2.56,
2018-09-30 08:30:00,2.52,
2018-09-30 08:45:00,2.63,
2018-09-30 09:00:00,2.74,
2018-09-30 09:15:00,3.02,
2018-09-30 09:30:00,3.46,
2018-09-30 09:45:00,2.81,
2018-09-30 10:00:00,2.77,
2018-09-30 10:15:00,2.74,
2018-09-30 10:30:00,2.74,
2018-09-30 10:45:00,2.74,
2018-09-30 11:00:00,2.74,
2018-09-30 11:15:00,2.7,
2018-09-30 11:30:00,2.7,
2018-09-30 11:45:00,2.74,
2018-09-30 12:00:00,3.02,
2018-09-30 12:15:00,3.31,
2018-09-30 12:30:00,2.77,
2018-09-30 12:45:00,2.81,
2018-09-30 13:00:00,2.77,
2018-09-30 13:15:00,2.7,
2018-09-30 13:30:00,2.66,
2018-09-30 13:45:00,2.74,
2018-09-30 14:00:00,2.74,
2018-09-30 14:15:00,2.74,
2018-09-30 14:30:00,2.95,
2018-09-30 14:45:00,3.38,
2018-09-30 15:00:00,2.95,
2018-09-30 15:15:00,2.7,
2018-09-30 15:30:00,2.7,
2018-09-30 15:45:00,2.7,
2018-09-30 16:00:00,2.74,
2018-09-30 16:15:00,2.95,
2018-09-30 16:30:00,3.31,
2018-09-30 16:45:00,2.66,
2018-09-30 17:00:00,2.7,
2018-09-30 17:15:00,2.7,
2018-09-30 17:30:00,2.7,
2018-09-30 17:45:00,2.7,
2018-09-30 18:00:00,2.74,
2018-09-30 18:15:00,2.63,
2018-09-30 18:30:00,2.66,
2018-09-30 18:45:00,2.77,
2018-09-30 19:00:00,2.77,
2018-09-30 19:15:00,2.95,
2018-09-30 19:30:00,3.35,
2018-09-30 19:45:00,2.99,
2018-09-30 20:00:00,3.46,
2018-09-30 20:15:00,2.74,
2018-09-30 20:30:00,2.7,
2018-09-30 20:45:00,2.77,
2018-09-30 21:00:00,2.77,
2018-09-30 21:15:00,2.77,
2018-09-30 21:30:00,2.77,
2018-09-30 21:45:00,2.74,
2018-09-30 22:00:00,2.77,
2018-09-30 22:15:00,2.59,
2018-09-30 22:30:00,3.17,
2018-09-30 22:45:00,2.81,
2018-09-30 23:00:00,2.59,
2018-09-30 23:15:00,2.56,
2018-09-30 23:30:00,2.52,
2018-09-30 23:45:00,2.59,
2018-10-01 00:00:00,2.56,
2018-10-01 00:15:00,3.13,
2018-10-01 00:30:00,2.77,
2018-10-01 00:45:00,2.66,
2018-10-01 01:00:00,2.56,
2018-10-01 01:15:00,2.56,
2018-10-01 01:30:00,2.63,
2018-10-01 01:45:00,2.66,
2018-10-01 02:00:00,3.2,
2018-10-01 02:15:00,2.81,
2018-10-01 02:30:00,2.63,
2018-10-01 02:45:00,2.63,
2018-10-01 03:00:00,2.63,
2018-10-01 03:15:00,2.59,
2018-10-01 03:30:00,2.63,
2018-10-01 03:45:00,2.63,
2018-10-01 04:00:00,2.7,
2018-10-01 04:15:00,2.63,
2018-10-01 04:30:00,2.63,
2018-10-01 04:45:00,2.59,
2018-10-01 05:00:00,2.92,
2018-10-01 05:15:00,3.71,
2018-10-01 05:30:00,3.46,
2018-10-01 05:45:00,2.52,
2018-10-01 06:00:00,2.52,
2018-10-01 06:15:00,2.52,
2018-10-01 06:30:00,2.48,
2018-10-01 06:45:00,2.45,
2018-10-01 07:00:00,2.48,
2018-10-01 07:15:00,2.81,
2018-10-01 07:30:00,2.92,
2018-10-01 07:45:00,2.92,
2018-10-01 08:00:00,2.88,
2018-10-01 08:15:00,24.88,
2018-10-01 08:30:00,38.12,
2018-10-01 08:45:00,46.12,
2018-10-01 09:00:00,42.95,
2018-10-01 09:15:00,44.96,
2018-10-01 09:30:00,55.01,
2018-10-01 09:45:00,46.3,
2018-10-01 10:00:00,44.78,
2018-10-01 10:15:00,41.69,
2018-10-01 10:30:00,47.38,
2018-10-01 10:45:00,55.66,
2018-10-01 11:00:00,55.84,
2018-10-01 11:15:00,54.04,
2018-10-01 11:30:00,52.2,
2018-10-01 11:45:00,48.13,
2018-10-01 12:00:00,48.13,
2018-10-01 12:15:00,4.5,
2018-10-01 12:30:00,5.18,
2018-10-01 12:45:00,5.36,
2018-10-01 13:00:00,5.62,
2018-10-01 13:15:00,32.9,
2018-10-01 13:30:00,45.58,
2018-10-01 13:45:00,38.2,
2018-10-01 14:00:00,45.47,
2018-10-01 14:15:00,49.68,
2018-10-01 14:30:00,52.09,
2018-10-01 14:45:00,50.58,
2018-10-01 15:00:00,43.88,
2018-10-01 15:15:00,48.13,
2018-10-01 15:30:00,39.13,
2018-10-01 15:45:00,48.6,
2018-10-01 16:00:00,45.54,
2018-10-01 16:15:00,51.98,
2018-10-01 16:30:00,52.56,
2018-10-01 16:45:00,51.37,
2018-10-01 17:00:00,49.0,
2018-10-01 17:15:00,50.69,
2018-10-01 17:30:00,47.95,
2018-10-01 17:45:00,36.0,
2018-10-01 18:00:00,26.75,
2018-10-01 18:15:00,33.55,
2018-10-01 18:30:00,37.08,
2018-10-01 18:45:00,32.9,
2018-10-01 19:00:00,39.13,
2018-10-01 19:15:00,35.71,
2018-10-01 19:30:00,32.04,
2018-10-01 19:45:00,39.2,
2018-10-01 20:00:00,39.6,
2018-10-01 20:15:00,30.46,
2018-10-01 20:30:00,37.04,
2018-10-01 20:45:00,29.23,
2018-10-01 21:00:00,10.58,
2018-10-01 21:15:00,6.95,
2018-10-01 21:30:00,4.28,
2018-10-01 21:45:00,3.46,
2018-10-01 22:00:00,3.56,
2018-10-01 22:15:00,3.2,
2018-10-01 22:30:00,3.28,
2018-10-01 22:45:00,3.24,
2018-10-01 23:00:00,3.2,
2018-10-01 23:15:00,3.28,
2018-10-01 23:30:00,3.17,
2018-10-01 23:45:00,2.52,
2018-10-02 00:00:00,3.35,
2018-10-02 00:15:00,2.52,
2018-10-02 00:30:00,2.56,
2018-10-02 00:45:00,2.63,
2018-10-02 01:00:00,2.56,
2018-10-02 01:15:00,2.59,
2018-10-02 01:30:00,2.56,
2018-10-02 01:45:00,2.52,
2018-10-02 02:00:00,3.13,
2018-10-02 02:15:00,3.1,
2018-10-02 02:30:00,2.59,
2018-10-02 02:45:00,2.92,
2018-10-02 03:00:00,2.95,
2018-10-02 03:15:00,2.59,
2018-10-02 03:30:00,2.66,
2018-10-02 03:45:00,2.56,
2018-10-02 04:00:00,2.56,
2018-10-02 04:15:00,2.56,
2018-10-02 04:30:00,2.59,
2018-10-02 04:45:00,2.59,
2018-10-02 05:00:00,2.59,
2018-10-02 05:15:00,2.63,
2018-10-02 05:30:00,2.56,
2018-10-02 05:45:00,2.77,
2018-10-02 06:00:00,3.13,
2018-10-02 06:15:00,2.84,
2018-10-02 06:30:00,2.52,
2018-10-02 06:45:00,3.06,
2018-10-02 07:00:00,2.84,
2018-10-02 07:15:00,2.63,
2018-10-02 07:30:00,2.88,
2018-10-02 07:45:00,3.17,
2018-10-02 08:00:00,2.92,
2018-10-02 08:15:00,19.3,
2018-10-02 08:30:00,50.72,
2018-10-02 08:45:00,66.85,
2018-10-02 09:00:00,59.0,
2018-10-02 09:15:00,50.44,
2018-10-02 09:30:00,69.66,
2018-10-02 09:45:00,52.06,
2018-10-02 10:00:00,39.92,
2018-10-02 10:15:00,41.15,
2018-10-02 10:30:00,49.97,
2018-10-02 10:45:00,66.24,
2018-10-02 11:00:00,51.55,
2018-10-02 11:15:00,59.83,
2018-10-02 11:30:00,53.17,
2018-10-02 11:45:00,61.06,
2018-10-02 12:00:00,55.37,
2018-10-02 12:15:00,3.67,
2018-10-02 12:30:00,6.3,
2018-10-02 12:45:00,7.2,
2018-10-02 13:00:00,6.12,
2018-10-02 13:15:00,40.14,
2018-10-02 13:30:00,63.86,
2018-10-02 13:45:00,57.31,
2018-10-02 14:00:00,56.63,
2018-10-02 14:15:00,65.05,
2018-10-02 14:30:00,53.78,
2018-10-02 14:45:00,53.75,
2018-10-02 15:00:00,52.27,
2018-10-02 15:15:00,48.49,
2018-10-02 15:30:00,62.46,
2018-10-02 15:45:00,55.15,
2018-10-02 16:00:00,55.37,
2018-10-02 16:15:00,70.52,
2018-10-02 16:30:00,57.49,
2018-10-02 16:45:00,57.82,
2018-10-02 17:00:00,69.48,
2018-10-02 17:15:00,54.58,
2018-10-02 17:30:00,45.58,
2018-10-02 17:45:00,31.03,
2018-10-02 18:00:00,30.02,
2018-10-02 18:15:00,46.8,
2018-10-02 18:30:00,96.7,
2018-10-02 18:45:00,95.29,
2018-10-02 19:00:00,71.24,
2018-10-02 19:15:00,117.47,
2018-10-02 19:30:00,128.12,
2018-10-02 19:45:00,96.95,
2018-10-02 20:00:00,100.37,
2018-10-02 20:15:00,81.54,
2018-10-02 20:30:00,128.66,
2018-10-02 20:45:00,85.97,
2018-10-02 21:00:00,62.53,
2018-10-02 21:15:00,7.74,
2018-10-02 21:30:00,4.0,
2018-10-02 21:45:00,3.78,
2018-10-02 22:00:00,3.67,
2018-10-02 22:15:00,3.46,
2018-10-02 22:30:00,3.53,
2018-10-02 22:45:00,3.42,
2018-10-02 23:00:00,3.42,
2018-10-02 23:15:00,3.38,
2018-10-02 23:30:00,4.07,
2018-10-02 23:45:00,4.64,
2018-10-03 00:00:00,2.7,
2018-10-03 00:15:00,3.38,
2018-10-03 00:30:00,3.38,
2018-10-03 00:45:00,3.38,
2018-10-03 01:00:00,3.38,
2018-10-03 01:15:00,3.42,
2018-10-03 01:30:00,3.46,
2018-10-03 01:45:00,4.43,
2018-10-03 02:00:00,3.56,
2018-10-03 02:15:00,3.53,
2018-10-03 02:30:00,3.56,
2018-10-03 02:45:00,3.56,
2018-10-03 03:00:00,3.49,
2018-10-03 03:15:00,3.13,
2018-10-03 03:30:00,2.92,
2018-10-03 03:45:00,2.92,
2018-10-03 04:00:00,2.92,
2018-10-03 04:15:00,2.92,
2018-10-03 04:30:00,2.92,
2018-10-03 04:45:00,2.92,
2018-10-03 05:00:00,2.92,
2018-10-03 05:15:00,2.99,
2018-10-03 05:30:00,2.99,
2018-10-03 05:45:00,2.92,
2018-10-03 06:00:00,3.53,
2018-10-03 06:15:00,3.24,
2018-10-03 06:30:00,3.49,
2018-10-03 06:45:00,3.06,
2018-10-03 07:00:00,2.88,
2018-10-03 07:15:00,2.88,
2018-10-03 07:30:00,2.92,
2018-10-03 07:45:00,2.99,
2018-10-03 08:00:00,3.13,
2018-10-03 08:15:00,42.37,
2018-10-03 08:30:00,73.04,
2018-10-03 08:45:00,87.88,
2018-10-03 09:00:00,57.06,
2018-10-03 09:15:00,70.02,
2018-10-03 09:30:00,69.37,
2018-10-03 09:45:00,60.95,
2018-10-03 10:00:00,57.1,
2018-10-03 10:15:00,51.62,
2018-10-03 10:30:00,54.5,
2018-10-03 10:45:00,52.38,
2018-10-03 11:00:00,62.14,
2018-10-03 11:15:00,62.89,
2018-10-03 11:30:00,55.66,
2018-10-03 11:45:00,54.72,
2018-10-03 12:00:00,33.05,
2018-10-03 12:15:00,5.58,
2018-10-03 12:30:00,5.87,
2018-10-03 12:45:00,4.82,
2018-10-03 13:00:00,4.72,
2018-10-03 13:15:00,41.4,
2018-10-03 13:30:00,52.7,
2018-10-03 13:45:00,51.01,
2018-10-03 14:00:00,49.39,
2018-10-03 14:15:00,59.33,
2018-10-03 14:30:00,57.6,
2018-10-03 14:45:00,59.36,
2018-10-03 15:00:00,65.12,
2018-10-03 15:15:00,52.38,
2018-10-03 15:30:00,66.78,
2018-10-03 15:45:00,58.0,
2018-10-03 16:00:00,58.9,
2018-10-03 16:15:00,69.12,
2018-10-03 16:30:00,64.01,
2018-10-03 16:45:00,45.9,
2018-10-03 17:00:00,16.7,
2018-10-03 17:15:00,3.89,
2018-10-03 17:30:00,3.6,
2018-10-03 17:45:00,3.64,
2018-10-03 18:00:00,3.56,
2018-10-03 18:15:00,3.49,
2018-10-03 18:30:00,3.49,
2018-10-03 18:45:00,3.74,
2018-10-03 19:00:00,3.64,
2018-10-03 19:15:00,4.21,
2018-10-03 19:30:00,4.1,
2018-10-03 19:45:00,3.6,
2018-10-03 20:00:00,3.64,
2018-10-03 20:15:00,3.56,
2018-10-03 20:30:00,3.53,
2018-10-03 20:45:00,3.6,
2018-10-03 21:00:00,2.92,
2018-10-03 21:15:00,2.92,
2018-10-03 21:30:00,2.95,
2018-10-03 21:45:00,2.88,
2018-10-03 22:00:00,2.92,
2018-10-03 22:15:00,2.74,
2018-10-03 22:30:00,2.77,
2018-10-03 22:45:00,2.77,
2018-10-03 23:00:00,2.77,
2018-10-03 23:15:00,2.95,
2018-10-03 23:30:00,3.31,
2018-10-03 23:45:00,3.02,
2018-10-04 00:00:00,4.46,
2018-10-04 00:15:00,3.02,
2018-10-04 00:30:00,3.28,
2018-10-04 00:45:00,2.74,
2018-10-04 01:00:00,2.77,
2018-10-04 01:15:00,2.74,
2018-10-04 01:30:00,2.77,
2018-10-04 01:45:00,2.81,
2018-10-04 02:00:00,2.74,
2018-10-04 02:15:00,2.74,
2018-10-04 02:30:00,2.81,
2018-10-04 02:45:00,2.74,
2018-10-04 03:00:00,2.74,
2018-10-04 03:15:00,2.81,
2018-10-04 03:30:00,2.77,
2018-10-04 03:45:00,2.77,
2018-10-04 04:00:00,3.38,
2018-10-04 04:15:00,2.92,
2018-10-04 04:30:00,2.81,
2018-10-04 04:45:00,2.77,
2018-10-04 05:00:00,3.35,
2018-10-04 05:15:00,3.02,
2018-10-04 05:30:00,2.74,
2018-10-04 05:45:00,2.7,
2018-10-04 06:00:00,2.77,
2018-10-04 06:15:00,2.7,
2018-10-04 06:30:00,2.7,
2018-10-04 06:45:00,2.77,
2018-10-04 07:00:00,2.99,
2018-10-04 07:15:00,3.31,
2018-10-04 07:30:00,3.02,
2018-10-04 07:45:00,3.24,
2018-10-04 08:00:00,3.31,
2018-10-04 08:15:00,33.73,
2018-10-04 08:30:00,43.96,
2018-10-04 08:45:00,56.77,
2018-10-04 09:00:00,64.8,
2018-10-04 09:15:00,68.98,
2018-10-04 09:30:00,70.27,
2018-10-04 09:45:00,62.78,
2018-10-04 10:00:00,64.08,
2018-10-04 10:15:00,59.72,
2018-10-04 10:30:00,52.67,
2018-10-04 10:45:00,62.03,
2018-10-04 11:00:00,55.98,
2018-10-04 11:15:00,62.39,
2018-10-04 11:30:00,70.49,
2018-10-04 11:45:00,66.2,
2018-10-04 12:00:00,60.77,
2018-10-04 12:15:00,12.28,
2018-10-04 12:30:00,4.14,
2018-10-04 12:45:00,4.43,
2018-10-04 13:00:00,5.04,
2018-10-04 13:15:00,44.21,
2018-10-04 13:30:00,68.26,
2018-10-04 13:45:00,61.02,
2018-10-04 14:00:00,58.68,
2018-10-04 14:15:00,71.42,
2018-10-04 14:30:00,67.03,
2018-10-04 14:45:00,59.22,
2018-10-04 15:00:00,55.58,
2018-10-04 15:15:00,50.8,
2018-10-04 15:30:00,49.39,
2018-10-04 15:45:00,64.19,
2018-10-04 16:00:00,63.86,
2018-10-04 16:15:00,62.5,
2018-10-04 16:30:00,59.26,
2018-10-04 16:45:00,75.2,
2018-10-04 17:00:00,51.95,
2018-10-04 17:15:00,68.04,
2018-10-04 17:30:00,50.08,
2018-10-04 17:45:00,29.74,
2018-10-04 18:00:00,51.55,
2018-10-04 18:15:00,48.67,
2018-10-04 18:30:00,50.4,
2018-10-04 18:45:00,58.1,
2018-10-04 19:00:00,53.1,
2018-10-04 19:15:00,75.06,
2018-10-04 19:30:00,64.58,
2018-10-04 19:45:00,61.85,
2018-10-04 20:00:00,66.89,
2018-10-04 20:15:00,56.88,
2018-10-04 20:30:00,67.93,
2018-10-04 20:45:00,53.14,
2018-10-04 21:00:00,24.73,
2018-10-04 21:15:00,10.87,
2018-10-04 21:30:00,3.89,
2018-10-04 21:45:00,3.78,
2018-10-04 22:00:00,3.71,
2018-10-04 22:15:00,3.42,
2018-10-04 22:30:00,3.49,
2018-10-04 22:45:00,3.46,
2018-10-04 23:00:00,3.49,
2018-10-04 23:15:00,3.38,
2018-10-04 23:30:00,3.42,
2018-10-04 23:45:00,3.6,
2018-10-05 00:00:00,3.42,
2018-10-05 00:15:00,3.56,
2018-10-05 00:30:00,3.49,
2018-10-05 00:45:00,3.42,
2018-10-05 01:00:00,3.42,
2018-10-05 01:15:00,3.42,
2018-10-05 01:30:00,3.53,
2018-10-05 01:45:00,3.46,
2018-10-05 02:00:00,2.84,
2018-10-05 02:15:00,2.77,
2018-10-05 02:30:00,2.81,
2018-10-05 02:45:00,2.81,
2018-10-05 03:00:00,2.77,
2018-10-05 03:15:00,2.88,
2018-10-05 03:30:00,2.81,
2018-10-05 03:45:00,2.81,
2018-10-05 04:00:00,2.84,
2018-10-05 04:15:00,3.35,
2018-10-05 04:30:00,3.38,
2018-10-05 04:45:00,2.84,
2018-10-05 05:00:00,2.77,
2018-10-05 05:15:00,2.84,
2018-10-05 05:30:00,2.84,
2018-10-05 05:45:00,3.38,
2018-10-05 06:00:00,3.02,
2018-10-05 06:15:00,2.84,
2018-10-05 06:30:00,2.77,
2018-10-05 06:45:00,2.74,
2018-10-05 07:00:00,2.81,
2018-10-05 07:15:00,2.92,
2018-10-05 07:30:00,2.99,
2018-10-05 07:45:00,3.17,
2018-10-05 08:00:00,3.17,
2018-10-05 08:15:00,29.84,
2018-10-05 08:30:00,46.91,
2018-10-05 08:45:00,50.87,
2018-10-05 09:00:00,55.94,
2018-10-05 09:15:00,51.05,
2018-10-05 09:30:00,56.16,
2018-10-05 09:45:00,54.65,
2018-10-05 10:00:00,56.48,
2018-10-05 10:15:00,51.84,
2018-10-05 10:30:00,50.72,
2018-10-05 10:45:00,55.62,
2018-10-05 11:00:00,58.0,
2018-10-05 11:15:00,57.24,
2018-10-05 11:30:00,51.48,
2018-10-05 11:45:00,59.51,
2018-10-05 12:00:00,47.27,
2018-10-05 12:15:00,4.75,
2018-10-05 12:30:00,5.54,
2018-10-05 12:45:00,5.18,
2018-10-05 13:00:00,4.46,
2018-10-05 13:15:00,33.84,
2018-10-05 13:30:00,59.65,
2018-10-05 13:45:00,54.79,
2018-10-05 14:00:00,54.22,
2018-10-05 14:15:00,53.35,
2018-10-05 14:30:00,56.23,
2018-10-05 14:45:00,56.2,
2018-10-05 15:00:00,41.98,
2018-10-05 15:15:00,43.27,
2018-10-05 15:30:00,44.86,
2018-10-05 15:45:00,50.22,
2018-10-05 16:00:00,51.73,
2018-10-05 16:15:00,50.4,
2018-10-05 16:30:00,48.42,
2018-10-05 16:45:00,46.04,
2018-10-05 17:00:00,46.98,
2018-10-05 17:15:00,43.96,
2018-10-05 17:30:00,41.94,
2018-10-05 17:45:00,32.08,
2018-10-05 18:00:00,30.67,
2018-10-05 18:15:00,39.71,
2018-10-05 18:30:00,42.19,
2018-10-05 18:45:00,47.45,
2018-10-05 19:00:00,50.29,
2018-10-05 19:15:00,49.82,
2018-10-05 19:30:00,45.79,
2018-10-05 19:45:00,49.46,
2018-10-05 20:00:00,50.58,
2018-10-05 20:15:00,54.32,
2018-10-05 20:30:00,58.9,
2018-10-05 20:45:00,55.08,
2018-10-05 21:00:00,30.92,
2018-10-05 21:15:00,5.0,
2018-10-05 21:30:00,3.82,
2018-10-05 21:45:00,3.85,
2018-10-05 22:00:00,3.89,
2018-10-05 22:15:00,3.56,
2018-10-05 22:30:00,3.53,
2018-10-05 22:45:00,3.6,
2018-10-05 23:00:00,3.53,
2018-10-05 23:15:00,3.42,
2018-10-05 23:30:00,3.46,
2018-10-05 23:45:00,3.42,
2018-10-06 00:00:00,3.17,
2018-10-06 00:15:00,3.42,
2018-10-06 00:30:00,3.42,
2018-10-06 00:45:00,3.28,
2018-10-06 01:00:00,2.88,
2018-10-06 01:15:00,2.84,
2018-10-06 01:30:00,3.06,
2018-10-06 01:45:00,3.49,
2018-10-06 02:00:00,3.06,
2018-10-06 02:15:00,2.92,
2018-10-06 02:30:00,2.92,
2018-10-06 02:45:00,2.84,
2018-10-06 03:00:00,2.84,
2018-10-06 03:15:00,2.84,
2018-10-06 03:30:00,3.06,
2018-10-06 03:45:00,3.56,
2018-10-06 04:00:00,3.46,
2018-10-06 04:15:00,3.28,
2018-10-06 04:30:00,2.92,
2018-10-06 04:45:00,2.95,
2018-10-06 05:00:00,2.92,
2018-10-06 05:15:00,2.92,
2018-10-06 05:30:00,2.92,
2018-10-06 05:45:00,3.1,
2018-10-06 06:00:00,3.28,
2018-10-06 06:15:00,2.88,
2018-10-06 06:30:00,2.88,
2018-10-06 06:45:00,2.92,
2018-10-06 07:00:00,2.92,
2018-10-06 07:15:00,2.88,
2018-10-06 07:30:00,3.35,
2018-10-06 07:45:00,3.56,
2018-10-06 08:00:00,9.72,
2018-10-06 08:15:00,37.48,
2018-10-06 08:30:00,51.01,
2018-10-06 08:45:00,48.35,
2018-10-06 09:00:00,50.9,
2018-10-06 09:15:00,64.4,
2018-10-06 09:30:00,61.09,
2018-10-06 09:45:00,41.69,
2018-10-06 10:00:00,47.34,
2018-10-06 10:15:00,45.61,
2018-10-06 10:30:00,60.95,
2018-10-06 10:45:00,52.09,
2018-10-06 11:00:00,42.91,
2018-10-06 11:15:00,41.65,
2018-10-06 11:30:00,41.54,
2018-10-06 11:45:00,45.11,
2018-10-06 12:00:00,40.54,
2018-10-06 12:15:00,27.72,
2018-10-06 12:30:00,24.12,
2018-10-06 12:45:00,24.12,
2018-10-06 13:00:00,24.23,
2018-10-06 13:15:00,40.14,
2018-10-06 13:30:00,75.85,
2018-10-06 13:45:00,97.38,
2018-10-06 14:00:00,105.12,
2018-10-06 14:15:00,61.49,
2018-10-06 14:30:00,112.1,
2018-10-06 14:45:00,105.26,
2018-10-06 15:00:00,108.29,
2018-10-06 15:15:00,104.47,
2018-10-06 15:30:00,99.22,
2018-10-06 15:45:00,108.43,
2018-10-06 16:00:00,78.44,
2018-10-06 16:15:00,103.32,
2018-10-06 16:30:00,102.96,
2018-10-06 16:45:00,103.03,
2018-10-06 17:00:00,84.56,
2018-10-06 17:15:00,34.92,
2018-10-06 17:30:00,26.46,
2018-10-06 17:45:00,26.53,
2018-10-06 18:00:00,26.32,
2018-10-06 18:15:00,36.76,
2018-10-06 18:30:00,64.48,
2018-10-06 18:45:00,40.43,
2018-10-06 19:00:00,60.91,
2018-10-06 19:15:00,49.79,
2018-10-06 19:30:00,36.72,
2018-10-06 19:45:00,36.83,
2018-10-06 20:00:00,50.0,
2018-10-06 20:15:00,53.1,
2018-10-06 20:30:00,35.75,
2018-10-06 20:45:00,25.74,
2018-10-06 21:00:00,6.66,
2018-10-06 21:15:00,4.07,
2018-10-06 21:30:00,3.49,
2018-10-06 21:45:00,3.56,
2018-10-06 22:00:00,3.46,
2018-10-06 22:15:00,3.2,
2018-10-06 22:30:00,3.17,
2018-10-06 22:45:00,3.24,
2018-10-06 23:00:00,3.24,
2018-10-06 23:15:00,3.56,
2018-10-06 23:30:00,4.25,
2018-10-06 23:45:00,3.31,
2018-10-07 00:00:00,2.59,
2018-10-07 00:15:00,2.88,
2018-10-07 00:30:00,2.59,
2018-10-07 00:45:00,2.52,
2018-10-07 01:00:00,2.56,
2018-10-07 01:15:00,2.52,
2018-10-07 01:30:00,2.56,
2018-10-07 01:45:00,2.56,
2018-10-07 02:00:00,2.56,
2018-10-07 02:15:00,2.52,
2018-10-07 02:30:00,2.56,
2018-10-07 02:45:00,2.56,
2018-10-07 03:00:00,2.52,
2018-10-07 03:15:00,2.59,
2018-10-07 03:30:00,2.7,
2018-10-07 03:45:00,3.06,
2018-10-07 04:00:00,2.74,
2018-10-07 04:15:00,3.17,
2018-10-07 04:30:00,2.66,
2018-10-07 04:45:00,2.59,
2018-10-07 05:00:00,2.56,
2018-10-07 05:15:00,2.59,
2018-10-07 05:30:00,2.56,
2018-10-07 05:45:00,2.52,
2018-10-07 06:00:00,2.56,
2018-10-07 06:15:00,2.56,
2018-10-07 06:30:00,2.52,
2018-10-07 06:45:00,2.99,
2018-10-07 07:00:00,2.81,
2018-10-07 07:15:00,2.48,
2018-10-07 07:30:00,2.59,
2018-10-07 07:45:00,2.52,
2018-10-07 08:00:00,2.52,
2018-10-07 08:15:00,2.52,
2018-10-07 08:30:00,2.48,
2018-10-07 08:45:00,2.59,
2018-10-07 09:00:00,2.74,
2018-10-07 09:15:00,3.28,
2018-10-07 09:30:00,3.17,
2018-10-07 09:45:00,2.63,
2018-10-07 10:00:00,2.63,
2018-10-07 10:15:00,2.74,
2018-10-07 10:30:00,3.02,
2018-10-07 10:45:00,3.1,
2018-10-07 11:00:00,2.63,
2018-10-07 11:15:00,2.63,
2018-10-07 11:30:00,2.66,
2018-10-07 11:45:00,2.63,
2018-10-07 12:00:00,2.7,
2018-10-07 12:15:00,2.77,
2018-10-07 12:30:00,2.74,
2018-10-07 12:45:00,2.77,
2018-10-07 13:00:00,2.74,
2018-10-07 13:15:00,2.7,
2018-10-07 13:30:00,2.74,
2018-10-07 13:45:00,2.66,
2018-10-07 14:00:00,3.02,
2018-10-07 14:15:00,3.13,
2018-10-07 14:30:00,2.7,
2018-10-07 14:45:00,2.7,
2018-10-07 15:00:00,2.99,
2018-10-07 15:15:00,3.42,
2018-10-07 15:30:00,2.88,
2018-10-07 15:45:00,2.66,
2018-10-07 16:00:00,2.66,
2018-10-07 16:15:00,2.66,
2018-10-07 16:30:00,2.74,
2018-10-07 16:45:00,2.66,
2018-10-07 17:00:00,2.63,
2018-10-07 17:15:00,2.84,
2018-10-07 17:30:00,3.38,
2018-10-07 17:45:00,2.81,
2018-10-07 18:00:00,2.59,
2018-10-07 18:15:00,2.59,
2018-10-07 18:30:00,2.59,
2018-10-07 18:45:00,3.17,
2018-10-07 19:00:00,3.46,
2018-10-07 19:15:00,3.42,
2018-10-07 19:30:00,2.74,
2018-10-07 19:45:00,2.84,
2018-10-07 20:00:00,3.06,
2018-10-07 20:15:00,3.49,
2018-10-07 20:30:00,2.74,
2018-10-07 20:45:00,2.77,
2018-10-07 21:00:00,2.77,
2018-10-07 21:15:00,2.99,
2018-10-07 21:30:00,3.42,
2018-10-07 21:45:00,2.81,
2018-10-07 22:00:00,2.81,
2018-10-07 22:15:00,2.59,
2018-10-07 22:30:00,2.59,
2018-10-07 22:45:00,2.66,
2018-10-07 23:00:00,2.59,
2018-10-07 23:15:00,2.56,
2018-10-07 23:30:00,2.48,
2018-10-07 23:45:00,2.56,
2018-10-08 00:00:00,3.24,
2018-10-08 00:15:00,2.63,
2018-10-08 00:30:00,3.17,
2018-10-08 00:45:00,3.28,
2018-10-08 01:00:00,3.06,
2018-10-08 01:15:00,2.59,
2018-10-08 01:30:00,2.56,
2018-10-08 01:45:00,2.66,
2018-10-08 02:00:00,2.63,
2018-10-08 02:15:00,2.56,
2018-10-08 02:30:00,2.66,
2018-10-08 02:45:00,2.63,
2018-10-08 03:00:00,2.63,
2018-10-08 03:15:00,2.66,
2018-10-08 03:30:00,2.63,
2018-10-08 03:45:00,2.63,
2018-10-08 04:00:00,3.1,
2018-10-08 04:15:00,2.99,
2018-10-08 04:30:00,2.7,
2018-10-08 04:45:00,2.59,
2018-10-08 05:00:00,2.63,
2018-10-08 05:15:00,2.66,
2018-10-08 05:30:00,3.24,
2018-10-08 05:45:00,2.88,
2018-10-08 06:00:00,2.56,
2018-10-08 06:15:00,2.59,
2018-10-08 06:30:00,2.52,
2018-10-08 06:45:00,2.52,
2018-10-08 07:00:00,2.52,
2018-10-08 07:15:00,2.66,
2018-10-08 07:30:00,2.88,
2018-10-08 07:45:00,3.46,
2018-10-08 08:00:00,3.6,
2018-10-08 08:15:00,16.45,
2018-10-08 08:30:00,95.83,
2018-10-08 08:45:00,89.1,
2018-10-08 09:00:00,110.09,
2018-10-08 09:15:00,87.44,
2018-10-08 09:30:00,88.38,
2018-10-08 09:45:00,104.04,
2018-10-08 10:00:00,97.45,
2018-10-08 10:15:00,72.54,
2018-10-08 10:30:00,105.88,
2018-10-08 10:45:00,103.25,
2018-10-08 11:00:00,85.82,
2018-10-08 11:15:00,112.93,
2018-10-08 11:30:00,87.7,
2018-10-08 11:45:00,111.2,
2018-10-08 12:00:00,92.27,
2018-10-08 12:15:00,12.89,
2018-10-08 12:30:00,3.49,
2018-10-08 12:45:00,3.67,
2018-10-08 13:00:00,4.39,
2018-10-08 13:15:00,62.53,
2018-10-08 13:30:00,98.42,
2018-10-08 13:45:00,95.15,
2018-10-08 14:00:00,102.64,
2018-10-08 14:15:00,109.33,
2018-10-08 14:30:00,106.7,
2018-10-08 14:45:00,111.92,
2018-10-08 15:00:00,73.19,
2018-10-08 15:15:00,112.18,
2018-10-08 15:30:00,94.93,
2018-10-08 15:45:00,103.32,
2018-10-08 16:00:00,107.46,
2018-10-08 16:15:00,87.84,
2018-10-08 16:30:00,111.56,
2018-10-08 16:45:00,94.68,
2018-10-08 17:00:00,107.68,
2018-10-08 17:15:00,110.99,
2018-10-08 17:30:00,58.21,
2018-10-08 17:45:00,31.57,
2018-10-08 18:00:00,28.37,
2018-10-08 18:15:00,42.91,
2018-10-08 18:30:00,53.82,
2018-10-08 18:45:00,53.35,
2018-10-08 19:00:00,53.32,
2018-10-08 19:15:00,63.97,
2018-10-08 19:30:00,58.9,
2018-10-08 19:45:00,54.86,
2018-10-08 20:00:00,58.9,
2018-10-08 20:15:00,52.56,
2018-10-08 20:30:00,60.01,
2018-10-08 20:45:00,49.46,
2018-10-08 21:00:00,27.32,
2018-10-08 21:15:00,7.45,
2018-10-08 21:30:00,3.82,
2018-10-08 21:45:00,3.74,
2018-10-08 22:00:00,3.78,
2018-10-08 22:15:00,3.49,
2018-10-08 22:30:00,3.49,
2018-10-08 22:45:00,3.42,
2018-10-08 23:00:00,3.28,
2018-10-08 23:15:00,3.28,
2018-10-08 23:30:00,3.28,
2018-10-08 23:45:00,3.24,
2018-10-09 00:00:00,3.46,
2018-10-09 00:15:00,3.2,
2018-10-09 00:30:00,3.2,
2018-10-09 00:45:00,3.89,
2018-10-09 01:00:00,4.25,
2018-10-09 01:15:00,3.24,
2018-10-09 01:30:00,3.24,
2018-10-09 01:45:00,2.59,
2018-10-09 02:00:00,2.63,
2018-10-09 02:15:00,2.66,
2018-10-09 02:30:00,2.59,
2018-10-09 02:45:00,2.63,
2018-10-09 03:00:00,2.63,
2018-10-09 03:15:00,2.59,
2018-10-09 03:30:00,2.59,
2018-10-09 03:45:00,2.66,
2018-10-09 04:00:00,2.59,
2018-10-09 04:15:00,2.63,
2018-10-09 04:30:00,2.66,
2018-10-09 04:45:00,2.66,
2018-10-09 05:00:00,2.99,
2018-10-09 05:15:00,4.14,
2018-10-09 05:30:00,3.35,
2018-10-09 05:45:00,2.63,
2018-10-09 06:00:00,2.56,
2018-10-09 06:15:00,2.59,
2018-10-09 06:30:00,2.74,
2018-10-09 06:45:00,2.77,
2018-10-09 07:00:00,2.95,
2018-10-09 07:15:00,2.92,
2018-10-09 07:30:00,3.1,
2018-10-09 07:45:00,3.28,
2018-10-09 08:00:00,3.31,
2018-10-09 08:15:00,28.55,
2018-10-09 08:30:00,53.96,
2018-10-09 08:45:00,56.05,
2018-10-09 09:00:00,57.89,
2018-10-09 09:15:00,51.08,
2018-10-09 09:30:00,63.54,
2018-10-09 09:45:00,50.8,
2018-10-09 10:00:00,60.01,
2018-10-09 10:15:00,56.81,
2018-10-09 10:30:00,55.4,
2018-10-09 10:45:00,49.72,
2018-10-09 11:00:00,67.1,
2018-10-09 11:15:00,47.66,
2018-10-09 11:30:00,61.16,
2018-10-09 11:45:00,65.66,
2018-10-09 12:00:00,54.76,
2018-10-09 12:15:00,7.2,
2018-10-09 12:30:00,4.75,
2018-10-09 12:45:00,4.03,
2018-10-09 13:00:00,3.89,
2018-10-09 13:15:00,32.29,
2018-10-09 13:30:00,61.7,
2018-10-09 13:45:00,49.43,
2018-10-09 14:00:00,73.08,
2018-10-09 14:15:00,58.0,
2018-10-09 14:30:00,66.17,
2018-10-09 14:45:00,56.16,
2018-10-09 15:00:00,70.74,
2018-10-09 15:15:00,81.58,
2018-10-09 15:30:00,93.2,
2018-10-09 15:45:00,86.8,
2018-10-09 16:00:00,85.1,
2018-10-09 16:15:00,93.06,
2018-10-09 16:30:00,117.4,
2018-10-09 16:45:00,93.78,
2018-10-09 17:00:00,68.72,
2018-10-09 17:15:00,117.5,
2018-10-09 17:30:00,104.51,
2018-10-09 17:45:00,54.07,
2018-10-09 18:00:00,26.39,
2018-10-09 18:15:00,4.07,
2018-10-09 18:30:00,3.67,
2018-10-09 18:45:00,3.67,
2018-10-09 19:00:00,3.92,
2018-10-09 19:15:00,4.86,
2018-10-09 19:30:00,4.14,
2018-10-09 19:45:00,3.71,
2018-10-09 20:00:00,3.64,
2018-10-09 20:15:00,3.67,
2018-10-09 20:30:00,3.71,
2018-10-09 20:45:00,3.67,
2018-10-09 21:00:00,3.74,
2018-10-09 21:15:00,3.67,
2018-10-09 21:30:00,3.64,
2018-10-09 21:45:00,3.71,
2018-10-09 22:00:00,3.64,
2018-10-09 22:15:00,3.46,
2018-10-09 22:30:00,3.53,
2018-10-09 22:45:00,3.42,
2018-10-09 23:00:00,3.38,
2018-10-09 23:15:00,2.74,
2018-10-09 23:30:00,2.81,
2018-10-09 23:45:00,2.92,
2018-10-10 00:00:00,3.56,
2018-10-10 00:15:00,3.06,
2018-10-10 00:30:00,2.81,
2018-10-10 00:45:00,2.84,
2018-10-10 01:00:00,2.84,
2018-10-10 01:15:00,2.88,
2018-10-10 01:30:00,2.81,
2018-10-10 01:45:00,2.81,
2018-10-10 02:00:00,2.81,
2018-10-10 02:15:00,2.95,
2018-10-10 02:30:00,3.46,
2018-10-10 02:45:00,2.92,
2018-10-10 03:00:00,2.84,
2018-10-10 03:15:00,2.84,
2018-10-10 03:30:00,2.84,
2018-10-10 03:45:00,2.81,
2018-10-10 04:00:00,2.88,
2018-10-10 04:15:00,2.81,
2018-10-10 04:30:00,2.99,
2018-10-10 04:45:00,3.46,
2018-10-10 05:00:00,2.95,
2018-10-10 05:15:00,2.81,
2018-10-10 05:30:00,2.92,
2018-10-10 05:45:00,3.31,
2018-10-10 06:00:00,3.1,
2018-10-10 06:15:00,2.74,
2018-10-10 06:30:00,2.81,
2018-10-10 06:45:00,2.74,
2018-10-10 07:00:00,2.77,
2018-10-10 07:15:00,2.74,
2018-10-10 07:30:00,3.06,
2018-10-10 07:45:00,4.32,
2018-10-10 08:00:00,8.17,
2018-10-10 08:15:00,43.6,
2018-10-10 08:30:00,61.56,
2018-10-10 08:45:00,61.74,
2018-10-10 09:00:00,58.64,
2018-10-10 09:15:00,66.17,
2018-10-10 09:30:00,79.45,
2018-10-10 09:45:00,114.05,
2018-10-10 10:00:00,87.52,
2018-10-10 10:15:00,99.4,
2018-10-10 10:30:00,119.59,
2018-10-10 10:45:00,81.5,
2018-10-10 11:00:00,120.82,
2018-10-10 11:15:00,90.5,
2018-10-10 11:30:00,120.74,
2018-10-10 11:45:00,93.74,
2018-10-10 12:00:00,39.78,
2018-10-10 12:15:00,3.92,
2018-10-10 12:30:00,3.67,
2018-10-10 12:45:00,3.89,
2018-10-10 13:00:00,4.39,
2018-10-10 13:15:00,63.14,
2018-10-10 13:30:00,97.31,
2018-10-10 13:45:00,87.44,
2018-10-10 14:00:00,84.13,
2018-10-10 14:15:00,113.15,
2018-10-10 14:30:00,58.5,
2018-10-10 14:45:00,48.67,
2018-10-10 15:00:00,60.16,
2018-10-10 15:15:00,62.57,
2018-10-10 15:30:00,50.29,
2018-10-10 15:45:00,111.71,
2018-10-10 16:00:00,105.52,
2018-10-10 16:15:00,86.15,
2018-10-10 16:30:00,101.52,
2018-10-10 16:45:00,79.45,
2018-10-10 17:00:00,114.16,
2018-10-10 17:15:00,104.83,
2018-10-10 17:30:00,81.4,
2018-10-10 17:45:00,32.54,
2018-10-10 18:00:00,31.72,
2018-10-10 18:15:00,63.43,
2018-10-10 18:30:00,119.88,
2018-10-10 18:45:00,82.62,
2018-10-10 19:00:00,100.37,
2018-10-10 19:15:00,85.32,
2018-10-10 19:30:00,87.59,
2018-10-10 19:45:00,52.09,
2018-10-10 20:00:00,70.42,
2018-10-10 20:15:00,100.73,
2018-10-10 20:30:00,81.18,
2018-10-10 20:45:00,99.4,
2018-10-10 21:00:00,94.54,
2018-10-10 21:15:00,39.89,
2018-10-10 21:30:00,33.91,
2018-10-10 21:45:00,11.38,
2018-10-10 22:00:00,8.71,
2018-10-10 22:15:00,10.58,
2018-10-10 22:30:00,4.5,
2018-10-10 22:45:00,4.82,
2018-10-10 23:00:00,4.79,
2018-10-10 23:15:00,4.39,
2018-10-10 23:30:00,3.49,
2018-10-10 23:45:00,3.56,
2018-10-11 00:00:00,3.56,
2018-10-11 00:15:00,3.53,
2018-10-11 00:30:00,3.49,
2018-10-11 00:45:00,3.53,
2018-10-11 01:00:00,3.64,
2018-10-11 01:15:00,3.56,
2018-10-11 01:30:00,3.53,
2018-10-11 01:45:00,3.53,
2018-10-11 02:00:00,3.6,
2018-10-11 02:15:00,3.67,
2018-10-11 02:30:00,3.64,
2018-10-11 02:45:00,3.6,
2018-10-11 03:00:00,3.64,
2018-10-11 03:15:00,3.64,
2018-10-11 03:30:00,3.49,
2018-10-11 03:45:00,3.06,
2018-10-11 04:00:00,3.35,
2018-10-11 04:15:00,3.56,
2018-10-11 04:30:00,3.06,
2018-10-11 04:45:00,2.95,
2018-10-11 05:00:00,3.06,
2018-10-11 05:15:00,3.02,
2018-10-11 05:30:00,2.99,
2018-10-11 05:45:00,2.99,
2018-10-11 06:00:00,2.99,
2018-10-11 06:15:00,3.31,
2018-10-11 06:30:00,3.31,
2018-10-11 06:45:00,2.92,
2018-10-11 07:00:00,2.88,
2018-10-11 07:15:00,2.88,
2018-10-11 07:30:00,3.42,
2018-10-11 07:45:00,4.57,
2018-10-11 08:00:00,4.18,
2018-10-11 08:15:00,47.16,
2018-10-11 08:30:00,106.49,
2018-10-11 08:45:00,136.01,
2018-10-11 09:00:00,113.83,
2018-10-11 09:15:00,138.02,
2018-10-11 09:30:00,95.94,
2018-10-11 09:45:00,103.0,
2018-10-11 10:00:00,75.13,
2018-10-11 10:15:00,99.97,
2018-10-11 10:30:00,101.48,
2018-10-11 10:45:00,119.77,
2018-10-11 11:00:00,102.1,
2018-10-11 11:15:00,137.16,
2018-10-11 11:30:00,85.68,
2018-10-11 11:45:00,99.47,
2018-10-11 12:00:00,110.52,
2018-10-11 12:15:00,12.02,
2018-10-11 12:30:00,8.03,
2018-10-11 12:45:00,8.06,
2018-10-11 13:00:00,7.88,
2018-10-11 13:15:00,36.97,
2018-10-11 13:30:00,65.02,
2018-10-11 13:45:00,51.19,
2018-10-11 14:00:00,56.99,
2018-10-11 14:15:00,50.72,
2018-10-11 14:30:00,37.04,
2018-10-11 14:45:00,35.68,
2018-10-11 15:00:00,41.8,
2018-10-11 15:15:00,45.79,
2018-10-11 15:30:00,49.36,
2018-10-11 15:45:00,65.27,
2018-10-11 16:00:00,62.82,
2018-10-11 16:15:00,59.76,
2018-10-11 16:30:00,44.24,
2018-10-11 16:45:00,57.06,
2018-10-11 17:00:00,60.52,
2018-10-11 17:15:00,98.64,
2018-10-11 17:30:00,53.75,
2018-10-11 17:45:00,31.18,
2018-10-11 18:00:00,31.25,
2018-10-11 18:15:00,45.4,
2018-10-11 18:30:00,89.5,
2018-10-11 18:45:00,95.15,
2018-10-11 19:00:00,109.51,
2018-10-11 19:15:00,64.76,
2018-10-11 19:30:00,79.38,
2018-10-11 19:45:00,114.98,
2018-10-11 20:00:00,98.86,
2018-10-11 20:15:00,66.1,
2018-10-11 20:30:00,95.15,
2018-10-11 20:45:00,114.37,
2018-10-11 21:00:00,78.77,
2018-10-11 21:15:00,6.3,
2018-10-11 21:30:00,4.25,
2018-10-11 21:45:00,4.1,
2018-10-11 22:00:00,3.92,
2018-10-11 22:15:00,3.78,
2018-10-11 22:30:00,3.71,
2018-10-11 22:45:00,3.67,
2018-10-11 23:00:00,3.78,
2018-10-11 23:15:00,4.68,
2018-10-11 23:30:00,3.82,
2018-10-11 23:45:00,3.56,
2018-10-12 00:00:00,3.6,
2018-10-12 00:15:00,3.49,
2018-10-12 00:30:00,3.56,
2018-10-12 00:45:00,3.56,
2018-10-12 01:00:00,3.64,
2018-10-12 01:15:00,3.6,
2018-10-12 01:30:00,3.6,
2018-10-12 01:45:00,3.56,
2018-10-12 02:00:00,3.56,
2018-10-12 02:15:00,3.67,
2018-10-12 02:30:00,3.6,
2018-10-12 02:45:00,3.6,
2018-10-12 03:00:00,3.89,
2018-10-12 03:15:00,4.54,
2018-10-12 03:30:00,3.38,
2018-10-12 03:45:00,3.06,
2018-10-12 04:00:00,2.95,
2018-10-12 04:15:00,2.99,
2018-10-12 04:30:00,2.99,
2018-10-12 04:45:00,2.99,
2018-10-12 05:00:00,3.06,
2018-10-12 05:15:00,2.99,
2018-10-12 05:30:00,2.99,
2018-10-12 05:45:00,3.17,
2018-10-12 06:00:00,3.6,
2018-10-12 06:15:00,3.02,
2018-10-12 06:30:00,2.99,
2018-10-12 06:45:00,2.95,
2018-10-12 07:00:00,2.92,
2018-10-12 07:15:00,2.88,
2018-10-12 07:30:00,3.31,
2018-10-12 07:45:00,5.29,
2018-10-12 08:00:00,4.18,
2018-10-12 08:15:00,27.32,
2018-10-12 08:30:00,57.49,
2018-10-12 08:45:00,98.35,
2018-10-12 09:00:00,121.72,
2018-10-12 09:15:00,93.1,
2018-10-12 09:30:00,57.64,
2018-10-12 09:45:00,51.3,
2018-10-12 10:00:00,62.82,
2018-10-12 10:15:00,42.77,
2018-10-12 10:30:00,50.4,
2018-10-12 10:45:00,62.78,
2018-10-12 11:00:00,51.34,
2018-10-12 11:15:00,53.75,
2018-10-12 11:30:00,48.6,
2018-10-12 11:45:00,58.39,
2018-10-12 12:00:00,47.92,
2018-10-12 12:15:00,4.32,
2018-10-12 12:30:00,4.25,
2018-10-12 12:45:00,4.5,
2018-10-12 13:00:00,4.64,
2018-10-12 13:15:00,36.86,
2018-10-12 13:30:00,60.05,
2018-10-12 13:45:00,53.6,
2018-10-12 14:00:00,50.08,
2018-10-12 14:15:00,39.17,
2018-10-12 14:30:00,55.87,
2018-10-12 14:45:00,53.93,
2018-10-12 15:00:00,44.64,
2018-10-12 15:15:00,44.06,
2018-10-12 15:30:00,44.32,
2018-10-12 15:45:00,67.07,
2018-10-12 16:00:00,45.11,
2018-10-12 16:15:00,47.99,
2018-10-12 16:30:00,47.2,
2018-10-12 16:45:00,46.4,
2018-10-12 17:00:00,51.3,
2018-10-12 17:15:00,57.78,
2018-10-12 17:30:00,44.89,
2018-10-12 17:45:00,29.2,
2018-10-12 18:00:00,29.56,
2018-10-12 18:15:00,50.94,
2018-10-12 18:30:00,71.42,
2018-10-12 18:45:00,47.34,
2018-10-12 19:00:00,56.38,
2018-10-12 19:15:00,70.42,
2018-10-12 19:30:00,49.46,
2018-10-12 19:45:00,45.54,
2018-10-12 20:00:00,50.04,
2018-10-12 20:15:00,46.15,
2018-10-12 20:30:00,68.04,
2018-10-12 20:45:00,63.76,
2018-10-12 21:00:00,36.4,
2018-10-12 21:15:00,4.32,
2018-10-12 21:30:00,4.21,
2018-10-12 21:45:00,3.85,
2018-10-12 22:00:00,3.74,
2018-10-12 22:15:00,3.56,
2018-10-12 22:30:00,3.56,
2018-10-12 22:45:00,3.53,
2018-10-12 23:00:00,4.36,
2018-10-12 23:15:00,4.57,
2018-10-12 23:30:00,3.64,
2018-10-12 23:45:00,3.49,
2018-10-13 00:00:00,2.66,
2018-10-13 00:15:00,3.64,
2018-10-13 00:30:00,3.56,
2018-10-13 00:45:00,3.56,
2018-10-13 01:00:00,3.64,
2018-10-13 01:15:00,3.6,
2018-10-13 01:30:00,3.64,
2018-10-13 01:45:00,3.56,
2018-10-13 02:00:00,3.6,
2018-10-13 02:15:00,3.6,
2018-10-13 02:30:00,3.49,
2018-10-13 02:45:00,3.56,
2018-10-13 03:00:00,3.13,
2018-10-13 03:15:00,2.77,
2018-10-13 03:30:00,2.81,
2018-10-13 03:45:00,2.77,
2018-10-13 04:00:00,2.88,
2018-10-13 04:15:00,3.2,
2018-10-13 04:30:00,3.53,
2018-10-13 04:45:00,2.88,
2018-10-13 05:00:00,2.81,
2018-10-13 05:15:00,2.81,
2018-10-13 05:30:00,2.84,
2018-10-13 05:45:00,2.81,
2018-10-13 06:00:00,3.2,
2018-10-13 06:15:00,3.31,
2018-10-13 06:30:00,2.77,
2018-10-13 06:45:00,2.84,
2018-10-13 07:00:00,2.77,
2018-10-13 07:15:00,2.74,
2018-10-13 07:30:00,2.95,
2018-10-13 07:45:00,3.2,
2018-10-13 08:00:00,3.28,
2018-10-13 08:15:00,28.51,
2018-10-13 08:30:00,51.98,
2018-10-13 08:45:00,72.29,
2018-10-13 09:00:00,59.26,
2018-10-13 09:15:00,51.84,
2018-10-13 09:30:00,43.31,
2018-10-13 09:45:00,41.22,
2018-10-13 10:00:00,37.22,
2018-10-13 10:15:00,43.92,
2018-10-13 10:30:00,45.14,
2018-10-13 10:45:00,43.13,
2018-10-13 11:00:00,38.66,
2018-10-13 11:15:00,40.39,
2018-10-13 11:30:00,43.13,
2018-10-13 11:45:00,42.98,
2018-10-13 12:00:00,41.22,
2018-10-13 12:15:00,3.67,
2018-10-13 12:30:00,3.67,
2018-10-13 12:45:00,4.57,
2018-10-13 13:00:00,4.25,
2018-10-13 13:15:00,26.42,
2018-10-13 13:30:00,44.53,
2018-10-13 13:45:00,43.31,
2018-10-13 14:00:00,39.71,
2018-10-13 14:15:00,43.88,
2018-10-13 14:30:00,66.82,
2018-10-13 14:45:00,55.73,
2018-10-13 15:00:00,56.52,
2018-10-13 15:15:00,64.84,
2018-10-13 15:30:00,106.67,
2018-10-13 15:45:00,83.66,
2018-10-13 16:00:00,40.72,
2018-10-13 16:15:00,43.63,
2018-10-13 16:30:00,49.72,
2018-10-13 16:45:00,24.08,
2018-10-13 17:00:00,4.82,
2018-10-13 17:15:00,4.54,
2018-10-13 17:30:00,4.43,
2018-10-13 17:45:00,3.6,
2018-10-13 18:00:00,3.56,
2018-10-13 18:15:00,3.6,
2018-10-13 18:30:00,3.56,
2018-10-13 18:45:00,3.56,
2018-10-13 19:00:00,3.56,
2018-10-13 19:15:00,3.6,
2018-10-13 19:30:00,3.67,
2018-10-13 19:45:00,3.6,
2018-10-13 20:00:00,3.6,
2018-10-13 20:15:00,3.53,
2018-10-13 20:30:00,3.56,
2018-10-13 20:45:00,3.67,
2018-10-13 21:00:00,4.21,
2018-10-13 21:15:00,4.57,
2018-10-13 21:30:00,3.56,
2018-10-13 21:45:00,3.56,
2018-10-13 22:00:00,3.6,
2018-10-13 22:15:00,3.49,
2018-10-13 22:30:00,3.38,
2018-10-13 22:45:00,3.2,
2018-10-13 23:00:00,2.7,
2018-10-13 23:15:00,2.7,
2018-10-13 23:30:00,2.74,
2018-10-13 23:45:00,2.66,
2018-10-14 00:00:00,2.77,
2018-10-14 00:15:00,2.7,
2018-10-14 00:30:00,2.74,
2018-10-14 00:45:00,2.74,
2018-10-14 01:00:00,2.99,
2018-10-14 01:15:00,3.38,
2018-10-14 01:30:00,2.84,
2018-10-14 01:45:00,2.77,
2018-10-14 02:00:00,2.77,
2018-10-14 02:15:00,2.84,
2018-10-14 02:30:00,2.92,
2018-10-14 02:45:00,3.24,
2018-10-14 03:00:00,2.77,
2018-10-14 03:15:00,2.77,
2018-10-14 03:30:00,2.74,
2018-10-14 03:45:00,2.81,
2018-10-14 04:00:00,2.74,
2018-10-14 04:15:00,2.77,
2018-10-14 04:30:00,2.77,
2018-10-14 04:45:00,2.74,
2018-10-14 05:00:00,2.81,
2018-10-14 05:15:00,2.77,
2018-10-14 05:30:00,3.85,
2018-10-14 05:45:00,4.43,
2018-10-14 06:00:00,2.74,
2018-10-14 06:15:00,2.77,
2018-10-14 06:30:00,2.74,
2018-10-14 06:45:00,2.74,
2018-10-14 07:00:00,2.74,
2018-10-14 07:15:00,2.7,
2018-10-14 07:30:00,2.66,
2018-10-14 07:45:00,2.77,
2018-10-14 08:00:00,2.74,
2018-10-14 08:15:00,2.7,
2018-10-14 08:30:00,2.7,
2018-10-14 08:45:00,2.77,
2018-10-14 09:00:00,2.92,
2018-10-14 09:15:00,2.99,
2018-10-14 09:30:00,3.02,
2018-10-14 09:45:00,3.02,
2018-10-14 10:00:00,4.39,
2018-10-14 10:15:00,4.07,
2018-10-14 10:30:00,2.99,
2018-10-14 10:45:00,3.02,
2018-10-14 11:00:00,2.95,
2018-10-14 11:15:00,2.95,
2018-10-14 11:30:00,2.95,
2018-10-14 11:45:00,2.95,
2018-10-14 12:00:00,2.95,
2018-10-14 12:15:00,3.13,
2018-10-14 12:30:00,3.1,
2018-10-14 12:45:00,3.06,
2018-10-14 13:00:00,3.06,
2018-10-14 13:15:00,3.06,
2018-10-14 13:30:00,3.06,
2018-10-14 13:45:00,3.02,
2018-10-14 14:00:00,3.06,
2018-10-14 14:15:00,3.64,
2018-10-14 14:30:00,3.2,
2018-10-14 14:45:00,3.02,
2018-10-14 15:00:00,3.02,
2018-10-14 15:15:00,2.99,
2018-10-14 15:30:00,2.95,
2018-10-14 15:45:00,3.31,
2018-10-14 16:00:00,3.56,
2018-10-14 16:15:00,2.92,
2018-10-14 16:30:00,2.95,
2018-10-14 16:45:00,2.95,
2018-10-14 17:00:00,2.88,
2018-10-14 17:15:00,2.95,
2018-10-14 17:30:00,2.95,
2018-10-14 17:45:00,3.35,
2018-10-14 18:00:00,3.49,
2018-10-14 18:15:00,2.88,
2018-10-14 18:30:00,2.92,
2018-10-14 18:45:00,2.99,
2018-10-14 19:00:00,2.95,
2018-10-14 19:15:00,2.99,
2018-10-14 19:30:00,2.99,
2018-10-14 19:45:00,2.95,
2018-10-14 20:00:00,2.99,
2018-10-14 20:15:00,3.06,
2018-10-14 20:30:00,3.71,
2018-10-14 20:45:00,3.42,
2018-10-14 21:00:00,2.99,
2018-10-14 21:15:00,3.67,
2018-10-14 21:30:00,3.2,
2018-10-14 21:45:00,2.95,
2018-10-14 22:00:00,2.95,
2018-10-14 22:15:00,2.88,
2018-10-14 22:30:00,2.84,
2018-10-14 22:45:00,2.81,
2018-10-14 23:00:00,2.77,
2018-10-14 23:15:00,2.74,
2018-10-14 23:30:00,2.74,
2018-10-14 23:45:00,2.81,
2018-10-15 00:00:00,3.74,
2018-10-15 00:15:00,2.74,
2018-10-15 00:30:00,2.81,
2018-10-15 00:45:00,3.28,
2018-10-15 01:00:00,3.17,
2018-10-15 01:15:00,2.88,
2018-10-15 01:30:00,2.77,
2018-10-15 01:45:00,3.28,
2018-10-15 02:00:00,3.13,
2018-10-15 02:15:00,2.81,
2018-10-15 02:30:00,2.81,
2018-10-15 02:45:00,2.84,
2018-10-15 03:00:00,2.77,
2018-10-15 03:15:00,2.81,
2018-10-15 03:30:00,2.74,
2018-10-15 03:45:00,2.81,
2018-10-15 04:00:00,2.84,
2018-10-15 04:15:00,2.84,
2018-10-15 04:30:00,3.02,
2018-10-15 04:45:00,3.28,
2018-10-15 05:00:00,2.74,
2018-10-15 05:15:00,2.77,
2018-10-15 05:30:00,2.77,
2018-10-15 05:45:00,3.1,
2018-10-15 06:00:00,3.24,
2018-10-15 06:15:00,2.7,
2018-10-15 06:30:00,2.74,
2018-10-15 06:45:00,2.7,
2018-10-15 07:00:00,2.74,
2018-10-15 07:15:00,3.06,
2018-10-15 07:30:00,3.92,
2018-10-15 07:45:00,4.21,
2018-10-15 08:00:00,7.13,
2018-10-15 08:15:00,22.32,
2018-10-15 08:30:00,91.8,
2018-10-15 08:45:00,102.06,
2018-10-15 09:00:00,85.68,
2018-10-15 09:15:00,112.39,
2018-10-15 09:30:00,97.34,
2018-10-15 09:45:00,112.43,
2018-10-15 10:00:00,118.66,
2018-10-15 10:15:00,87.12,
2018-10-15 10:30:00,117.79,
2018-10-15 10:45:00,86.33,
2018-10-15 11:00:00,123.98,
2018-10-15 11:15:00,103.25,
2018-10-15 11:30:00,125.21,
2018-10-15 11:45:00,102.24,
2018-10-15 12:00:00,98.42,
2018-10-15 12:15:00,7.52,
2018-10-15 12:30:00,5.33,
2018-10-15 12:45:00,6.19,
2018-10-15 13:00:00,6.34,
2018-10-15 13:15:00,56.52,
2018-10-15 13:30:00,113.08,
2018-10-15 13:45:00,116.28,
2018-10-15 14:00:00,118.73,
2018-10-15 14:15:00,100.15,
2018-10-15 14:30:00,109.4,
2018-10-15 14:45:00,73.26,
2018-10-15 15:00:00,98.35,
2018-10-15 15:15:00,135.54,
2018-10-15 15:30:00,88.13,
2018-10-15 15:45:00,105.44,
2018-10-15 16:00:00,77.98,
2018-10-15 16:15:00,111.2,
2018-10-15 16:30:00,79.96,
2018-10-15 16:45:00,108.32,
2018-10-15 17:00:00,107.46,
2018-10-15 17:15:00,87.52,
2018-10-15 17:30:00,99.9,
2018-10-15 17:45:00,28.69,
2018-10-15 18:00:00,29.92,
2018-10-15 18:15:00,51.62,
2018-10-15 18:30:00,81.72,
2018-10-15 18:45:00,110.02,
2018-10-15 19:00:00,98.93,
2018-10-15 19:15:00,85.21,
2018-10-15 19:30:00,96.12,
2018-10-15 19:45:00,63.65,
2018-10-15 20:00:00,54.94,
2018-10-15 20:15:00,58.25,
2018-10-15 20:30:00,54.47,
2018-10-15 20:45:00,44.5,
2018-10-15 21:00:00,27.47,
2018-10-15 21:15:00,4.5,
2018-10-15 21:30:00,4.18,
2018-10-15 21:45:00,4.1,
2018-10-15 22:00:00,4.0,
2018-10-15 22:15:00,3.78,
2018-10-15 22:30:00,3.85,
2018-10-15 22:45:00,3.89,
2018-10-15 23:00:00,3.74,
2018-10-15 23:15:00,3.64,
2018-10-15 23:30:00,3.6,
2018-10-15 23:45:00,3.64,
2018-10-16 00:00:00,3.67,
2018-10-16 00:15:00,3.67,
2018-10-16 00:30:00,4.75,
2018-10-16 00:45:00,4.57,
2018-10-16 01:00:00,3.64,
2018-10-16 01:15:00,3.74,
2018-10-16 01:30:00,3.24,
2018-10-16 01:45:00,3.1,
2018-10-16 02:00:00,3.1,
2018-10-16 02:15:00,3.1,
2018-10-16 02:30:00,3.17,
2018-10-16 02:45:00,3.17,
2018-10-16 03:00:00,3.1,
2018-10-16 03:15:00,3.1,
2018-10-16 03:30:00,3.06,
2018-10-16 03:45:00,3.1,
2018-10-16 04:00:00,3.17,
2018-10-16 04:15:00,3.1,
2018-10-16 04:30:00,3.1,
2018-10-16 04:45:00,3.53,
2018-10-16 05:00:00,3.53,
2018-10-16 05:15:00,3.2,
2018-10-16 05:30:00,3.64,
2018-10-16 05:45:00,3.56,
2018-10-16 06:00:00,3.02,
2018-10-16 06:15:00,3.06,
2018-10-16 06:30:00,3.06,
2018-10-16 06:45:00,3.1,
2018-10-16 07:00:00,3.02,
2018-10-16 07:15:00,2.99,
2018-10-16 07:30:00,3.2,
2018-10-16 07:45:00,5.04,
2018-10-16 08:00:00,5.33,
2018-10-16 08:15:00,46.84,
2018-10-16 08:30:00,80.82,
2018-10-16 08:45:00,92.74,
2018-10-16 09:00:00,122.8,
2018-10-16 09:15:00,104.22,
2018-10-16 09:30:00,110.52,
2018-10-16 09:45:00,88.63,
2018-10-16 10:00:00,114.62,
2018-10-16 10:15:00,94.75,
2018-10-16 10:30:00,77.69,
2018-10-16 10:45:00,115.16,
2018-10-16 11:00:00,62.17,
2018-10-16 11:15:00,54.61,
2018-10-16 11:30:00,63.0,
2018-10-16 11:45:00,64.55,
2018-10-16 12:00:00,44.14,
2018-10-16 12:15:00,13.75,
2018-10-16 12:30:00,5.08,
2018-10-16 12:45:00,5.51,
2018-10-16 13:00:00,5.8,
2018-10-16 13:15:00,34.74,
2018-10-16 13:30:00,71.35,
2018-10-16 13:45:00,54.83,
2018-10-16 14:00:00,63.5,
2018-10-16 14:15:00,70.45,
2018-10-16 14:30:00,56.74,
2018-10-16 14:45:00,64.22,
2018-10-16 15:00:00,57.02,
2018-10-16 15:15:00,59.8,
2018-10-16 15:30:00,59.94,
2018-10-16 15:45:00,68.8,
2018-10-16 16:00:00,56.63,
2018-10-16 16:15:00,58.64,
2018-10-16 16:30:00,59.26,
2018-10-16 16:45:00,69.41,
2018-10-16 17:00:00,65.84,
2018-10-16 17:15:00,53.86,
2018-10-16 17:30:00,52.27,
2018-10-16 17:45:00,29.92,
2018-10-16 18:00:00,30.06,
2018-10-16 18:15:00,40.61,
2018-10-16 18:30:00,51.95,
2018-10-16 18:45:00,72.76,
2018-10-16 19:00:00,61.27,
2018-10-16 19:15:00,72.11,
2018-10-16 19:30:00,61.78,
2018-10-16 19:45:00,61.16,
2018-10-16 20:00:00,66.78,
2018-10-16 20:15:00,52.31,
2018-10-16 20:30:00,60.48,
2018-10-16 20:45:00,45.4,
2018-10-16 21:00:00,21.31,
2018-10-16 21:15:00,6.77,
2018-10-16 21:30:00,4.03,
2018-10-16 21:45:00,4.07,
2018-10-16 22:00:00,3.96,
2018-10-16 22:15:00,3.74,
2018-10-16 22:30:00,3.67,
2018-10-16 22:45:00,3.74,
2018-10-16 23:00:00,4.75,
2018-10-16 23:15:00,3.96,
2018-10-16 23:30:00,3.64,
2018-10-16 23:45:00,3.64,
2018-10-17 00:00:00,4.07,
2018-10-17 00:15:00,3.71,
2018-10-17 00:30:00,3.67,
2018-10-17 00:45:00,3.67,
2018-10-17 01:00:00,3.67,
2018-10-17 01:15:00,3.67,
2018-10-17 01:30:00,3.71,
2018-10-17 01:45:00,4.07,
2018-10-17 02:00:00,4.86,
2018-10-17 02:15:00,4.28,
2018-10-17 02:30:00,3.71,
2018-10-17 02:45:00,3.71,
2018-10-17 03:00:00,3.78,
2018-10-17 03:15:00,3.71,
2018-10-17 03:30:00,3.28,
2018-10-17 03:45:00,3.06,
2018-10-17 04:00:00,3.13,
2018-10-17 04:15:00,3.17,
2018-10-17 04:30:00,3.13,
2018-10-17 04:45:00,3.1,
2018-10-17 05:00:00,3.06,
2018-10-17 05:15:00,3.56,
2018-10-17 05:30:00,3.67,
2018-10-17 05:45:00,3.78,
2018-10-17 06:00:00,3.67,
2018-10-17 06:15:00,3.6,
2018-10-17 06:30:00,3.24,
2018-10-17 06:45:00,3.02,
2018-10-17 07:00:00,3.1,
2018-10-17 07:15:00,3.02,
2018-10-17 07:30:00,3.49,
2018-10-17 07:45:00,4.82,
2018-10-17 08:00:00,5.18,
2018-10-17 08:15:00,31.5,
2018-10-17 08:30:00,63.5,
2018-10-17 08:45:00,66.6,
2018-10-17 09:00:00,92.56,
2018-10-17 09:15:00,79.45,
2018-10-17 09:30:00,111.13,
2018-10-17 09:45:00,97.67,
2018-10-17 10:00:00,125.35,
2018-10-17 10:15:00,69.05,
2018-10-17 10:30:00,69.8,
2018-10-17 10:45:00,106.63,
2018-10-17 11:00:00,127.04,
2018-10-17 11:15:00,107.86,
2018-10-17 11:30:00,121.43,
2018-10-17 11:45:00,53.75,
2018-10-17 12:00:00,53.17,
2018-10-17 12:15:00,6.37,
2018-10-17 12:30:00,5.18,
2018-10-17 12:45:00,5.51,
2018-10-17 13:00:00,5.98,
2018-10-17 13:15:00,25.7,
2018-10-17 13:30:00,47.7,
2018-10-17 13:45:00,45.32,
2018-10-17 14:00:00,56.3,
2018-10-17 14:15:00,71.5,
2018-10-17 14:30:00,58.97,
2018-10-17 14:45:00,74.16,
2018-10-17 15:00:00,60.52,
2018-10-17 15:15:00,46.01,
2018-10-17 15:30:00,66.89,
2018-10-17 15:45:00,67.39,
2018-10-17 16:00:00,51.66,
2018-10-17 16:15:00,41.98,
2018-10-17 16:30:00,48.78,
2018-10-17 16:45:00,68.76,
2018-10-17 17:00:00,49.14,
2018-10-17 17:15:00,67.5,
2018-10-17 17:30:00,42.52,
2018-10-17 17:45:00,29.77,
2018-10-17 18:00:00,28.87,
2018-10-17 18:15:00,32.4,
2018-10-17 18:30:00,39.38,
2018-10-17 18:45:00,48.6,
2018-10-17 19:00:00,47.77,
2018-10-17 19:15:00,47.56,
2018-10-17 19:30:00,44.28,
2018-10-17 19:45:00,42.91,
2018-10-17 20:00:00,36.9,
2018-10-17 20:15:00,39.6,
2018-10-17 20:30:00,42.84,
2018-10-17 20:45:00,20.63,
2018-10-17 21:00:00,7.99,
2018-10-17 21:15:00,4.18,
2018-10-17 21:30:00,3.92,
2018-10-17 21:45:00,3.89,
2018-10-17 22:00:00,3.85,
2018-10-17 22:15:00,3.6,
2018-10-17 22:30:00,3.67,
2018-10-17 22:45:00,3.64,
2018-10-17 23:00:00,3.64,
2018-10-17 23:15:00,3.53,
2018-10-17 23:30:00,3.53,
2018-10-17 23:45:00,3.56,
2018-10-18 00:00:00,3.64,
2018-10-18 00:15:00,4.72,
2018-10-18 00:30:00,4.0,
2018-10-18 00:45:00,3.49,
2018-10-18 01:00:00,3.6,
2018-10-18 01:15:00,3.64,
2018-10-18 01:30:00,3.56,
2018-10-18 01:45:00,3.56,
2018-10-18 02:00:00,3.56,
2018-10-18 02:15:00,3.64,
2018-10-18 02:30:00,3.67,
2018-10-18 02:45:00,3.64,
2018-10-18 03:00:00,3.6,
2018-10-18 03:15:00,3.56,
2018-10-18 03:30:00,3.46,
2018-10-18 03:45:00,2.99,
2018-10-18 04:00:00,3.02,
2018-10-18 04:15:00,2.99,
2018-10-18 04:30:00,2.92,
2018-10-18 04:45:00,3.46,
2018-10-18 05:00:00,3.42,
2018-10-18 05:15:00,2.99,
2018-10-18 05:30:00,3.02,
2018-10-18 05:45:00,2.95,
2018-10-18 06:00:00,2.95,
2018-10-18 06:15:00,3.24,
2018-10-18 06:30:00,3.53,
2018-10-18 06:45:00,2.95,
2018-10-18 07:00:00,2.92,
2018-10-18 07:15:00,2.84,
2018-10-18 07:30:00,3.31,
2018-10-18 07:45:00,5.08,
2018-10-18 08:00:00,4.68,
2018-10-18 08:15:00,26.6,
2018-10-18 08:30:00,36.14,
2018-10-18 08:45:00,41.15,
2018-10-18 09:00:00,44.46,
2018-10-18 09:15:00,43.67,
2018-10-18 09:30:00,44.53,
2018-10-18 09:45:00,46.94,
2018-10-18 10:00:00,43.7,
2018-10-18 10:15:00,39.89,
2018-10-18 10:30:00,39.64,
2018-10-18 10:45:00,37.3,
2018-10-18 11:00:00,54.22,
2018-10-18 11:15:00,51.41,
2018-10-18 11:30:00,49.46,
2018-10-18 11:45:00,55.94,
2018-10-18 12:00:00,49.75,
2018-10-18 12:15:00,12.56,
2018-10-18 12:30:00,5.33,
2018-10-18 12:45:00,5.11,
2018-10-18 13:00:00,5.22,
2018-10-18 13:15:00,33.01,
2018-10-18 13:30:00,60.34,
2018-10-18 13:45:00,128.88,
2018-10-18 14:00:00,90.43,
2018-10-18 14:15:00,53.6,
2018-10-18 14:30:00,60.23,
2018-10-18 14:45:00,61.63,
2018-10-18 15:00:00,68.76,
2018-10-18 15:15:00,66.89,
2018-10-18 15:30:00,64.19,
2018-10-18 15:45:00,89.75,
2018-10-18 16:00:00,65.99,
2018-10-18 16:15:00,90.22,
2018-10-18 16:30:00,68.08,
2018-10-18 16:45:00,71.32,
2018-10-18 17:00:00,63.25,
2018-10-18 17:15:00,81.22,
2018-10-18 17:30:00,47.41,
2018-10-18 17:45:00,30.28,
2018-10-18 18:00:00,30.56,
2018-10-18 18:15:00,36.04,
2018-10-18 18:30:00,38.84,
2018-10-18 18:45:00,47.7,
2018-10-18 19:00:00,75.2,
2018-10-18 19:15:00,69.84,
2018-10-18 19:30:00,51.08,
2018-10-18 19:45:00,48.49,
2018-10-18 20:00:00,53.75,
2018-10-18 20:15:00,60.26,
2018-10-18 20:30:00,47.7,
2018-10-18 20:45:00,42.77,
2018-10-18 21:00:00,95.51,
2018-10-18 21:15:00,63.94,
2018-10-18 21:30:00,49.57,
2018-10-18 21:45:00,7.16,
2018-10-18 22:00:00,5.33,
2018-10-18 22:15:00,4.93,
2018-10-18 22:30:00,4.97,
2018-10-18 22:45:00,4.57,
2018-10-18 23:00:00,3.78,
2018-10-18 23:15:00,3.64,
2018-10-18 23:30:00,3.64,
2018-10-18 23:45:00,3.71,
2018-10-19 00:00:00,86.83,
2018-10-19 00:15:00,3.6,
2018-10-19 00:30:00,3.64,
2018-10-19 00:45:00,3.71,
2018-10-19 01:00:00,3.67,
2018-10-19 01:15:00,3.64,
2018-10-19 01:30:00,3.64,
2018-10-19 01:45:00,3.6,
2018-10-19 02:00:00,3.64,
2018-10-19 02:15:00,3.64,
2018-10-19 02:30:00,3.67,
2018-10-19 02:45:00,3.64,
2018-10-19 03:00:00,3.92,
2018-10-19 03:15:00,4.75,
2018-10-19 03:30:00,3.92,
2018-10-19 03:45:00,3.06,
2018-10-19 04:00:00,3.06,
2018-10-19 04:15:00,3.06,
2018-10-19 04:30:00,3.06,
2018-10-19 04:45:00,3.06,
2018-10-19 05:00:00,3.1,
2018-10-19 05:15:00,3.06,
2018-10-19 05:30:00,3.02,
2018-10-19 05:45:00,3.02,
2018-10-19 06:00:00,2.99,
2018-10-19 06:15:00,3.02,
2018-10-19 06:30:00,3.02,
2018-10-19 06:45:00,3.56,
2018-10-19 07:00:00,3.1,
2018-10-19 07:15:00,2.95,
2018-10-19 07:30:00,4.03,
2018-10-19 07:45:00,4.68,
2018-10-19 08:00:00,4.57,
2018-10-19 08:15:00,36.68,
2018-10-19 08:30:00,93.46,
2018-10-19 08:45:00,122.4,
2018-10-19 09:00:00,66.35,
2018-10-19 09:15:00,122.98,
2018-10-19 09:30:00,115.45,
2018-10-19 09:45:00,78.66,
2018-10-19 10:00:00,67.18,
2018-10-19 10:15:00,51.77,
2018-10-19 10:30:00,52.38,
2018-10-19 10:45:00,50.94,
2018-10-19 11:00:00,52.74,
2018-10-19 11:15:00,57.67,
2018-10-19 11:30:00,52.38,
2018-10-19 11:45:00,42.08,
2018-10-19 12:00:00,37.26,
2018-10-19 12:15:00,5.15,
2018-10-19 12:30:00,5.18,
2018-10-19 12:45:00,5.33,
2018-10-19 13:00:00,4.14,
2018-10-19 13:15:00,26.21,
2018-10-19 13:30:00,51.26,
2018-10-19 13:45:00,53.39,
2018-10-19 14:00:00,49.1,
2018-10-19 14:15:00,64.19,
2018-10-19 14:30:00,57.38,
2018-10-19 14:45:00,54.36,
2018-10-19 15:00:00,56.63,
2018-10-19 15:15:00,62.5,
2018-10-19 15:30:00,89.68,
2018-10-19 15:45:00,61.42,
2018-10-19 16:00:00,99.36,
2018-10-19 16:15:00,88.49,
2018-10-19 16:30:00,89.86,
2018-10-19 16:45:00,56.66,
2018-10-19 17:00:00,56.95,
2018-10-19 17:15:00,48.56,
2018-10-19 17:30:00,39.71,
2018-10-19 17:45:00,30.64,
2018-10-19 18:00:00,30.74,
2018-10-19 18:15:00,43.13,
2018-10-19 18:30:00,63.9,
2018-10-19 18:45:00,53.6,
2018-10-19 19:00:00,69.52,
2018-10-19 19:15:00,68.08,
2018-10-19 19:30:00,50.54,
2018-10-19 19:45:00,43.96,
2018-10-19 20:00:00,60.19,
2018-10-19 20:15:00,55.8,
2018-10-19 20:30:00,61.52,
2018-10-19 20:45:00,48.78,
2018-10-19 21:00:00,39.35,
2018-10-19 21:15:00,65.92,
2018-10-19 21:30:00,74.95,
2018-10-19 21:45:00,47.99,
2018-10-19 22:00:00,74.84,
2018-10-19 22:15:00,47.59,
2018-10-19 22:30:00,44.5,
2018-10-19 22:45:00,80.96,
2018-10-19 23:00:00,54.07,
2018-10-19 23:15:00,42.44,
2018-10-19 23:30:00,73.01,
2018-10-19 23:45:00,61.2,
2018-10-20 00:00:00,2.81,
2018-10-20 00:15:00,64.33,
2018-10-20 00:30:00,45.22,
2018-10-20 00:45:00,19.84,
2018-10-20 01:00:00,7.09,
2018-10-20 01:15:00,5.72,
2018-10-20 01:30:00,4.75,
2018-10-20 01:45:00,4.68,
2018-10-20 02:00:00,4.64,
2018-10-20 02:15:00,3.6,
2018-10-20 02:30:00,3.56,
2018-10-20 02:45:00,3.6,
2018-10-20 03:00:00,3.53,
2018-10-20 03:15:00,3.49,
2018-10-20 03:30:00,3.49,
2018-10-20 03:45:00,3.53,
2018-10-20 04:00:00,3.49,
2018-10-20 04:15:00,3.49,
2018-10-20 04:30:00,3.49,
2018-10-20 04:45:00,3.53,
2018-10-20 05:00:00,3.53,
2018-10-20 05:15:00,3.6,
2018-10-20 05:30:00,3.42,
2018-10-20 05:45:00,2.99,
2018-10-20 06:00:00,3.56,
2018-10-20 06:15:00,3.17,
2018-10-20 06:30:00,2.81,
2018-10-20 06:45:00,2.84,
2018-10-20 07:00:00,2.84,
2018-10-20 07:15:00,2.88,
2018-10-20 07:30:00,2.88,
2018-10-20 07:45:00,3.6,
2018-10-20 08:00:00,3.78,
2018-10-20 08:15:00,18.0,
2018-10-20 08:30:00,43.06,
2018-10-20 08:45:00,52.81,
2018-10-20 09:00:00,39.92,
2018-10-20 09:15:00,62.5,
2018-10-20 09:30:00,48.1,
2018-10-20 09:45:00,50.26,
2018-10-20 10:00:00,50.87,
2018-10-20 10:15:00,45.22,
2018-10-20 10:30:00,59.18,
2018-10-20 10:45:00,71.42,
2018-10-20 11:00:00,95.62,
2018-10-20 11:15:00,59.98,
2018-10-20 11:30:00,64.26,
2018-10-20 11:45:00,60.08,
2018-10-20 12:00:00,28.73,
2018-10-20 12:15:00,5.65,
2018-10-20 12:30:00,6.01,
2018-10-20 12:45:00,6.59,
2018-10-20 13:00:00,6.52,
2018-10-20 13:15:00,26.57,
2018-10-20 13:30:00,62.96,
2018-10-20 13:45:00,104.44,
2018-10-20 14:00:00,66.35,
2018-10-20 14:15:00,80.96,
2018-10-20 14:30:00,84.49,
2018-10-20 14:45:00,67.14,
2018-10-20 15:00:00,67.61,
2018-10-20 15:15:00,104.51,
2018-10-20 15:30:00,79.24,
2018-10-20 15:45:00,73.84,
2018-10-20 16:00:00,72.9,
2018-10-20 16:15:00,74.45,
2018-10-20 16:30:00,71.78,
2018-10-20 16:45:00,103.82,
2018-10-20 17:00:00,38.12,
2018-10-20 17:15:00,47.7,
2018-10-20 17:30:00,32.36,
2018-10-20 17:45:00,34.2,
2018-10-20 18:00:00,40.18,
2018-10-20 18:15:00,33.91,
2018-10-20 18:30:00,10.51,
2018-10-20 18:45:00,5.29,
2018-10-20 19:00:00,4.93,
2018-10-20 19:15:00,4.18,
2018-10-20 19:30:00,3.71,
2018-10-20 19:45:00,3.71,
2018-10-20 20:00:00,3.74,
2018-10-20 20:15:00,3.67,
2018-10-20 20:30:00,3.6,
2018-10-20 20:45:00,3.64,
2018-10-20 21:00:00,3.64,
2018-10-20 21:15:00,3.67,
2018-10-20 21:30:00,3.71,
2018-10-20 21:45:00,3.64,
2018-10-20 22:00:00,3.6,
2018-10-20 22:15:00,3.42,
2018-10-20 22:30:00,3.42,
2018-10-20 22:45:00,3.46,
2018-10-20 23:00:00,4.0,
2018-10-20 23:15:00,4.39,
2018-10-20 23:30:00,3.35,
2018-10-20 23:45:00,3.06,
2018-10-21 00:00:00,3.31,
2018-10-21 00:15:00,2.74,
2018-10-21 00:30:00,2.74,
2018-10-21 00:45:00,2.77,
2018-10-21 01:00:00,2.81,
2018-10-21 01:15:00,2.84,
2018-10-21 01:30:00,2.77,
2018-10-21 01:45:00,2.74,
2018-10-21 02:00:00,2.77,
2018-10-21 02:15:00,2.77,
2018-10-21 02:30:00,2.74,
2018-10-21 02:45:00,3.13,
2018-10-21 03:00:00,3.85,
2018-10-21 03:15:00,3.89,
2018-10-21 03:30:00,2.92,
2018-10-21 03:45:00,2.74,
2018-10-21 04:00:00,2.81,
2018-10-21 04:15:00,2.81,
2018-10-21 04:30:00,2.77,
2018-10-21 04:45:00,2.77,
2018-10-21 05:00:00,2.81,
2018-10-21 05:15:00,2.77,
2018-10-21 05:30:00,2.81,
2018-10-21 05:45:00,2.81,
2018-10-21 06:00:00,2.81,
2018-10-21 06:15:00,2.74,
2018-10-21 06:30:00,2.74,
2018-10-21 06:45:00,3.06,
2018-10-21 07:00:00,3.31,
2018-10-21 07:15:00,2.74,
2018-10-21 07:30:00,2.77,
2018-10-21 07:45:00,2.74,
2018-10-21 08:00:00,3.42,
2018-10-21 08:15:00,3.17,
2018-10-21 08:30:00,2.74,
2018-10-21 08:45:00,2.88,
2018-10-21 09:00:00,3.02,
2018-10-21 09:15:00,2.99,
2018-10-21 09:30:00,3.06,
2018-10-21 09:45:00,3.56,
2018-10-21 10:00:00,3.35,
2018-10-21 10:15:00,2.99,
2018-10-21 10:30:00,2.99,
2018-10-21 10:45:00,2.99,
2018-10-21 11:00:00,3.02,
2018-10-21 11:15:00,2.95,
2018-10-21 11:30:00,2.95,
2018-10-21 11:45:00,3.02,
2018-10-21 12:00:00,2.99,
2018-10-21 12:15:00,3.1,
2018-10-21 12:30:00,3.02,
2018-10-21 12:45:00,3.1,
2018-10-21 13:00:00,3.53,
2018-10-21 13:15:00,3.49,
2018-10-21 13:30:00,2.99,
2018-10-21 13:45:00,3.31,
2018-10-21 14:00:00,3.64,
2018-10-21 14:15:00,3.02,
2018-10-21 14:30:00,2.99,
2018-10-21 14:45:00,3.06,
2018-10-21 15:00:00,2.99,
2018-10-21 15:15:00,3.13,
2018-10-21 15:30:00,3.82,
2018-10-21 15:45:00,10.37,
2018-10-21 16:00:00,24.88,
2018-10-21 16:15:00,24.62,
2018-10-21 16:30:00,20.41,
2018-10-21 16:45:00,3.92,
2018-10-21 17:00:00,4.75,
2018-10-21 17:15:00,3.49,
2018-10-21 17:30:00,2.95,
2018-10-21 17:45:00,2.95,
2018-10-21 18:00:00,2.95,
2018-10-21 18:15:00,2.99,
2018-10-21 18:30:00,2.99,
2018-10-21 18:45:00,3.02,
2018-10-21 19:00:00,3.02,
2018-10-21 19:15:00,3.06,
2018-10-21 19:30:00,3.1,
2018-10-21 19:45:00,3.02,
2018-10-21 20:00:00,2.99,
2018-10-21 20:15:00,3.49,
2018-10-21 20:30:00,3.71,
2018-10-21 20:45:00,3.24,
2018-10-21 21:00:00,3.28,
2018-10-21 21:15:00,3.67,
2018-10-21 21:30:00,3.31,
2018-10-21 21:45:00,3.02,
2018-10-21 22:00:00,3.06,
2018-10-21 22:15:00,2.88,
2018-10-21 22:30:00,2.88,
2018-10-21 22:45:00,2.84,
2018-10-21 23:00:00,2.81,
2018-10-21 23:15:00,2.81,
2018-10-21 23:30:00,2.81,
2018-10-21 23:45:00,3.2,
2018-10-22 00:00:00,3.67,
2018-10-22 00:15:00,2.81,
2018-10-22 00:30:00,2.81,
2018-10-22 00:45:00,2.88,
2018-10-22 01:00:00,2.88,
2018-10-22 01:15:00,2.88,
2018-10-22 01:30:00,2.84,
2018-10-22 01:45:00,2.99,
2018-10-22 02:00:00,3.53,
2018-10-22 02:15:00,3.13,
2018-10-22 02:30:00,2.88,
2018-10-22 02:45:00,2.88,
2018-10-22 03:00:00,3.46,
2018-10-22 03:15:00,3.24,
2018-10-22 03:30:00,2.92,
2018-10-22 03:45:00,2.92,
2018-10-22 04:00:00,2.95,
2018-10-22 04:15:00,2.88,
2018-10-22 04:30:00,2.92,
2018-10-22 04:45:00,2.92,
2018-10-22 05:00:00,2.88,
2018-10-22 05:15:00,2.88,
2018-10-22 05:30:00,2.84,
2018-10-22 05:45:00,2.84,
2018-10-22 06:00:00,2.84,
2018-10-22 06:15:00,2.81,
2018-10-22 06:30:00,3.89,
2018-10-22 06:45:00,4.1,
2018-10-22 07:00:00,2.84,
2018-10-22 07:15:00,2.99,
2018-10-22 07:30:00,3.6,
2018-10-22 07:45:00,3.92,
2018-10-22 08:00:00,3.96,
2018-10-22 08:15:00,13.5,
2018-10-22 08:30:00,43.52,
2018-10-22 08:45:00,48.35,
2018-10-22 09:00:00,61.13,
2018-10-22 09:15:00,47.41,
2018-10-22 09:30:00,48.38,
2018-10-22 09:45:00,49.1,
2018-10-22 10:00:00,53.6,
2018-10-22 10:15:00,49.39,
2018-10-22 10:30:00,40.75,
2018-10-22 10:45:00,41.94,
2018-10-22 11:00:00,63.97,
2018-10-22 11:15:00,58.1,
2018-10-22 11:30:00,94.0,
2018-10-22 11:45:00,88.42,
2018-10-22 12:00:00,112.61,
2018-10-22 12:15:00,5.44,
2018-10-22 12:30:00,5.26,
2018-10-22 12:45:00,4.61,
2018-10-22 13:00:00,4.46,
2018-10-22 13:15:00,25.56,
2018-10-22 13:30:00,63.11,
2018-10-22 13:45:00,120.28,
2018-10-22 14:00:00,85.97,
2018-10-22 14:15:00,99.97,
2018-10-22 14:30:00,105.73,
2018-10-22 14:45:00,92.56,
2018-10-22 15:00:00,65.63,
2018-10-22 15:15:00,40.43,
2018-10-22 15:30:00,47.84,
2018-10-22 15:45:00,46.51,
2018-10-22 16:00:00,50.65,
2018-10-22 16:15:00,52.38,
2018-10-22 16:30:00,51.12,
2018-10-22 16:45:00,52.52,
2018-10-22 17:00:00,42.01,
2018-10-22 17:15:00,55.66,
2018-10-22 17:30:00,52.13,
2018-10-22 17:45:00,32.04,
2018-10-22 18:00:00,30.67,
2018-10-22 18:15:00,40.1,
2018-10-22 18:30:00,93.02,
2018-10-22 18:45:00,82.26,
2018-10-22 19:00:00,105.08,
2018-10-22 19:15:00,76.18,
2018-10-22 19:30:00,95.22,
2018-10-22 19:45:00,46.15,
2018-10-22 20:00:00,62.17,
2018-10-22 20:15:00,65.59,
2018-10-22 20:30:00,69.84,
2018-10-22 20:45:00,61.6,
2018-10-22 21:00:00,17.06,
2018-10-22 21:15:00,5.51,
2018-10-22 21:30:00,4.07,
2018-10-22 21:45:00,4.1,
2018-10-22 22:00:00,4.0,
2018-10-22 22:15:00,3.85,
2018-10-22 22:30:00,3.82,
2018-10-22 22:45:00,3.74,
2018-10-22 23:00:00,3.71,
2018-10-22 23:15:00,4.61,
2018-10-22 23:30:00,4.32,
2018-10-22 23:45:00,3.6,
2018-10-23 00:00:00,4.82,
2018-10-23 00:15:00,3.64,
2018-10-23 00:30:00,3.6,
2018-10-23 00:45:00,3.71,
2018-10-23 01:00:00,3.71,
2018-10-23 01:15:00,3.71,
2018-10-23 01:30:00,3.67,
2018-10-23 01:45:00,3.67,
2018-10-23 02:00:00,3.64,
2018-10-23 02:15:00,3.71,
2018-10-23 02:30:00,3.82,
2018-10-23 02:45:00,4.86,
2018-10-23 03:00:00,4.1,
2018-10-23 03:15:00,3.38,
2018-10-23 03:30:00,3.06,
2018-10-23 03:45:00,3.1,
2018-10-23 04:00:00,3.2,
2018-10-23 04:15:00,3.1,
2018-10-23 04:30:00,3.02,
2018-10-23 04:45:00,3.1,
2018-10-23 05:00:00,3.1,
2018-10-23 05:15:00,3.1,
2018-10-23 05:30:00,3.38,
2018-10-23 05:45:00,3.64,
2018-10-23 06:00:00,4.68,
2018-10-23 06:15:00,4.32,
2018-10-23 06:30:00,2.99,
2018-10-23 06:45:00,3.06,
2018-10-23 07:00:00,2.95,
2018-10-23 07:15:00,3.02,
2018-10-23 07:30:00,3.17,
2018-10-23 07:45:00,4.0,
2018-10-23 08:00:00,4.68,
2018-10-23 08:15:00,37.33,
2018-10-23 08:30:00,81.86,
2018-10-23 08:45:00,86.98,
2018-10-23 09:00:00,68.76,
2018-10-23 09:15:00,66.85,
2018-10-23 09:30:00,66.67,
2018-10-23 09:45:00,56.48,
2018-10-23 10:00:00,46.62,
2018-10-23 10:15:00,52.24,
2018-10-23 10:30:00,47.02,
2018-10-23 10:45:00,44.32,
2018-10-23 11:00:00,48.17,
2018-10-23 11:15:00,54.0,
2018-10-23 11:30:00,62.32,
2018-10-23 11:45:00,69.05,
2018-10-23 12:00:00,91.3,
2018-10-23 12:15:00,12.85,
2018-10-23 12:30:00,4.82,
2018-10-23 12:45:00,4.64,
2018-10-23 13:00:00,4.25,
2018-10-23 13:15:00,48.35,
2018-10-23 13:30:00,89.89,
2018-10-23 13:45:00,96.41,
2018-10-23 14:00:00,55.76,
2018-10-23 14:15:00,64.37,
2018-10-23 14:30:00,118.48,
2018-10-23 14:45:00,110.23,
2018-10-23 15:00:00,55.44,
2018-10-23 15:15:00,78.48,
2018-10-23 15:30:00,84.1,
2018-10-23 15:45:00,53.5,
2018-10-23 16:00:00,74.52,
2018-10-23 16:15:00,58.64,
2018-10-23 16:30:00,46.8,
2018-10-23 16:45:00,44.57,
2018-10-23 17:00:00,66.74,
2018-10-23 17:15:00,55.37,
2018-10-23 17:30:00,51.44,
2018-10-23 17:45:00,31.0,
2018-10-23 18:00:00,31.1,
2018-10-23 18:15:00,74.05,
2018-10-23 18:30:00,125.28,
2018-10-23 18:45:00,75.64,
2018-10-23 19:00:00,47.02,
2018-10-23 19:15:00,63.58,
2018-10-23 19:30:00,59.26,
2018-10-23 19:45:00,70.74,
2018-10-23 20:00:00,51.59,
2018-10-23 20:15:00,61.2,
2018-10-23 20:30:00,55.51,
2018-10-23 20:45:00,62.75,
2018-10-23 21:00:00,34.09,
2018-10-23 21:15:00,32.98,
2018-10-23 21:30:00,29.99,
2018-10-23 21:45:00,29.88,
2018-10-23 22:00:00,37.48,
2018-10-23 22:15:00,62.5,
2018-10-23 22:30:00,92.99,
2018-10-23 22:45:00,76.1,
2018-10-23 23:00:00,71.17,
2018-10-23 23:15:00,32.33,
2018-10-23 23:30:00,17.93,
2018-10-23 23:45:00,6.37,
2018-10-24 00:00:00,2.92,
2018-10-24 00:15:00,4.86,
2018-10-24 00:30:00,4.9,
2018-10-24 00:45:00,3.89,
2018-10-24 01:00:00,3.82,
2018-10-24 01:15:00,3.74,
2018-10-24 01:30:00,3.74,
2018-10-24 01:45:00,3.78,
2018-10-24 02:00:00,3.74,
2018-10-24 02:15:00,3.78,
2018-10-24 02:30:00,3.78,
2018-10-24 02:45:00,3.78,
2018-10-24 03:00:00,3.78,
2018-10-24 03:15:00,3.74,
2018-10-24 03:30:00,3.78,
2018-10-24 03:45:00,3.82,
2018-10-24 04:00:00,4.68,
2018-10-24 04:15:00,4.72,
2018-10-24 04:30:00,3.2,
2018-10-24 04:45:00,3.24,
2018-10-24 05:00:00,3.24,
2018-10-24 05:15:00,3.17,
2018-10-24 05:30:00,3.13,
2018-10-24 05:45:00,3.13,
2018-10-24 06:00:00,3.13,
2018-10-24 06:15:00,3.2,
2018-10-24 06:30:00,3.1,
2018-10-24 06:45:00,3.42,
2018-10-24 07:00:00,3.74,
2018-10-24 07:15:00,3.64,
2018-10-24 07:30:00,3.78,
2018-10-24 07:45:00,5.4,
2018-10-24 08:00:00,4.18,
2018-10-24 08:15:00,34.16,
2018-10-24 08:30:00,58.75,
2018-10-24 08:45:00,68.98,
2018-10-24 09:00:00,44.21,
2018-10-24 09:15:00,43.85,
2018-10-24 09:30:00,66.53,
2018-10-24 09:45:00,52.67,
2018-10-24 10:00:00,49.57,
2018-10-24 10:15:00,80.78,
2018-10-24 10:30:00,129.85,
2018-10-24 10:45:00,90.43,
2018-10-24 11:00:00,111.89,
2018-10-24 11:15:00,91.55,
2018-10-24 11:30:00,59.36,
2018-10-24 11:45:00,61.63,
2018-10-24 12:00:00,44.42,
2018-10-24 12:15:00,5.29,
2018-10-24 12:30:00,5.15,
2018-10-24 12:45:00,5.44,
2018-10-24 13:00:00,4.75,
2018-10-24 13:15:00,31.21,
2018-10-24 13:30:00,54.07,
2018-10-24 13:45:00,60.3,
2018-10-24 14:00:00,69.52,
2018-10-24 14:15:00,52.99,
2018-10-24 14:30:00,54.07,
2018-10-24 14:45:00,59.83,
2018-10-24 15:00:00,51.19,
2018-10-24 15:15:00,57.96,
2018-10-24 15:30:00,55.33,
2018-10-24 15:45:00,59.69,
2018-10-24 16:00:00,46.87,
2018-10-24 16:15:00,56.99,
2018-10-24 16:30:00,55.48,
2018-10-24 16:45:00,52.13,
2018-10-24 17:00:00,56.23,
2018-10-24 17:15:00,57.78,
2018-10-24 17:30:00,62.28,
2018-10-24 17:45:00,52.92,
2018-10-24 18:00:00,33.52,
2018-10-24 18:15:00,15.91,
2018-10-24 18:30:00,3.89,
2018-10-24 18:45:00,3.92,
2018-10-24 19:00:00,3.89,
2018-10-24 19:15:00,3.92,
2018-10-24 19:30:00,3.82,
2018-10-24 19:45:00,3.85,
2018-10-24 20:00:00,3.78,
2018-10-24 20:15:00,4.72,
2018-10-24 20:30:00,4.64,
2018-10-24 20:45:00,3.85,
2018-10-24 21:00:00,3.89,
2018-10-24 21:15:00,3.82,
2018-10-24 21:30:00,3.82,
2018-10-24 21:45:00,3.92,
2018-10-24 22:00:00,3.85,
2018-10-24 22:15:00,3.64,
2018-10-24 22:30:00,3.56,
2018-10-24 22:45:00,3.64,
2018-10-24 23:00:00,3.6,
2018-10-24 23:15:00,2.95,
2018-10-24 23:30:00,2.92,
2018-10-24 23:45:00,2.92,
2018-10-25 00:00:00,4.1,
2018-10-25 00:15:00,3.1,
2018-10-25 00:30:00,3.67,
2018-10-25 00:45:00,3.02,
2018-10-25 01:00:00,2.99,
2018-10-25 01:15:00,2.95,
2018-10-25 01:30:00,3.13,
2018-10-25 01:45:00,3.02,
2018-10-25 02:00:00,2.99,
2018-10-25 02:15:00,2.99,
2018-10-25 02:30:00,3.13,
2018-10-25 02:45:00,3.71,
2018-10-25 03:00:00,3.17,
2018-10-25 03:15:00,3.02,
2018-10-25 03:30:00,3.02,
2018-10-25 03:45:00,3.49,
2018-10-25 04:00:00,3.56,
2018-10-25 04:15:00,3.02,
2018-10-25 04:30:00,3.02,
2018-10-25 04:45:00,3.13,
2018-10-25 05:00:00,3.1,
2018-10-25 05:15:00,3.13,
2018-10-25 05:30:00,3.06,
2018-10-25 05:45:00,3.02,
2018-10-25 06:00:00,3.35,
2018-10-25 06:15:00,3.42,
2018-10-25 06:30:00,2.95,
2018-10-25 06:45:00,2.95,
2018-10-25 07:00:00,2.95,
2018-10-25 07:15:00,2.84,
2018-10-25 07:30:00,2.92,
2018-10-25 07:45:00,4.43,
2018-10-25 08:00:00,5.9,
2018-10-25 08:15:00,36.58,
2018-10-25 08:30:00,54.36,
2018-10-25 08:45:00,76.25,
2018-10-25 09:00:00,74.56,
2018-10-25 09:15:00,64.84,
2018-10-25 09:30:00,55.26,
2018-10-25 09:45:00,84.06,
2018-10-25 10:00:00,67.79,
2018-10-25 10:15:00,78.12,
2018-10-25 10:30:00,58.72,
2018-10-25 10:45:00,70.2,
2018-10-25 11:00:00,67.43,
2018-10-25 11:15:00,74.34,
2018-10-25 11:30:00,58.93,
2018-10-25 11:45:00,79.92,
2018-10-25 12:00:00,52.45,
2018-10-25 12:15:00,8.46,
2018-10-25 12:30:00,5.83,
2018-10-25 12:45:00,4.93,
2018-10-25 13:00:00,4.68,
2018-10-25 13:15:00,29.48,
2018-10-25 13:30:00,50.26,
2018-10-25 13:45:00,58.36,
2018-10-25 14:00:00,59.15,
2018-10-25 14:15:00,54.97,
2018-10-25 14:30:00,60.16,
2018-10-25 14:45:00,58.28,
2018-10-25 15:00:00,60.23,
2018-10-25 15:15:00,47.41,
2018-10-25 15:30:00,47.38,
2018-10-25 15:45:00,66.53,
2018-10-25 16:00:00,66.28,
2018-10-25 16:15:00,60.37,
2018-10-25 16:30:00,57.67,
2018-10-25 16:45:00,57.42,
2018-10-25 17:00:00,46.84,
2018-10-25 17:15:00,60.19,
2018-10-25 17:30:00,51.73,
2018-10-25 17:45:00,29.84,
2018-10-25 18:00:00,30.02,
2018-10-25 18:15:00,51.98,
2018-10-25 18:30:00,57.6,
2018-10-25 18:45:00,65.12,
2018-10-25 19:00:00,67.32,
2018-10-25 19:15:00,48.49,
2018-10-25 19:30:00,51.3,
2018-10-25 19:45:00,56.34,
2018-10-25 20:00:00,57.06,
2018-10-25 20:15:00,53.5,
2018-10-25 20:30:00,56.66,
2018-10-25 20:45:00,81.0,
2018-10-25 21:00:00,75.02,
2018-10-25 21:15:00,8.89,
2018-10-25 21:30:00,4.07,
2018-10-25 21:45:00,3.89,
2018-10-25 22:00:00,3.89,
2018-10-25 22:15:00,3.71,
2018-10-25 22:30:00,3.64,
2018-10-25 22:45:00,3.53,
2018-10-25 23:00:00,3.56,
2018-10-25 23:15:00,3.46,
2018-10-25 23:30:00,3.53,
2018-10-25 23:45:00,3.42,
2018-10-26 00:00:00,3.6,
2018-10-26 00:15:00,4.57,
2018-10-26 00:30:00,3.49,
2018-10-26 00:45:00,3.53,
2018-10-26 01:00:00,3.49,
2018-10-26 01:15:00,3.53,
2018-10-26 01:30:00,3.53,
2018-10-26 01:45:00,3.49,
2018-10-26 02:00:00,3.49,
2018-10-26 02:15:00,3.35,
2018-10-26 02:30:00,2.92,
2018-10-26 02:45:00,2.88,
2018-10-26 03:00:00,2.88,
2018-10-26 03:15:00,2.88,
2018-10-26 03:30:00,2.95,
2018-10-26 03:45:00,2.84,
2018-10-26 04:00:00,2.84,
2018-10-26 04:15:00,2.92,
2018-10-26 04:30:00,2.88,
2018-10-26 04:45:00,3.17,
2018-10-26 05:00:00,3.53,
2018-10-26 05:15:00,3.2,
2018-10-26 05:30:00,3.38,
2018-10-26 05:45:00,2.88,
2018-10-26 06:00:00,2.92,
2018-10-26 06:15:00,2.84,
2018-10-26 06:30:00,2.81,
2018-10-26 06:45:00,2.84,
2018-10-26 07:00:00,2.81,
2018-10-26 07:15:00,2.84,
2018-10-26 07:30:00,3.28,
2018-10-26 07:45:00,5.9,
2018-10-26 08:00:00,5.54,
2018-10-26 08:15:00,25.99,
2018-10-26 08:30:00,100.69,
2018-10-26 08:45:00,80.68,
2018-10-26 09:00:00,104.65,
2018-10-26 09:15:00,121.18,
2018-10-26 09:30:00,106.06,
2018-10-26 09:45:00,106.52,
2018-10-26 10:00:00,122.69,
2018-10-26 10:15:00,93.2,
2018-10-26 10:30:00,52.45,
2018-10-26 10:45:00,74.27,
2018-10-26 11:00:00,60.26,
2018-10-26 11:15:00,72.18,
2018-10-26 11:30:00,72.9,
2018-10-26 11:45:00,65.2,
2018-10-26 12:00:00,60.23,
2018-10-26 12:15:00,8.39,
2018-10-26 12:30:00,4.32,
2018-10-26 12:45:00,4.68,
2018-10-26 13:00:00,4.28,
2018-10-26 13:15:00,33.66,
2018-10-26 13:30:00,66.02,
2018-10-26 13:45:00,63.76,
2018-10-26 14:00:00,68.11,
2018-10-26 14:15:00,69.91,
2018-10-26 14:30:00,55.55,
2018-10-26 14:45:00,52.34,
2018-10-26 15:00:00,58.64,
2018-10-26 15:15:00,67.61,
2018-10-26 15:30:00,45.36,
2018-10-26 15:45:00,49.1,
2018-10-26 16:00:00,58.07,
2018-10-26 16:15:00,50.44,
2018-10-26 16:30:00,48.06,
2018-10-26 16:45:00,55.62,
2018-10-26 17:00:00,47.12,
2018-10-26 17:15:00,54.86,
2018-10-26 17:30:00,62.53,
2018-10-26 17:45:00,31.5,
2018-10-26 18:00:00,31.21,
2018-10-26 18:15:00,39.92,
2018-10-26 18:30:00,51.77,
2018-10-26 18:45:00,52.06,
2018-10-26 19:00:00,51.12,
2018-10-26 19:15:00,63.14,
2018-10-26 19:30:00,65.02,
2018-10-26 19:45:00,51.37,
2018-10-26 20:00:00,58.72,
2018-10-26 20:15:00,51.12,
2018-10-26 20:30:00,49.97,
2018-10-26 20:45:00,60.26,
2018-10-26 21:00:00,47.02,
2018-10-26 21:15:00,5.72,
2018-10-26 21:30:00,5.04,
2018-10-26 21:45:00,4.07,
2018-10-26 22:00:00,3.96,
2018-10-26 22:15:00,3.78,
2018-10-26 22:30:00,3.85,
2018-10-26 22:45:00,3.67,
2018-10-26 23:00:00,3.71,
2018-10-26 23:15:00,3.64,
2018-10-26 23:30:00,3.56,
2018-10-26 23:45:00,3.67,
2018-10-27 00:00:00,2.74,
2018-10-27 00:15:00,3.64,
2018-10-27 00:30:00,3.64,
2018-10-27 00:45:00,3.67,
2018-10-27 01:00:00,3.67,
2018-10-27 01:15:00,3.74,
2018-10-27 01:30:00,3.64,
2018-10-27 01:45:00,3.64,
2018-10-27 02:00:00,4.5,
2018-10-27 02:15:00,3.6,
2018-10-27 02:30:00,3.17,
2018-10-27 02:45:00,3.13,
2018-10-27 03:00:00,3.17,
2018-10-27 03:15:00,3.13,
2018-10-27 03:30:00,3.13,
2018-10-27 03:45:00,3.13,
2018-10-27 04:00:00,3.17,
2018-10-27 04:15:00,3.17,
2018-10-27 04:30:00,3.13,
2018-10-27 04:45:00,3.1,
2018-10-27 05:00:00,3.42,
2018-10-27 05:15:00,3.64,
2018-10-27 05:30:00,3.1,
2018-10-27 05:45:00,3.1,
2018-10-27 06:00:00,3.06,
2018-10-27 06:15:00,3.1,
2018-10-27 06:30:00,3.67,
2018-10-27 06:45:00,3.49,
2018-10-27 07:00:00,3.1,
2018-10-27 07:15:00,3.13,
2018-10-27 07:30:00,3.24,
2018-10-27 07:45:00,3.2,
2018-10-27 08:00:00,3.38,
2018-10-27 08:15:00,30.74,
2018-10-27 08:30:00,46.55,
2018-10-27 08:45:00,47.02,
2018-10-27 09:00:00,45.72,
2018-10-27 09:15:00,46.15,
2018-10-27 09:30:00,44.71,
2018-10-27 09:45:00,45.25,
2018-10-27 10:00:00,46.08,
2018-10-27 10:15:00,42.34,
2018-10-27 10:30:00,48.6,
2018-10-27 10:45:00,37.48,
2018-10-27 11:00:00,40.36,
2018-10-27 11:15:00,46.58,
2018-10-27 11:30:00,45.58,
2018-10-27 11:45:00,47.3,
2018-10-27 12:00:00,23.0,
2018-10-27 12:15:00,3.82,
2018-10-27 12:30:00,4.46,
2018-10-27 12:45:00,5.54,
2018-10-27 13:00:00,4.97,
2018-10-27 13:15:00,29.66,
2018-10-27 13:30:00,37.76,
2018-10-27 13:45:00,36.9,
2018-10-27 14:00:00,48.85,
2018-10-27 14:15:00,39.92,
2018-10-27 14:30:00,47.09,
2018-10-27 14:45:00,34.42,
2018-10-27 15:00:00,43.63,
2018-10-27 15:15:00,50.18,
2018-10-27 15:30:00,40.54,
2018-10-27 15:45:00,53.89,
2018-10-27 16:00:00,53.5,
2018-10-27 16:15:00,49.39,
2018-10-27 16:30:00,41.87,
2018-10-27 16:45:00,48.31,
2018-10-27 17:00:00,9.07,
2018-10-27 17:15:00,5.04,
2018-10-27 17:30:00,3.64,
2018-10-27 17:45:00,3.53,
2018-10-27 18:00:00,3.6,
2018-10-27 18:15:00,3.53,
2018-10-27 18:30:00,3.53,
2018-10-27 18:45:00,3.67,
2018-10-27 19:00:00,3.64,
2018-10-27 19:15:00,3.71,
2018-10-27 19:30:00,3.64,
2018-10-27 19:45:00,3.6,
2018-10-27 20:00:00,3.6,
2018-10-27 20:15:00,3.67,
2018-10-27 20:30:00,3.67,
2018-10-27 20:45:00,3.64,
2018-10-27 21:00:00,4.14,
2018-10-27 21:15:00,4.61,
2018-10-27 21:30:00,3.67,
2018-10-27 21:45:00,3.64,
2018-10-27 22:00:00,3.67,
2018-10-27 22:15:00,3.38,
2018-10-27 22:30:00,3.35,
2018-10-27 22:45:00,3.42,
2018-10-27 23:00:00,3.35,
2018-10-27 23:15:00,3.38,
2018-10-27 23:30:00,2.84,
2018-10-27 23:45:00,2.7,
2018-10-28 00:00:00,2.74,
2018-10-28 00:15:00,2.74,
2018-10-28 00:30:00,2.95,
2018-10-28 00:45:00,3.38,
2018-10-28 01:00:00,2.99,
2018-10-28 01:15:00,2.84,
2018-10-28 01:30:00,2.81,
2018-10-28 01:45:00,2.81,
2018-10-28 02:00:00,2.84,
2018-10-28 02:15:00,2.81,
2018-10-28 02:30:00,2.84,
2018-10-28 02:45:00,2.77,
2018-10-28 03:00:00,2.95,
2018-10-28 03:15:00,3.46,
2018-10-28 03:30:00,2.88,
2018-10-28 03:45:00,2.84,
2018-10-28 04:00:00,2.81,
2018-10-28 04:15:00,2.81,
2018-10-28 04:30:00,2.84,
2018-10-28 04:45:00,2.81,
2018-10-28 05:00:00,3.28,
2018-10-28 05:15:00,3.28,
2018-10-28 05:30:00,2.84,
2018-10-28 05:45:00,2.74,
2018-10-28 06:00:00,2.84,
2018-10-28 06:15:00,3.35,
2018-10-28 06:30:00,2.92,
2018-10-28 06:45:00,2.74,
2018-10-28 07:00:00,2.74,
2018-10-28 07:15:00,2.81,
2018-10-28 07:30:00,2.7,
2018-10-28 07:45:00,2.77,
2018-10-28 08:00:00,2.74,
2018-10-28 08:15:00,2.77,
2018-10-28 08:30:00,2.81,
2018-10-28 08:45:00,2.95,
2018-10-28 09:00:00,3.53,
2018-10-28 09:15:00,3.67,
2018-10-28 09:30:00,3.49,
2018-10-28 09:45:00,3.02,
2018-10-28 10:00:00,3.17,
2018-10-28 10:15:00,3.06,
2018-10-28 10:30:00,3.02,
2018-10-28 10:45:00,2.99,
2018-10-28 11:00:00,2.99,
2018-10-28 11:15:00,3.06,
2018-10-28 11:30:00,3.1,
2018-10-28 11:45:00,3.06,
2018-10-28 12:00:00,3.06,
2018-10-28 12:15:00,3.2,
2018-10-28 12:30:00,3.74,
2018-10-28 12:45:00,3.17,
2018-10-28 13:00:00,3.2,
2018-10-28 13:15:00,3.38,
2018-10-28 13:30:00,3.67,
2018-10-28 13:45:00,3.2,
2018-10-28 14:00:00,3.02,
2018-10-28 14:15:00,3.1,
2018-10-28 14:30:00,3.06,
2018-10-28 14:45:00,3.06,
2018-10-28 15:00:00,3.06,
2018-10-28 15:15:00,3.06,
2018-10-28 15:30:00,3.53,
2018-10-28 15:45:00,3.49,
2018-10-28 16:00:00,3.13,
2018-10-28 16:15:00,3.06,
2018-10-28 16:30:00,3.02,
2018-10-28 16:45:00,3.02,
2018-10-28 17:00:00,3.02,
2018-10-28 17:15:00,3.02,
2018-10-28 17:30:00,3.06,
2018-10-28 17:45:00,3.02,
2018-10-28 18:00:00,2.92,
2018-10-28 18:15:00,2.95,
2018-10-28 18:30:00,3.28,
2018-10-28 18:45:00,4.82,
2018-10-28 19:00:00,3.49,
2018-10-28 19:15:00,2.95,
2018-10-28 19:30:00,2.99,
2018-10-28 19:45:00,2.95,
2018-10-28 20:00:00,2.92,
2018-10-28 20:15:00,3.06,
2018-10-28 20:30:00,2.95,
2018-10-28 20:45:00,2.95,
2018-10-28 21:00:00,2.99,
2018-10-28 21:15:00,2.99,
2018-10-28 21:30:00,3.02,
2018-10-28 21:45:00,2.95,
2018-10-28 22:00:00,2.99,
2018-10-28 22:15:00,3.17,
2018-10-28 22:30:00,3.31,
2018-10-28 22:45:00,2.77,
2018-10-28 23:00:00,3.2,
2018-10-28 23:15:00,3.13,
2018-10-28 23:30:00,2.74,
2018-10-28 23:45:00,2.77,
2018-10-29 00:00:00,3.64,
2018-10-29 00:15:00,2.77,
2018-10-29 00:30:00,2.77,
2018-10-29 00:45:00,2.84,
2018-10-29 01:00:00,2.74,
2018-10-29 01:15:00,2.81,
2018-10-29 01:30:00,3.2,
2018-10-29 01:45:00,3.38,
2018-10-29 02:00:00,2.77,
2018-10-29 02:15:00,2.77,
2018-10-29 02:30:00,3.24,
2018-10-29 02:45:00,3.38,
2018-10-29 03:00:00,2.77,
2018-10-29 03:15:00,2.81,
2018-10-29 03:30:00,2.81,
2018-10-29 03:45:00,2.81,
2018-10-29 04:00:00,2.81,
2018-10-29 04:15:00,2.74,
2018-10-29 04:30:00,2.81,
2018-10-29 04:45:00,2.77,
2018-10-29 05:00:00,2.77,
2018-10-29 05:15:00,3.42,
2018-10-29 05:30:00,3.17,
2018-10-29 05:45:00,2.74,
2018-10-29 06:00:00,2.7,
2018-10-29 06:15:00,2.66,
2018-10-29 06:30:00,2.7,
2018-10-29 06:45:00,3.02,
2018-10-29 07:00:00,3.28,
2018-10-29 07:15:00,2.84,
2018-10-29 07:30:00,2.92,
2018-10-29 07:45:00,4.0,
2018-10-29 08:00:00,3.89,
2018-10-29 08:15:00,23.72,
2018-10-29 08:30:00,68.29,
2018-10-29 08:45:00,57.96,
2018-10-29 09:00:00,67.82,
2018-10-29 09:15:00,107.64,
2018-10-29 09:30:00,101.23,
2018-10-29 09:45:00,112.0,
2018-10-29 10:00:00,93.74,
2018-10-29 10:15:00,94.93,
2018-10-29 10:30:00,113.51,
2018-10-29 10:45:00,78.44,
2018-10-29 11:00:00,111.2,
2018-10-29 11:15:00,90.83,
2018-10-29 11:30:00,107.93,
2018-10-29 11:45:00,88.42,
2018-10-29 12:00:00,87.3,
2018-10-29 12:15:00,5.33,
2018-10-29 12:30:00,6.01,
2018-10-29 12:45:00,6.01,
2018-10-29 13:00:00,5.29,
2018-10-29 13:15:00,61.56,
2018-10-29 13:30:00,89.46,
2018-10-29 13:45:00,101.48,
2018-10-29 14:00:00,87.98,
2018-10-29 14:15:00,118.15,
2018-10-29 14:30:00,83.16,
2018-10-29 14:45:00,77.33,
2018-10-29 15:00:00,83.48,
2018-10-29 15:15:00,109.15,
2018-10-29 15:30:00,88.96,
2018-10-29 15:45:00,111.31,
2018-10-29 16:00:00,115.24,
2018-10-29 16:15:00,73.76,
2018-10-29 16:30:00,134.6,
2018-10-29 16:45:00,101.27,
2018-10-29 17:00:00,75.06,
2018-10-29 17:15:00,55.58,
2018-10-29 17:30:00,59.94,
2018-10-29 17:45:00,31.39,
2018-10-29 18:00:00,30.64,
2018-10-29 18:15:00,47.38,
2018-10-29 18:30:00,59.18,
2018-10-29 18:45:00,72.43,
2018-10-29 19:00:00,49.72,
2018-10-29 19:15:00,47.77,
2018-10-29 19:30:00,54.86,
2018-10-29 19:45:00,57.82,
2018-10-29 20:00:00,52.02,
2018-10-29 20:15:00,61.02,
2018-10-29 20:30:00,57.42,
2018-10-29 20:45:00,48.82,
2018-10-29 21:00:00,31.5,
2018-10-29 21:15:00,22.75,
2018-10-29 21:30:00,4.03,
2018-10-29 21:45:00,4.0,
2018-10-29 22:00:00,4.0,
2018-10-29 22:15:00,3.64,
2018-10-29 22:30:00,3.6,
2018-10-29 22:45:00,3.89,
2018-10-29 23:00:00,4.68,
2018-10-29 23:15:00,4.46,
2018-10-29 23:30:00,3.64,
2018-10-29 23:45:00,3.67,
2018-10-30 00:00:00,3.67,
2018-10-30 00:15:00,3.6,
2018-10-30 00:30:00,3.67,
2018-10-30 00:45:00,3.71,
2018-10-30 01:00:00,3.67,
2018-10-30 01:15:00,3.64,
2018-10-30 01:30:00,3.67,
2018-10-30 01:45:00,3.71,
2018-10-30 02:00:00,3.71,
2018-10-30 02:15:00,3.67,
2018-10-30 02:30:00,3.6,
2018-10-30 02:45:00,3.6,
2018-10-30 03:00:00,3.2,
2018-10-30 03:15:00,2.99,
2018-10-30 03:30:00,2.88,
2018-10-30 03:45:00,2.88,
2018-10-30 04:00:00,2.92,
2018-10-30 04:15:00,2.88,
2018-10-30 04:30:00,3.2,
2018-10-30 04:45:00,3.56,
2018-10-30 05:00:00,2.95,
2018-10-30 05:15:00,2.84,
2018-10-30 05:30:00,2.84,
2018-10-30 05:45:00,2.88,
2018-10-30 06:00:00,2.88,
2018-10-30 06:15:00,2.81,
2018-10-30 06:30:00,2.81,
2018-10-30 06:45:00,2.84,
2018-10-30 07:00:00,2.92,
2018-10-30 07:15:00,3.53,
2018-10-30 07:30:00,3.78,
2018-10-30 07:45:00,4.5,
2018-10-30 08:00:00,5.15,
2018-10-30 08:15:00,26.35,
2018-10-30 08:30:00,66.46,
2018-10-30 08:45:00,54.22,
2018-10-30 09:00:00,75.49,
2018-10-30 09:15:00,68.36,
2018-10-30 09:30:00,63.25,
2018-10-30 09:45:00,66.02,
2018-10-30 10:00:00,59.76,
2018-10-30 10:15:00,55.55,
2018-10-30 10:30:00,74.3,
2018-10-30 10:45:00,64.51,
2018-10-30 11:00:00,65.77,
2018-10-30 11:15:00,61.31,
2018-10-30 11:30:00,69.91,
2018-10-30 11:45:00,61.16,
2018-10-30 12:00:00,48.74,
2018-10-30 12:15:00,4.97,
2018-10-30 12:30:00,4.93,
2018-10-30 12:45:00,4.61,
2018-10-30 13:00:00,5.62,
2018-10-30 13:15:00,34.31,
2018-10-30 13:30:00,65.09,
2018-10-30 13:45:00,57.46,
2018-10-30 14:00:00,63.5,
2018-10-30 14:15:00,65.02,
2018-10-30 14:30:00,61.63,
2018-10-30 14:45:00,59.08,
2018-10-30 15:00:00,59.76,
2018-10-30 15:15:00,54.4,
2018-10-30 15:30:00,57.78,
2018-10-30 15:45:00,59.9,
2018-10-30 16:00:00,54.97,
2018-10-30 16:15:00,70.16,
2018-10-30 16:30:00,68.98,
2018-10-30 16:45:00,57.85,
2018-10-30 17:00:00,46.3,
2018-10-30 17:15:00,61.52,
2018-10-30 17:30:00,41.8,
2018-10-30 17:45:00,30.1,
2018-10-30 18:00:00,30.89,
2018-10-30 18:15:00,36.29,
2018-10-30 18:30:00,45.14,
2018-10-30 18:45:00,67.61,
2018-10-30 19:00:00,55.66,
2018-10-30 19:15:00,52.27,
2018-10-30 19:30:00,52.6,
2018-10-30 19:45:00,59.36,
2018-10-30 20:00:00,59.08,
2018-10-30 20:15:00,51.16,
2018-10-30 20:30:00,113.98,
2018-10-30 20:45:00,110.09,
2018-10-30 21:00:00,63.4,
2018-10-30 21:15:00,4.64,
2018-10-30 21:30:00,4.43,
2018-10-30 21:45:00,4.03,
2018-10-30 22:00:00,4.07,
2018-10-30 22:15:00,3.85,
2018-10-30 22:30:00,3.82,
2018-10-30 22:45:00,4.0,
2018-10-30 23:00:00,4.54,
2018-10-30 23:15:00,3.56,
2018-10-30 23:30:00,3.71,
2018-10-30 23:45:00,3.56,
2018-10-31 00:00:00,3.85,
2018-10-31 00:15:00,3.64,
2018-10-31 00:30:00,3.6,
2018-10-31 00:45:00,3.67,
2018-10-31 01:00:00,3.56,
2018-10-31 01:15:00,3.6,
2018-10-31 01:30:00,3.6,
2018-10-31 01:45:00,3.6,
2018-10-31 02:00:00,4.07,
2018-10-31 02:15:00,4.72,
2018-10-31 02:30:00,3.64,
2018-10-31 02:45:00,3.6,
2018-10-31 03:00:00,3.6,
2018-10-31 03:15:00,3.64,
2018-10-31 03:30:00,3.38,
2018-10-31 03:45:00,2.99,
2018-10-31 04:00:00,2.95,
2018-10-31 04:15:00,2.95,
2018-10-31 04:30:00,3.02,
2018-10-31 04:45:00,2.95,
2018-10-31 05:00:00,2.92,
2018-10-31 05:15:00,2.88,
2018-10-31 05:30:00,2.92,
2018-10-31 05:45:00,3.38,
2018-10-31 06:00:00,3.53,
2018-10-31 06:15:00,2.88,
2018-10-31 06:30:00,2.84,
2018-10-31 06:45:00,2.84,
2018-10-31 07:00:00,3.42,
2018-10-31 07:15:00,3.28,
2018-10-31 07:30:00,2.95,
2018-10-31 07:45:00,4.39,
2018-10-31 08:00:00,4.25,
2018-10-31 08:15:00,27.79,
2018-10-31 08:30:00,59.0,
2018-10-31 08:45:00,115.56,
2018-10-31 09:00:00,139.43,
2018-10-31 09:15:00,105.88,
2018-10-31 09:30:00,64.87,
2018-10-31 09:45:00,86.98,
2018-10-31 10:00:00,124.85,
2018-10-31 10:15:00,89.21,
2018-10-31 10:30:00,77.4,
2018-10-31 10:45:00,71.71,
2018-10-31 11:00:00,111.31,
2018-10-31 11:15:00,117.47,
2018-10-31 11:30:00,103.5,
2018-10-31 11:45:00,69.37,
2018-10-31 12:00:00,97.34,
2018-10-31 12:15:00,7.02,
2018-10-31 12:30:00,6.34,
2018-10-31 12:45:00,5.98,
2018-10-31 13:00:00,6.01,
2018-10-31 13:15:00,38.77,
2018-10-31 13:30:00,71.06,
2018-10-31 13:45:00,87.3,
2018-10-31 14:00:00,96.37,
2018-10-31 14:15:00,112.25,
2018-10-31 14:30:00,97.09,
2018-10-31 14:45:00,48.56,
2018-10-31 15:00:00,49.18,
2018-10-31 15:15:00,49.46,
2018-10-31 15:30:00,61.16,
2018-10-31 15:45:00,58.1,
2018-10-31 16:00:00,56.88,
2018-10-31 16:15:00,50.76,
2018-10-31 16:30:00,67.75,
2018-10-31 16:45:00,59.9,
2018-10-31 17:00:00,73.51,
2018-10-31 17:15:00,62.35,
2018-10-31 17:30:00,97.96,
2018-10-31 17:45:00,31.36,
2018-10-31 18:00:00,31.72,
2018-10-31 18:15:00,46.76,
2018-10-31 18:30:00,50.33,
2018-10-31 18:45:00,113.58,
2018-10-31 19:00:00,97.24,
2018-10-31 19:15:00,96.48,
2018-10-31 19:30:00,119.23,
2018-10-31 19:45:00,101.77,
2018-10-31 20:00:00,103.86,
2018-10-31 20:15:00,91.66,
2018-10-31 20:30:00,82.33,
2018-10-31 20:45:00,82.76,
2018-10-31 21:00:00,45.07,
2018-10-31 21:15:00,6.84,
2018-10-31 21:30:00,4.43,
2018-10-31 21:45:00,4.43,
2018-10-31 22:00:00,4.39,
2018-10-31 22:15:00,4.18,
2018-10-31 22:30:00,4.14,
2018-10-31 22:45:00,4.07,
2018-10-31 23:00:00,3.96,
2018-10-31 23:15:00,3.89,
2018-10-31 23:30:00,3.89,
2018-10-31 23:45:00,3.92,
2018-11-01 00:00:00,3.06,
2018-11-01 00:15:00,3.89,
2018-11-01 00:30:00,3.96,
2018-11-01 00:45:00,5.11,
2018-11-01 01:00:00,4.72,
2018-11-01 01:15:00,3.89,
2018-11-01 01:30:00,3.89,
2018-11-01 01:45:00,3.92,
2018-11-01 02:00:00,3.96,
2018-11-01 02:15:00,3.96,
2018-11-01 02:30:00,3.89,
2018-11-01 02:45:00,3.92,
2018-11-01 03:00:00,3.89,
2018-11-01 03:15:00,3.31,
2018-11-01 03:30:00,3.28,
2018-11-01 03:45:00,3.24,
2018-11-01 04:00:00,3.31,
2018-11-01 04:15:00,3.24,
2018-11-01 04:30:00,3.28,
2018-11-01 04:45:00,3.28,
2018-11-01 05:00:00,3.31,
2018-11-01 05:15:00,4.0,
2018-11-01 05:30:00,3.82,
2018-11-01 05:45:00,3.53,
2018-11-01 06:00:00,3.96,
2018-11-01 06:15:00,3.35,
2018-11-01 06:30:00,3.17,
2018-11-01 06:45:00,3.17,
2018-11-01 07:00:00,3.17,
2018-11-01 07:15:00,3.17,
2018-11-01 07:30:00,3.67,
2018-11-01 07:45:00,4.5,
2018-11-01 08:00:00,4.79,
2018-11-01 08:15:00,47.27,
2018-11-01 08:30:00,106.49,
2018-11-01 08:45:00,110.7,
2018-11-01 09:00:00,71.1,
2018-11-01 09:15:00,64.84,
2018-11-01 09:30:00,52.06,
2018-11-01 09:45:00,53.71,
2018-11-01 10:00:00,65.92,
2018-11-01 10:15:00,58.43,
2018-11-01 10:30:00,56.52,
2018-11-01 10:45:00,77.87,
2018-11-01 11:00:00,104.18,
2018-11-01 11:15:00,84.82,
2018-11-01 11:30:00,102.6,
2018-11-01 11:45:00,114.66,
2018-11-01 12:00:00,89.42,
2018-11-01 12:15:00,6.26,
2018-11-01 12:30:00,6.44,
2018-11-01 12:45:00,6.08,
2018-11-01 13:00:00,6.05,
2018-11-01 13:15:00,49.64,
2018-11-01 13:30:00,110.66,
2018-11-01 13:45:00,120.17,
2018-11-01 14:00:00,98.24,
2018-11-01 14:15:00,90.47,
2018-11-01 14:30:00,113.9,
2018-11-01 14:45:00,82.8,
2018-11-01 15:00:00,66.6,
2018-11-01 15:15:00,60.37,
2018-11-01 15:30:00,52.92,
2018-11-01 15:45:00,50.83,
2018-11-01 16:00:00,57.31,
2018-11-01 16:15:00,59.0,
2018-11-01 16:30:00,63.36,
2018-11-01 16:45:00,59.69,
2018-11-01 17:00:00,49.36,
2018-11-01 17:15:00,52.16,
2018-11-01 17:30:00,52.49,
2018-11-01 17:45:00,36.25,
2018-11-01 18:00:00,30.74,
2018-11-01 18:15:00,16.31,
2018-11-01 18:30:00,3.89,
2018-11-01 18:45:00,3.82,
2018-11-01 19:00:00,3.89,
2018-11-01 19:15:00,3.85,
2018-11-01 19:30:00,3.89,
2018-11-01 19:45:00,3.89,
2018-11-01 20:00:00,3.85,
2018-11-01 20:15:00,3.85,
2018-11-01 20:30:00,4.61,
2018-11-01 20:45:00,4.86,
2018-11-01 21:00:00,3.92,
2018-11-01 21:15:00,3.92,
2018-11-01 21:30:00,3.92,
2018-11-01 21:45:00,3.92,
2018-11-01 22:00:00,3.92,
2018-11-01 22:15:00,3.71,
2018-11-01 22:30:00,3.74,
2018-11-01 22:45:00,3.71,
2018-11-01 23:00:00,3.67,
2018-11-01 23:15:00,3.6,
2018-11-01 23:30:00,3.64,
2018-11-01 23:45:00,3.71,
2018-11-02 00:00:00,3.82,
2018-11-02 00:15:00,3.02,
2018-11-02 00:30:00,3.38,
2018-11-02 00:45:00,3.74,
2018-11-02 01:00:00,3.28,
2018-11-02 01:15:00,3.1,
2018-11-02 01:30:00,3.1,
2018-11-02 01:45:00,3.06,
2018-11-02 02:00:00,3.1,
2018-11-02 02:15:00,3.13,
2018-11-02 02:30:00,3.13,
2018-11-02 02:45:00,3.24,
2018-11-02 03:00:00,3.74,
2018-11-02 03:15:00,3.31,
2018-11-02 03:30:00,3.06,
2018-11-02 03:45:00,3.13,
2018-11-02 04:00:00,3.13,
2018-11-02 04:15:00,3.1,
2018-11-02 04:30:00,3.06,
2018-11-02 04:45:00,3.06,
2018-11-02 05:00:00,3.2,
2018-11-02 05:15:00,3.71,
2018-11-02 05:30:00,3.24,
2018-11-02 05:45:00,3.06,
2018-11-02 06:00:00,3.06,
2018-11-02 06:15:00,3.31,
2018-11-02 06:30:00,3.6,
2018-11-02 06:45:00,3.17,
2018-11-02 07:00:00,2.99,
2018-11-02 07:15:00,2.95,
2018-11-02 07:30:00,3.28,
2018-11-02 07:45:00,5.0,
2018-11-02 08:00:00,5.15,
2018-11-02 08:15:00,24.37,
2018-11-02 08:30:00,44.53,
2018-11-02 08:45:00,51.37,
2018-11-02 09:00:00,54.65,
2018-11-02 09:15:00,64.44,
2018-11-02 09:30:00,66.28,
2018-11-02 09:45:00,63.54,
2018-11-02 10:00:00,59.0,
2018-11-02 10:15:00,53.32,
2018-11-02 10:30:00,56.77,
2018-11-02 10:45:00,60.26,
2018-11-02 11:00:00,62.06,
2018-11-02 11:15:00,63.58,
2018-11-02 11:30:00,62.53,
2018-11-02 11:45:00,66.06,
2018-11-02 12:00:00,52.6,
2018-11-02 12:15:00,7.88,
2018-11-02 12:30:00,5.87,
2018-11-02 12:45:00,5.94,
2018-11-02 13:00:00,5.98,
2018-11-02 13:15:00,44.68,
2018-11-02 13:30:00,57.13,
2018-11-02 13:45:00,57.35,
2018-11-02 14:00:00,62.32,
2018-11-02 14:15:00,54.97,
2018-11-02 14:30:00,79.27,
2018-11-02 14:45:00,55.76,
2018-11-02 15:00:00,62.75,
2018-11-02 15:15:00,68.76,
2018-11-02 15:30:00,58.68,
2018-11-02 15:45:00,65.81,
2018-11-02 16:00:00,82.98,
2018-11-02 16:15:00,61.63,
2018-11-02 16:30:00,63.54,
2018-11-02 16:45:00,60.23,
2018-11-02 17:00:00,53.53,
2018-11-02 17:15:00,68.0,
2018-11-02 17:30:00,72.72,
2018-11-02 17:45:00,31.72,
2018-11-02 18:00:00,30.02,
2018-11-02 18:15:00,47.66,
2018-11-02 18:30:00,51.8,
2018-11-02 18:45:00,58.82,
2018-11-02 19:00:00,56.3,
2018-11-02 19:15:00,58.46,
2018-11-02 19:30:00,74.77,
2018-11-02 19:45:00,62.14,
2018-11-02 20:00:00,76.93,
2018-11-02 20:15:00,79.13,
2018-11-02 20:30:00,72.0,
2018-11-02 20:45:00,64.08,
2018-11-02 21:00:00,48.02,
2018-11-02 21:15:00,6.23,
2018-11-02 21:30:00,4.25,
2018-11-02 21:45:00,4.18,
2018-11-02 22:00:00,4.14,
2018-11-02 22:15:00,3.92,
2018-11-02 22:30:00,3.92,
2018-11-02 22:45:00,3.96,
2018-11-02 23:00:00,3.92,
2018-11-02 23:15:00,3.85,
2018-11-02 23:30:00,3.82,
2018-11-02 23:45:00,3.85,
2018-11-03 00:00:00,2.88,
2018-11-03 00:15:00,4.93,
2018-11-03 00:30:00,4.43,
2018-11-03 00:45:00,3.82,
2018-11-03 01:00:00,3.82,
2018-11-03 01:15:00,3.78,
2018-11-03 01:30:00,3.85,
2018-11-03 01:45:00,3.82,
2018-11-03 02:00:00,3.78,
2018-11-03 02:15:00,3.82,
2018-11-03 02:30:00,3.82,
2018-11-03 02:45:00,3.56,
2018-11-03 03:00:00,3.17,
2018-11-03 03:15:00,3.2,
2018-11-03 03:30:00,3.2,
2018-11-03 03:45:00,3.2,
2018-11-03 04:00:00,3.28,
2018-11-03 04:15:00,3.31,
2018-11-03 04:30:00,3.85,
2018-11-03 04:45:00,3.46,
2018-11-03 05:00:00,3.17,
2018-11-03 05:15:00,3.6,
2018-11-03 05:30:00,3.78,
2018-11-03 05:45:00,3.24,
2018-11-03 06:00:00,3.24,
2018-11-03 06:15:00,3.17,
2018-11-03 06:30:00,3.24,
2018-11-03 06:45:00,3.13,
2018-11-03 07:00:00,3.17,
2018-11-03 07:15:00,3.24,
2018-11-03 07:30:00,3.17,
2018-11-03 07:45:00,3.31,
2018-11-03 08:00:00,3.28,
2018-11-03 08:15:00,22.14,
2018-11-03 08:30:00,41.04,
2018-11-03 08:45:00,40.9,
2018-11-03 09:00:00,43.52,
2018-11-03 09:15:00,40.07,
2018-11-03 09:30:00,38.12,
2018-11-03 09:45:00,57.24,
2018-11-03 10:00:00,73.87,
2018-11-03 10:15:00,92.41,
2018-11-03 10:30:00,88.88,
2018-11-03 10:45:00,68.62,
2018-11-03 11:00:00,92.59,
2018-11-03 11:15:00,71.39,
2018-11-03 11:30:00,92.02,
2018-11-03 11:45:00,74.92,
2018-11-03 12:00:00,59.18,
2018-11-03 12:15:00,3.85,
2018-11-03 12:30:00,3.6,
2018-11-03 12:45:00,3.6,
2018-11-03 13:00:00,3.67,
2018-11-03 13:15:00,26.46,
2018-11-03 13:30:00,91.55,
2018-11-03 13:45:00,71.53,
2018-11-03 14:00:00,92.23,
2018-11-03 14:15:00,61.27,
2018-11-03 14:30:00,32.54,
2018-11-03 14:45:00,32.18,
2018-11-03 15:00:00,32.04,
2018-11-03 15:15:00,29.59,
2018-11-03 15:30:00,30.35,
2018-11-03 15:45:00,30.96,
2018-11-03 16:00:00,30.2,
2018-11-03 16:15:00,30.38,
2018-11-03 16:30:00,29.34,
2018-11-03 16:45:00,28.15,
2018-11-03 17:00:00,26.14,
2018-11-03 17:15:00,5.29,
2018-11-03 17:30:00,3.85,
2018-11-03 17:45:00,3.89,
2018-11-03 18:00:00,3.74,
2018-11-03 18:15:00,4.03,
2018-11-03 18:30:00,4.82,
2018-11-03 18:45:00,4.46,
2018-11-03 19:00:00,3.71,
2018-11-03 19:15:00,3.71,
2018-11-03 19:30:00,3.67,
2018-11-03 19:45:00,3.71,
2018-11-03 20:00:00,3.74,
2018-11-03 20:15:00,3.74,
2018-11-03 20:30:00,3.74,
2018-11-03 20:45:00,3.74,
2018-11-03 21:00:00,3.71,
2018-11-03 21:15:00,3.78,
2018-11-03 21:30:00,3.71,
2018-11-03 21:45:00,3.67,
2018-11-03 22:00:00,3.67,
2018-11-03 22:15:00,3.42,
2018-11-03 22:30:00,3.49,
2018-11-03 22:45:00,3.46,
2018-11-03 23:00:00,3.89,
2018-11-03 23:15:00,4.54,
2018-11-03 23:30:00,3.85,
2018-11-03 23:45:00,3.28,
2018-11-04 00:00:00,2.92,
2018-11-04 00:15:00,2.88,
2018-11-04 00:30:00,2.92,
2018-11-04 00:45:00,2.95,
2018-11-04 01:00:00,2.92,
2018-11-04 01:15:00,2.99,
2018-11-04 01:30:00,2.95,
2018-11-04 01:45:00,2.95,
2018-11-04 02:00:00,2.92,
2018-11-04 02:15:00,3.13,
2018-11-04 02:30:00,3.67,
2018-11-04 02:45:00,3.28,
2018-11-04 03:00:00,2.92,
2018-11-04 03:15:00,2.95,
2018-11-04 03:30:00,3.28,
2018-11-04 03:45:00,3.64,
2018-11-04 04:00:00,3.31,
2018-11-04 04:15:00,2.95,
2018-11-04 04:30:00,2.99,
2018-11-04 04:45:00,2.95,
2018-11-04 05:00:00,2.99,
2018-11-04 05:15:00,2.92,
2018-11-04 05:30:00,2.95,
2018-11-04 05:45:00,2.99,
2018-11-04 06:00:00,2.99,
2018-11-04 06:15:00,2.92,
2018-11-04 06:30:00,3.49,
2018-11-04 06:45:00,3.46,
2018-11-04 07:00:00,2.95,
2018-11-04 07:15:00,2.95,
2018-11-04 07:30:00,2.92,
2018-11-04 07:45:00,3.13,
2018-11-04 08:00:00,3.17,
2018-11-04 08:15:00,26.53,
2018-11-04 08:30:00,29.3,
2018-11-04 08:45:00,33.73,
2018-11-04 09:00:00,36.4,
2018-11-04 09:15:00,40.93,
2018-11-04 09:30:00,47.88,
2018-11-04 09:45:00,83.12,
2018-11-04 10:00:00,69.34,
2018-11-04 10:15:00,60.05,
2018-11-04 10:30:00,86.69,
2018-11-04 10:45:00,91.73,
2018-11-04 11:00:00,75.17,
2018-11-04 11:15:00,93.31,
2018-11-04 11:30:00,63.79,
2018-11-04 11:45:00,93.31,
2018-11-04 12:00:00,61.34,
2018-11-04 12:15:00,6.01,
2018-11-04 12:30:00,3.46,
2018-11-04 12:45:00,3.38,
2018-11-04 13:00:00,3.35,
2018-11-04 13:15:00,37.69,
2018-11-04 13:30:00,92.05,
2018-11-04 13:45:00,66.96,
2018-11-04 14:00:00,95.15,
2018-11-04 14:15:00,71.93,
2018-11-04 14:30:00,89.46,
2018-11-04 14:45:00,81.58,
2018-11-04 15:00:00,75.89,
2018-11-04 15:15:00,93.6,
2018-11-04 15:30:00,70.96,
2018-11-04 15:45:00,91.66,
2018-11-04 16:00:00,71.28,
2018-11-04 16:15:00,93.89,
2018-11-04 16:30:00,71.53,
2018-11-04 16:45:00,83.81,
2018-11-04 17:00:00,9.47,
2018-11-04 17:15:00,3.89,
2018-11-04 17:30:00,3.89,
2018-11-04 17:45:00,3.92,
2018-11-04 18:00:00,4.72,
2018-11-04 18:15:00,4.39,
2018-11-04 18:30:00,3.74,
2018-11-04 18:45:00,3.78,
2018-11-04 19:00:00,3.17,
2018-11-04 19:15:00,3.13,
2018-11-04 19:30:00,3.13,
2018-11-04 19:45:00,3.17,
2018-11-04 20:00:00,3.17,
2018-11-04 20:15:00,3.2,
2018-11-04 20:30:00,3.13,
2018-11-04 20:45:00,3.13,
2018-11-04 21:00:00,3.13,
2018-11-04 21:15:00,3.13,
2018-11-04 21:30:00,3.13,
2018-11-04 21:45:00,3.24,
2018-11-04 22:00:00,3.82,
2018-11-04 22:15:00,3.1,
2018-11-04 22:30:00,2.95,
2018-11-04 22:45:00,3.46,
2018-11-04 23:00:00,3.42,
2018-11-04 23:15:00,2.92,
2018-11-04 23:30:00,2.84,
2018-11-04 23:45:00,2.92,
2018-11-05 00:00:00,3.78,
2018-11-05 00:15:00,2.95,
2018-11-05 00:30:00,2.95,
2018-11-05 00:45:00,3.53,
2018-11-05 01:00:00,3.38,
2018-11-05 01:15:00,2.92,
2018-11-05 01:30:00,2.95,
2018-11-05 01:45:00,2.95,
2018-11-05 02:00:00,2.92,
2018-11-05 02:15:00,2.99,
2018-11-05 02:30:00,2.95,
2018-11-05 02:45:00,3.56,
2018-11-05 03:00:00,3.31,
2018-11-05 03:15:00,2.92,
2018-11-05 03:30:00,2.95,
2018-11-05 03:45:00,2.92,
2018-11-05 04:00:00,3.02,
2018-11-05 04:15:00,3.64,
2018-11-05 04:30:00,3.35,
2018-11-05 04:45:00,2.92,
2018-11-05 05:00:00,2.88,
2018-11-05 05:15:00,2.95,
2018-11-05 05:30:00,2.88,
2018-11-05 05:45:00,2.92,
2018-11-05 06:00:00,2.88,
2018-11-05 06:15:00,2.84,
2018-11-05 06:30:00,2.92,
2018-11-05 06:45:00,3.53,
2018-11-05 07:00:00,3.31,
2018-11-05 07:15:00,3.31,
2018-11-05 07:30:00,4.32,
2018-11-05 07:45:00,5.22,
2018-11-05 08:00:00,5.22,
2018-11-05 08:15:00,37.69,
2018-11-05 08:30:00,94.86,
2018-11-05 08:45:00,59.47,
2018-11-05 09:00:00,78.62,
2018-11-05 09:15:00,82.26,
2018-11-05 09:30:00,73.48,
2018-11-05 09:45:00,65.66,
2018-11-05 10:00:00,83.23,
2018-11-05 10:15:00,61.56,
2018-11-05 10:30:00,63.0,
2018-11-05 10:45:00,61.96,
2018-11-05 11:00:00,64.3,
2018-11-05 11:15:00,68.94,
2018-11-05 11:30:00,66.1,
2018-11-05 11:45:00,73.8,
2018-11-05 12:00:00,55.94,
2018-11-05 12:15:00,6.16,
2018-11-05 12:30:00,6.62,
2018-11-05 12:45:00,6.88,
2018-11-05 13:00:00,6.84,
2018-11-05 13:15:00,48.31,
2018-11-05 13:30:00,68.87,
2018-11-05 13:45:00,69.26,
2018-11-05 14:00:00,59.72,
2018-11-05 14:15:00,52.74,
2018-11-05 14:30:00,68.47,
2018-11-05 14:45:00,45.68,
2018-11-05 15:00:00,46.4,
2018-11-05 15:15:00,64.15,
2018-11-05 15:30:00,73.44,
2018-11-05 15:45:00,53.14,
2018-11-05 16:00:00,55.58,
2018-11-05 16:15:00,59.26,
2018-11-05 16:30:00,67.43,
2018-11-05 16:45:00,54.65,
2018-11-05 17:00:00,51.7,
2018-11-05 17:15:00,43.99,
2018-11-05 17:30:00,62.75,
2018-11-05 17:45:00,31.54,
2018-11-05 18:00:00,32.22,
2018-11-05 18:15:00,40.5,
2018-11-05 18:30:00,56.66,
2018-11-05 18:45:00,44.39,
2018-11-05 19:00:00,60.8,
2018-11-05 19:15:00,58.1,
2018-11-05 19:30:00,52.16,
2018-11-05 19:45:00,64.26,
2018-11-05 20:00:00,59.9,
2018-11-05 20:15:00,51.01,
2018-11-05 20:30:00,56.45,
2018-11-05 20:45:00,55.33,
2018-11-05 21:00:00,45.22,
2018-11-05 21:15:00,42.59,
2018-11-05 21:30:00,59.33,
2018-11-05 21:45:00,74.88,
2018-11-05 22:00:00,61.38,
2018-11-05 22:15:00,73.87,
2018-11-05 22:30:00,24.44,
2018-11-05 22:45:00,4.39,
2018-11-05 23:00:00,4.86,
2018-11-05 23:15:00,3.82,
2018-11-05 23:30:00,3.78,
2018-11-05 23:45:00,3.74,
2018-11-06 00:00:00,3.49,
2018-11-06 00:15:00,3.74,
2018-11-06 00:30:00,3.71,
2018-11-06 00:45:00,3.74,
2018-11-06 01:00:00,3.64,
2018-11-06 01:15:00,3.71,
2018-11-06 01:30:00,3.71,
2018-11-06 01:45:00,3.67,
2018-11-06 02:00:00,3.71,
2018-11-06 02:15:00,4.75,
2018-11-06 02:30:00,4.14,
2018-11-06 02:45:00,3.67,
2018-11-06 03:00:00,3.64,
2018-11-06 03:15:00,3.71,
2018-11-06 03:30:00,3.38,
2018-11-06 03:45:00,3.13,
2018-11-06 04:00:00,3.06,
2018-11-06 04:15:00,3.1,
2018-11-06 04:30:00,3.06,
2018-11-06 04:45:00,3.1,
2018-11-06 05:00:00,3.1,
2018-11-06 05:15:00,3.06,
2018-11-06 05:30:00,3.17,
2018-11-06 05:45:00,3.71,
2018-11-06 06:00:00,3.31,
2018-11-06 06:15:00,3.02,
2018-11-06 06:30:00,3.38,
2018-11-06 06:45:00,3.53,
2018-11-06 07:00:00,2.99,
2018-11-06 07:15:00,3.02,
2018-11-06 07:30:00,3.31,
2018-11-06 07:45:00,4.39,
2018-11-06 08:00:00,4.07,
2018-11-06 08:15:00,35.03,
2018-11-06 08:30:00,54.94,
2018-11-06 08:45:00,60.37,
2018-11-06 09:00:00,76.1,
2018-11-06 09:15:00,70.96,
2018-11-06 09:30:00,76.54,
2018-11-06 09:45:00,76.0,
2018-11-06 10:00:00,66.67,
2018-11-06 10:15:00,63.32,
2018-11-06 10:30:00,56.52,
2018-11-06 10:45:00,60.23,
2018-11-06 11:00:00,74.77,
2018-11-06 11:15:00,85.75,
2018-11-06 11:30:00,64.12,
2018-11-06 11:45:00,60.62,
2018-11-06 12:00:00,52.99,
2018-11-06 12:15:00,6.05,
2018-11-06 12:30:00,5.9,
2018-11-06 12:45:00,5.76,
2018-11-06 13:00:00,4.93,
2018-11-06 13:15:00,44.39,
2018-11-06 13:30:00,53.03,
2018-11-06 13:45:00,60.34,
2018-11-06 14:00:00,59.65,
2018-11-06 14:15:00,51.19,
2018-11-06 14:30:00,50.9,
2018-11-06 14:45:00,49.9,
2018-11-06 15:00:00,50.69,
2018-11-06 15:15:00,50.62,
2018-11-06 15:30:00,51.91,
2018-11-06 15:45:00,49.97,
2018-11-06 16:00:00,49.18,
2018-11-06 16:15:00,58.64,
2018-11-06 16:30:00,55.58,
2018-11-06 16:45:00,55.84,
2018-11-06 17:00:00,48.71,
2018-11-06 17:15:00,42.52,
2018-11-06 17:30:00,60.77,
2018-11-06 17:45:00,31.03,
2018-11-06 18:00:00,31.32,
2018-11-06 18:15:00,43.92,
2018-11-06 18:30:00,51.52,
2018-11-06 18:45:00,52.81,
2018-11-06 19:00:00,66.46,
2018-11-06 19:15:00,48.35,
2018-11-06 19:30:00,46.51,
2018-11-06 19:45:00,73.62,
2018-11-06 20:00:00,50.98,
2018-11-06 20:15:00,49.25,
2018-11-06 20:30:00,42.66,
2018-11-06 20:45:00,30.35,
2018-11-06 21:00:00,8.28,
2018-11-06 21:15:00,7.6,
2018-11-06 21:30:00,4.21,
2018-11-06 21:45:00,3.85,
2018-11-06 22:00:00,3.85,
2018-11-06 22:15:00,3.67,
2018-11-06 22:30:00,3.64,
2018-11-06 22:45:00,3.64,
2018-11-06 23:00:00,3.53,
2018-11-06 23:15:00,3.53,
2018-11-06 23:30:00,3.6,
2018-11-06 23:45:00,3.53,
2018-11-07 00:00:00,0.0,
2018-11-07 00:15:00,3.53,
2018-11-07 00:30:00,3.56,
2018-11-07 00:45:00,3.64,
2018-11-07 01:00:00,3.74,
2018-11-07 01:15:00,4.68,
2018-11-07 01:30:00,3.85,
2018-11-07 01:45:00,2.95,
2018-11-07 02:00:00,2.92,
2018-11-07 02:15:00,2.95,
2018-11-07 02:30:00,2.95,
2018-11-07 02:45:00,2.95,
2018-11-07 03:00:00,2.92,
2018-11-07 03:15:00,2.95,
2018-11-07 03:30:00,2.99,
2018-11-07 03:45:00,2.99,
2018-11-07 04:00:00,2.95,
2018-11-07 04:15:00,2.95,
2018-11-07 04:30:00,3.02,
2018-11-07 04:45:00,3.42,
2018-11-07 05:00:00,3.56,
2018-11-07 05:15:00,3.06,
2018-11-07 05:30:00,3.6,
2018-11-07 05:45:00,3.1,
2018-11-07 06:00:00,2.95,
2018-11-07 06:15:00,2.95,
2018-11-07 06:30:00,2.88,
2018-11-07 06:45:00,2.88,
2018-11-07 07:00:00,2.88,
2018-11-07 07:15:00,2.84,
2018-11-07 07:30:00,3.24,
2018-11-07 07:45:00,4.82,
2018-11-07 08:00:00,5.72,
2018-11-07 08:15:00,29.92,
2018-11-07 08:30:00,54.94,
2018-11-07 08:45:00,64.4,
2018-11-07 09:00:00,62.1,
2018-11-07 09:15:00,54.79,
2018-11-07 09:30:00,51.41,
2018-11-07 09:45:00,44.35,
2018-11-07 10:00:00,48.02,
2018-11-07 10:15:00,64.12,
2018-11-07 10:30:00,52.52,
2018-11-07 10:45:00,70.52,
2018-11-07 11:00:00,55.26,
2018-11-07 11:15:00,49.0,
2018-11-07 11:30:00,43.27,
2018-11-07 11:45:00,50.54,
2018-11-07 12:00:00,47.63,
2018-11-07 12:15:00,4.18,
2018-11-07 12:30:00,4.28,
2018-11-07 12:45:00,4.57,
2018-11-07 13:00:00,4.75,
2018-11-07 13:15:00,30.64,
2018-11-07 13:30:00,58.28,
2018-11-07 13:45:00,47.95,
2018-11-07 14:00:00,66.49,
2018-11-07 14:15:00,52.06,
2018-11-07 14:30:00,61.2,
2018-11-07 14:45:00,51.05,
2018-11-07 15:00:00,43.06,
2018-11-07 15:15:00,42.55,
2018-11-07 15:30:00,64.58,
2018-11-07 15:45:00,56.92,
2018-11-07 16:00:00,55.91,
2018-11-07 16:15:00,46.22,
2018-11-07 16:30:00,50.76,
2018-11-07 16:45:00,68.4,
2018-11-07 17:00:00,62.06,
2018-11-07 17:15:00,53.75,
2018-11-07 17:30:00,60.19,
2018-11-07 17:45:00,32.0,
2018-11-07 18:00:00,32.29,
2018-11-07 18:15:00,41.15,
2018-11-07 18:30:00,52.63,
2018-11-07 18:45:00,52.49,
2018-11-07 19:00:00,65.66,
2018-11-07 19:15:00,61.85,
2018-11-07 19:30:00,45.94,
2018-11-07 19:45:00,59.33,
2018-11-07 20:00:00,55.66,
2018-11-07 20:15:00,63.29,
2018-11-07 20:30:00,50.69,
2018-11-07 20:45:00,33.08,
2018-11-07 21:00:00,10.51,
2018-11-07 21:15:00,5.26,
2018-11-07 21:30:00,4.1,
2018-11-07 21:45:00,4.0,
2018-11-07 22:00:00,5.0,
2018-11-07 22:15:00,4.5,
2018-11-07 22:30:00,3.74,
2018-11-07 22:45:00,3.74,
2018-11-07 23:00:00,3.64,
2018-11-07 23:15:00,3.56,
2018-11-07 23:30:00,3.6,
2018-11-07 23:45:00,3.56,
2018-11-08 00:00:00,3.53,
2018-11-08 00:15:00,3.64,
2018-11-08 00:30:00,3.64,
2018-11-08 00:45:00,3.67,
2018-11-08 01:00:00,3.67,
2018-11-08 01:15:00,3.6,
2018-11-08 01:30:00,3.74,
2018-11-08 01:45:00,3.6,
2018-11-08 02:00:00,3.64,
2018-11-08 02:15:00,3.35,
2018-11-08 02:30:00,3.17,
2018-11-08 02:45:00,3.74,
2018-11-08 03:00:00,3.38,
2018-11-08 03:15:00,3.06,
2018-11-08 03:30:00,3.06,
2018-11-08 03:45:00,3.06,
2018-11-08 04:00:00,3.13,
2018-11-08 04:15:00,3.17,
2018-11-08 04:30:00,3.13,
2018-11-08 04:45:00,3.06,
2018-11-08 05:00:00,3.06,
2018-11-08 05:15:00,3.1,
2018-11-08 05:30:00,3.13,
2018-11-08 05:45:00,3.13,
2018-11-08 06:00:00,3.67,
2018-11-08 06:15:00,3.46,
2018-11-08 06:30:00,3.02,
2018-11-08 06:45:00,3.02,
2018-11-08 07:00:00,2.99,
2018-11-08 07:15:00,2.95,
2018-11-08 07:30:00,3.2,
2018-11-08 07:45:00,4.68,
2018-11-08 08:00:00,5.0,
2018-11-08 08:15:00,22.28,
2018-11-08 08:30:00,46.84,
2018-11-08 08:45:00,63.04,
2018-11-08 09:00:00,66.85,
2018-11-08 09:15:00,54.65,
2018-11-08 09:30:00,56.34,
2018-11-08 09:45:00,55.98,
2018-11-08 10:00:00,66.1,
2018-11-08 10:15:00,53.24,
2018-11-08 10:30:00,67.07,
2018-11-08 10:45:00,62.93,
2018-11-08 11:00:00,52.85,
2018-11-08 11:15:00,52.13,
2018-11-08 11:30:00,53.6,
2018-11-08 11:45:00,58.25,
2018-11-08 12:00:00,48.49,
2018-11-08 12:15:00,7.31,
2018-11-08 12:30:00,7.63,
2018-11-08 12:45:00,7.88,
2018-11-08 13:00:00,7.92,
2018-11-08 13:15:00,45.18,
2018-11-08 13:30:00,59.8,
2018-11-08 13:45:00,59.0,
2018-11-08 14:00:00,62.53,
2018-11-08 14:15:00,60.26,
2018-11-08 14:30:00,54.61,
2018-11-08 14:45:00,52.13,
2018-11-08 15:00:00,59.76,
2018-11-08 15:15:00,43.92,
2018-11-08 15:30:00,48.6,
2018-11-08 15:45:00,63.68,
2018-11-08 16:00:00,54.04,
2018-11-08 16:15:00,56.48,
2018-11-08 16:30:00,109.08,
2018-11-08 16:45:00,70.06,
2018-11-08 17:00:00,62.96,
2018-11-08 17:15:00,64.84,
2018-11-08 17:30:00,71.57,
2018-11-08 17:45:00,32.36,
2018-11-08 18:00:00,32.26,
2018-11-08 18:15:00,52.02,
2018-11-08 18:30:00,46.94,
2018-11-08 18:45:00,73.94,
2018-11-08 19:00:00,74.3,
2018-11-08 19:15:00,80.17,
2018-11-08 19:30:00,85.43,
2018-11-08 19:45:00,94.21,
2018-11-08 20:00:00,83.2,
2018-11-08 20:15:00,70.7,
2018-11-08 20:30:00,91.19,
2018-11-08 20:45:00,80.14,
2018-11-08 21:00:00,28.66,
2018-11-08 21:15:00,19.76,
2018-11-08 21:30:00,4.1,
2018-11-08 21:45:00,4.1,
2018-11-08 22:00:00,4.07,
2018-11-08 22:15:00,3.92,
2018-11-08 22:30:00,3.78,
2018-11-08 22:45:00,3.96,
2018-11-08 23:00:00,4.9,
2018-11-08 23:15:00,4.25,
2018-11-08 23:30:00,3.56,
2018-11-08 23:45:00,3.53,
2018-11-09 00:00:00,4.9,
2018-11-09 00:15:00,3.56,
2018-11-09 00:30:00,3.64,
2018-11-09 00:45:00,3.6,
2018-11-09 01:00:00,3.38,
2018-11-09 01:15:00,2.88,
2018-11-09 01:30:00,2.84,
2018-11-09 01:45:00,2.88,
2018-11-09 02:00:00,2.88,
2018-11-09 02:15:00,2.95,
2018-11-09 02:30:00,2.92,
2018-11-09 02:45:00,2.88,
2018-11-09 03:00:00,2.92,
2018-11-09 03:15:00,2.88,
2018-11-09 03:30:00,2.99,
2018-11-09 03:45:00,3.28,
2018-11-09 04:00:00,3.53,
2018-11-09 04:15:00,3.17,
2018-11-09 04:30:00,3.49,
2018-11-09 04:45:00,3.24,
2018-11-09 05:00:00,2.88,
2018-11-09 05:15:00,2.88,
2018-11-09 05:30:00,2.88,
2018-11-09 05:45:00,2.84,
2018-11-09 06:00:00,2.84,
2018-11-09 06:15:00,2.95,
2018-11-09 06:30:00,2.84,
2018-11-09 06:45:00,2.88,
2018-11-09 07:00:00,2.84,
2018-11-09 07:15:00,2.84,
2018-11-09 07:30:00,3.42,
2018-11-09 07:45:00,5.72,
2018-11-09 08:00:00,6.05,
2018-11-09 08:15:00,35.96,
2018-11-09 08:30:00,90.18,
2018-11-09 08:45:00,80.53,
2018-11-09 09:00:00,108.5,
2018-11-09 09:15:00,102.89,
2018-11-09 09:30:00,108.47,
2018-11-09 09:45:00,83.63,
2018-11-09 10:00:00,76.57,
2018-11-09 10:15:00,59.4,
2018-11-09 10:30:00,56.81,
2018-11-09 10:45:00,55.98,
2018-11-09 11:00:00,61.6,
2018-11-09 11:15:00,68.08,
2018-11-09 11:30:00,64.19,
2018-11-09 11:45:00,56.95,
2018-11-09 12:00:00,51.44,
2018-11-09 12:15:00,5.15,
2018-11-09 12:30:00,4.82,
2018-11-09 12:45:00,4.97,
2018-11-09 13:00:00,4.72,
2018-11-09 13:15:00,37.26,
2018-11-09 13:30:00,68.62,
2018-11-09 13:45:00,53.35,
2018-11-09 14:00:00,53.28,
2018-11-09 14:15:00,54.97,
2018-11-09 14:30:00,70.38,
2018-11-09 14:45:00,60.12,
2018-11-09 15:00:00,65.63,
2018-11-09 15:15:00,51.59,
2018-11-09 15:30:00,53.78,
2018-11-09 15:45:00,55.87,
2018-11-09 16:00:00,57.38,
2018-11-09 16:15:00,59.72,
2018-11-09 16:30:00,66.28,
2018-11-09 16:45:00,59.72,
2018-11-09 17:00:00,64.04,
2018-11-09 17:15:00,69.48,
2018-11-09 17:30:00,56.92,
2018-11-09 17:45:00,28.8,
2018-11-09 18:00:00,29.12,
2018-11-09 18:15:00,53.5,
2018-11-09 18:30:00,58.79,
2018-11-09 18:45:00,53.71,
2018-11-09 19:00:00,63.0,
2018-11-09 19:15:00,53.14,
2018-11-09 19:30:00,55.51,
2018-11-09 19:45:00,63.76,
2018-11-09 20:00:00,52.45,
2018-11-09 20:15:00,66.49,
2018-11-09 20:30:00,51.73,
2018-11-09 20:45:00,42.48,
2018-11-09 21:00:00,29.27,
2018-11-09 21:15:00,16.6,
2018-11-09 21:30:00,6.55,
2018-11-09 21:45:00,6.44,
2018-11-09 22:00:00,5.9,
2018-11-09 22:15:00,4.93,
2018-11-09 22:30:00,4.93,
2018-11-09 22:45:00,4.97,
2018-11-09 23:00:00,4.82,
2018-11-09 23:15:00,4.82,
2018-11-09 23:30:00,4.82,
2018-11-09 23:45:00,4.82,
2018-11-10 00:00:00,2.7,
2018-11-10 00:15:00,4.82,
2018-11-10 00:30:00,4.86,
2018-11-10 00:45:00,4.9,
2018-11-10 01:00:00,4.86,
2018-11-10 01:15:00,4.9,
2018-11-10 01:30:00,4.97,
2018-11-10 01:45:00,4.9,
2018-11-10 02:00:00,6.01,
2018-11-10 02:15:00,5.54,
2018-11-10 02:30:00,4.0,
2018-11-10 02:45:00,3.82,
2018-11-10 03:00:00,3.74,
2018-11-10 03:15:00,3.74,
2018-11-10 03:30:00,3.78,
2018-11-10 03:45:00,3.74,
2018-11-10 04:00:00,3.78,
2018-11-10 04:15:00,3.78,
2018-11-10 04:30:00,3.78,
2018-11-10 04:45:00,3.74,
2018-11-10 05:00:00,3.74,
2018-11-10 05:15:00,3.78,
2018-11-10 05:30:00,3.78,
2018-11-10 05:45:00,3.74,
2018-11-10 06:00:00,5.51,
2018-11-10 06:15:00,5.69,
2018-11-10 06:30:00,4.07,
2018-11-10 06:45:00,3.74,
2018-11-10 07:00:00,3.71,
2018-11-10 07:15:00,3.71,
2018-11-10 07:30:00,3.78,
2018-11-10 07:45:00,3.82,
2018-11-10 08:00:00,4.14,
2018-11-10 08:15:00,26.17,
2018-11-10 08:30:00,42.16,
2018-11-10 08:45:00,55.51,
2018-11-10 09:00:00,57.78,
2018-11-10 09:15:00,45.14,
2018-11-10 09:30:00,56.09,
2018-11-10 09:45:00,50.72,
2018-11-10 10:00:00,50.58,
2018-11-10 10:15:00,58.61,
2018-11-10 10:30:00,44.86,
2018-11-10 10:45:00,58.54,
2018-11-10 11:00:00,44.5,
2018-11-10 11:15:00,56.52,
2018-11-10 11:30:00,53.14,
2018-11-10 11:45:00,62.21,
2018-11-10 12:00:00,30.1,
2018-11-10 12:15:00,4.07,
2018-11-10 12:30:00,4.57,
2018-11-10 12:45:00,5.08,
2018-11-10 13:00:00,5.08,
2018-11-10 13:15:00,28.66,
2018-11-10 13:30:00,49.97,
2018-11-10 13:45:00,60.77,
2018-11-10 14:00:00,63.43,
2018-11-10 14:15:00,61.27,
2018-11-10 14:30:00,52.52,
2018-11-10 14:45:00,50.36,
2018-11-10 15:00:00,47.84,
2018-11-10 15:15:00,67.68,
2018-11-10 15:30:00,46.37,
2018-11-10 15:45:00,55.15,
2018-11-10 16:00:00,51.26,
2018-11-10 16:15:00,37.15,
2018-11-10 16:30:00,48.82,
2018-11-10 16:45:00,30.6,
2018-11-10 17:00:00,5.87,
2018-11-10 17:15:00,5.0,
2018-11-10 17:30:00,3.67,
2018-11-10 17:45:00,3.71,
2018-11-10 18:00:00,4.5,
2018-11-10 18:15:00,4.61,
2018-11-10 18:30:00,3.64,
2018-11-10 18:45:00,3.67,
2018-11-10 19:00:00,3.74,
2018-11-10 19:15:00,3.82,
2018-11-10 19:30:00,3.71,
2018-11-10 19:45:00,3.67,
2018-11-10 20:00:00,3.71,
2018-11-10 20:15:00,3.74,
2018-11-10 20:30:00,3.71,
2018-11-10 20:45:00,3.71,
2018-11-10 21:00:00,3.67,
2018-11-10 21:15:00,3.74,
2018-11-10 21:30:00,3.67,
2018-11-10 21:45:00,3.71,
2018-11-10 22:00:00,3.78,
2018-11-10 22:15:00,4.21,
2018-11-10 22:30:00,4.43,
2018-11-10 22:45:00,3.46,
2018-11-10 23:00:00,3.42,
2018-11-10 23:15:00,3.49,
2018-11-10 23:30:00,3.35,
2018-11-10 23:45:00,2.74,
2018-11-11 00:00:00,2.7,
2018-11-11 00:15:00,2.7,
2018-11-11 00:30:00,2.81,
2018-11-11 00:45:00,2.77,
2018-11-11 01:00:00,2.77,
2018-11-11 01:15:00,2.77,
2018-11-11 01:30:00,2.81,
2018-11-11 01:45:00,2.77,
2018-11-11 02:00:00,2.84,
2018-11-11 02:15:00,2.81,
2018-11-11 02:30:00,4.21,
2018-11-11 02:45:00,4.28,
2018-11-11 03:00:00,2.84,
2018-11-11 03:15:00,2.92,
2018-11-11 03:30:00,2.81,
2018-11-11 03:45:00,2.88,
2018-11-11 04:00:00,2.88,
2018-11-11 04:15:00,2.84,
2018-11-11 04:30:00,2.84,
2018-11-11 04:45:00,2.84,
2018-11-11 05:00:00,2.81,
2018-11-11 05:15:00,2.84,
2018-11-11 05:30:00,2.84,
2018-11-11 05:45:00,2.95,
2018-11-11 06:00:00,3.49,
2018-11-11 06:15:00,3.38,
2018-11-11 06:30:00,2.99,
2018-11-11 06:45:00,3.46,
2018-11-11 07:00:00,3.13,
2018-11-11 07:15:00,2.84,
2018-11-11 07:30:00,2.81,
2018-11-11 07:45:00,2.77,
2018-11-11 08:00:00,2.81,
2018-11-11 08:15:00,2.81,
2018-11-11 08:30:00,2.84,
2018-11-11 08:45:00,2.95,
2018-11-11 09:00:00,2.92,
2018-11-11 09:15:00,2.95,
2018-11-11 09:30:00,3.53,
2018-11-11 09:45:00,3.6,
2018-11-11 10:00:00,3.2,
2018-11-11 10:15:00,2.99,
2018-11-11 10:30:00,2.99,
2018-11-11 10:45:00,2.95,
2018-11-11 11:00:00,2.95,
2018-11-11 11:15:00,2.95,
2018-11-11 11:30:00,3.02,
2018-11-11 11:45:00,2.95,
2018-11-11 12:00:00,3.35,
2018-11-11 12:15:00,3.64,
2018-11-11 12:30:00,3.02,
2018-11-11 12:45:00,2.99,
2018-11-11 13:00:00,3.02,
2018-11-11 13:15:00,3.42,
2018-11-11 13:30:00,3.56,
2018-11-11 13:45:00,3.28,
2018-11-11 14:00:00,2.88,
2018-11-11 14:15:00,2.84,
2018-11-11 14:30:00,2.95,
2018-11-11 14:45:00,2.88,
2018-11-11 15:00:00,2.92,
2018-11-11 15:15:00,2.88,
2018-11-11 15:30:00,2.92,
2018-11-11 15:45:00,2.95,
2018-11-11 16:00:00,2.99,
2018-11-11 16:15:00,2.95,
2018-11-11 16:30:00,3.46,
2018-11-11 16:45:00,4.03,
2018-11-11 17:00:00,3.85,
2018-11-11 17:15:00,3.49,
2018-11-11 17:30:00,2.95,
2018-11-11 17:45:00,2.92,
2018-11-11 18:00:00,2.88,
2018-11-11 18:15:00,2.84,
2018-11-11 18:30:00,2.88,
2018-11-11 18:45:00,3.02,
2018-11-11 19:00:00,2.92,
2018-11-11 19:15:00,2.95,
2018-11-11 19:30:00,2.95,
2018-11-11 19:45:00,2.99,
2018-11-11 20:00:00,2.95,
2018-11-11 20:15:00,2.99,
2018-11-11 20:30:00,3.2,
2018-11-11 20:45:00,3.56,
2018-11-11 21:00:00,3.49,
2018-11-11 21:15:00,2.95,
2018-11-11 21:30:00,2.99,
2018-11-11 21:45:00,2.95,
2018-11-11 22:00:00,2.92,
2018-11-11 22:15:00,3.35,
2018-11-11 22:30:00,3.24,
2018-11-11 22:45:00,2.74,
2018-11-11 23:00:00,2.74,
2018-11-11 23:15:00,2.63,
2018-11-11 23:30:00,2.66,
2018-11-11 23:45:00,2.66,
2018-11-12 00:00:00,4.82,
2018-11-12 00:15:00,3.24,
2018-11-12 00:30:00,3.42,
2018-11-12 00:45:00,2.88,
2018-11-12 01:00:00,2.77,
2018-11-12 01:15:00,2.77,
2018-11-12 01:30:00,2.77,
2018-11-12 01:45:00,2.84,
2018-11-12 02:00:00,2.84,
2018-11-12 02:15:00,2.77,
2018-11-12 02:30:00,2.81,
2018-11-12 02:45:00,2.77,
2018-11-12 03:00:00,2.81,
2018-11-12 03:15:00,3.38,
2018-11-12 03:30:00,3.49,
2018-11-12 03:45:00,3.38,
2018-11-12 04:00:00,3.31,
2018-11-12 04:15:00,2.74,
2018-11-12 04:30:00,2.74,
2018-11-12 04:45:00,2.74,
2018-11-12 05:00:00,2.74,
2018-11-12 05:15:00,2.7,
2018-11-12 05:30:00,2.66,
2018-11-12 05:45:00,2.66,
2018-11-12 06:00:00,2.7,
2018-11-12 06:15:00,2.74,
2018-11-12 06:30:00,2.59,
2018-11-12 06:45:00,2.59,
2018-11-12 07:00:00,2.63,
2018-11-12 07:15:00,3.53,
2018-11-12 07:30:00,5.72,
2018-11-12 07:45:00,5.08,
2018-11-12 08:00:00,5.0,
2018-11-12 08:15:00,15.05,
2018-11-12 08:30:00,50.58,
2018-11-12 08:45:00,61.16,
2018-11-12 09:00:00,55.01,
2018-11-12 09:15:00,62.14,
2018-11-12 09:30:00,62.5,
2018-11-12 09:45:00,67.07,
2018-11-12 10:00:00,57.89,
2018-11-12 10:15:00,51.98,
2018-11-12 10:30:00,70.02,
2018-11-12 10:45:00,60.08,
2018-11-12 11:00:00,57.71,
2018-11-12 11:15:00,52.06,
2018-11-12 11:30:00,57.17,
2018-11-12 11:45:00,78.19,
2018-11-12 12:00:00,59.9,
2018-11-12 12:15:00,4.93,
2018-11-12 12:30:00,5.0,
2018-11-12 12:45:00,4.97,
2018-11-12 13:00:00,5.87,
2018-11-12 13:15:00,43.81,
2018-11-12 13:30:00,78.73,
2018-11-12 13:45:00,69.05,
2018-11-12 14:00:00,70.06,
2018-11-12 14:15:00,55.08,
2018-11-12 14:30:00,59.29,
2018-11-12 14:45:00,73.4,
2018-11-12 15:00:00,68.18,
2018-11-12 15:15:00,75.35,
2018-11-12 15:30:00,61.96,
2018-11-12 15:45:00,82.04,
2018-11-12 16:00:00,115.13,
2018-11-12 16:15:00,105.7,
2018-11-12 16:30:00,104.4,
2018-11-12 16:45:00,107.5,
2018-11-12 17:00:00,96.26,
2018-11-12 17:15:00,86.83,
2018-11-12 17:30:00,108.97,
2018-11-12 17:45:00,33.05,
2018-11-12 18:00:00,32.26,
2018-11-12 18:15:00,90.86,
2018-11-12 18:30:00,96.34,
2018-11-12 18:45:00,108.61,
2018-11-12 19:00:00,109.37,
2018-11-12 19:15:00,108.5,
2018-11-12 19:30:00,90.25,
2018-11-12 19:45:00,108.0,
2018-11-12 20:00:00,123.73,
2018-11-12 20:15:00,86.83,
2018-11-12 20:30:00,111.35,
2018-11-12 20:45:00,100.19,
2018-11-12 21:00:00,23.62,
2018-11-12 21:15:00,6.84,
2018-11-12 21:30:00,5.36,
2018-11-12 21:45:00,5.33,
2018-11-12 22:00:00,5.4,
2018-11-12 22:15:00,5.15,
2018-11-12 22:30:00,4.97,
2018-11-12 22:45:00,5.0,
2018-11-12 23:00:00,5.04,
2018-11-12 23:15:00,4.9,
2018-11-12 23:30:00,5.44,
2018-11-12 23:45:00,6.01,
2018-11-13 00:00:00,31.5,
2018-11-13 00:15:00,4.79,
2018-11-13 00:30:00,4.79,
2018-11-13 00:45:00,4.86,
2018-11-13 01:00:00,4.79,
2018-11-13 01:15:00,4.82,
2018-11-13 01:30:00,4.36,
2018-11-13 01:45:00,3.67,
2018-11-13 02:00:00,3.78,
2018-11-13 02:15:00,3.67,
2018-11-13 02:30:00,3.67,
2018-11-13 02:45:00,3.67,
2018-11-13 03:00:00,3.74,
2018-11-13 03:15:00,3.74,
2018-11-13 03:30:00,4.36,
2018-11-13 03:45:00,4.82,
2018-11-13 04:00:00,4.75,
2018-11-13 04:15:00,4.79,
2018-11-13 04:30:00,3.96,
2018-11-13 04:45:00,3.67,
2018-11-13 05:00:00,3.71,
2018-11-13 05:15:00,3.67,
2018-11-13 05:30:00,3.67,
2018-11-13 05:45:00,3.71,
2018-11-13 06:00:00,3.74,
2018-11-13 06:15:00,3.67,
2018-11-13 06:30:00,3.6,
2018-11-13 06:45:00,3.64,
2018-11-13 07:00:00,3.64,
2018-11-13 07:15:00,3.6,
2018-11-13 07:30:00,4.54,
2018-11-13 07:45:00,6.91,
2018-11-13 08:00:00,7.27,
2018-11-13 08:15:00,62.17,
2018-11-13 08:30:00,103.1,
2018-11-13 08:45:00,105.7,
2018-11-13 09:00:00,130.46,
2018-11-13 09:15:00,92.16,
2018-11-13 09:30:00,72.14,
2018-11-13 09:45:00,115.34,
2018-11-13 10:00:00,106.42,
2018-11-13 10:15:00,87.55,
2018-11-13 10:30:00,102.42,
2018-11-13 10:45:00,104.0,
2018-11-13 11:00:00,83.38,
2018-11-13 11:15:00,107.75,
2018-11-13 11:30:00,84.17,
2018-11-13 11:45:00,100.15,
2018-11-13 12:00:00,95.94,
2018-11-13 12:15:00,36.72,
2018-11-13 12:30:00,31.14,
2018-11-13 12:45:00,32.69,
2018-11-13 13:00:00,31.43,
2018-11-13 13:15:00,44.1,
2018-11-13 13:30:00,82.26,
2018-11-13 13:45:00,78.84,
2018-11-13 14:00:00,100.33,
2018-11-13 14:15:00,66.38,
2018-11-13 14:30:00,85.79,
2018-11-13 14:45:00,112.03,
2018-11-13 15:00:00,70.31,
2018-11-13 15:15:00,88.88,
2018-11-13 15:30:00,77.29,
2018-11-13 15:45:00,107.89,
2018-11-13 16:00:00,60.08,
2018-11-13 16:15:00,56.95,
2018-11-13 16:30:00,53.06,
2018-11-13 16:45:00,92.7,
2018-11-13 17:00:00,114.91,
2018-11-13 17:15:00,92.56,
2018-11-13 17:30:00,90.79,
2018-11-13 17:45:00,39.38,
2018-11-13 18:00:00,35.35,
2018-11-13 18:15:00,71.17,
2018-11-13 18:30:00,107.17,
2018-11-13 18:45:00,76.36,
2018-11-13 19:00:00,93.92,
2018-11-13 19:15:00,74.45,
2018-11-13 19:30:00,104.26,
2018-11-13 19:45:00,62.64,
2018-11-13 20:00:00,90.14,
2018-11-13 20:15:00,70.38,
2018-11-13 20:30:00,100.73,
2018-11-13 20:45:00,68.98,
2018-11-13 21:00:00,49.61,
2018-11-13 21:15:00,32.15,
2018-11-13 21:30:00,31.14,
2018-11-13 21:45:00,32.26,
2018-11-13 22:00:00,32.11,
2018-11-13 22:15:00,32.22,
2018-11-13 22:30:00,32.54,
2018-11-13 22:45:00,33.48,
2018-11-13 23:00:00,33.34,
2018-11-13 23:15:00,31.75,
2018-11-13 23:30:00,31.5,
2018-11-13 23:45:00,32.26,
2018-11-14 00:00:00,4.75,
2018-11-14 00:15:00,31.64,
2018-11-14 00:30:00,32.47,
2018-11-14 00:45:00,29.3,
2018-11-14 01:00:00,26.93,
2018-11-14 01:15:00,32.29,
2018-11-14 01:30:00,3.82,
2018-11-14 01:45:00,3.74,
2018-11-14 02:00:00,3.71,
2018-11-14 02:15:00,3.6,
2018-11-14 02:30:00,3.67,
2018-11-14 02:45:00,3.64,
2018-11-14 03:00:00,3.67,
2018-11-14 03:15:00,3.67,
2018-11-14 03:30:00,3.64,
2018-11-14 03:45:00,3.13,
2018-11-14 04:00:00,3.02,
2018-11-14 04:15:00,3.35,
2018-11-14 04:30:00,3.67,
2018-11-14 04:45:00,3.06,
2018-11-14 05:00:00,3.02,
2018-11-14 05:15:00,3.02,
2018-11-14 05:30:00,3.02,
2018-11-14 05:45:00,3.02,
2018-11-14 06:00:00,3.35,
2018-11-14 06:15:00,3.64,
2018-11-14 06:30:00,3.13,
2018-11-14 06:45:00,2.95,
2018-11-14 07:00:00,2.92,
2018-11-14 07:15:00,2.99,
2018-11-14 07:30:00,3.13,
2018-11-14 07:45:00,4.61,
2018-11-14 08:00:00,4.79,
2018-11-14 08:15:00,51.23,
2018-11-14 08:30:00,103.03,
2018-11-14 08:45:00,123.77,
2018-11-14 09:00:00,95.18,
2018-11-14 09:15:00,97.78,
2018-11-14 09:30:00,82.04,
2018-11-14 09:45:00,71.89,
2018-11-14 10:00:00,76.43,
2018-11-14 10:15:00,78.41,
2018-11-14 10:30:00,58.97,
2018-11-14 10:45:00,58.1,
2018-11-14 11:00:00,75.2,
2018-11-14 11:15:00,71.93,
2018-11-14 11:30:00,59.47,
2018-11-14 11:45:00,60.48,
2018-11-14 12:00:00,52.02,
2018-11-14 12:15:00,6.19,
2018-11-14 12:30:00,6.91,
2018-11-14 12:45:00,7.13,
2018-11-14 13:00:00,7.06,
2018-11-14 13:15:00,42.95,
2018-11-14 13:30:00,62.17,
2018-11-14 13:45:00,68.72,
2018-11-14 14:00:00,81.65,
2018-11-14 14:15:00,116.6,
2018-11-14 14:30:00,120.64,
2018-11-14 14:45:00,87.26,
2018-11-14 15:00:00,107.06,
2018-11-14 15:15:00,61.78,
2018-11-14 15:30:00,68.58,
2018-11-14 15:45:00,69.95,
2018-11-14 16:00:00,74.63,
2018-11-14 16:15:00,69.41,
2018-11-14 16:30:00,65.27,
2018-11-14 16:45:00,120.85,
2018-11-14 17:00:00,97.45,
2018-11-14 17:15:00,119.59,
2018-11-14 17:30:00,108.97,
2018-11-14 17:45:00,68.15,
2018-11-14 18:00:00,30.64,
2018-11-14 18:15:00,19.01,
2018-11-14 18:30:00,5.18,
2018-11-14 18:45:00,5.18,
2018-11-14 19:00:00,5.18,
2018-11-14 19:15:00,5.15,
2018-11-14 19:30:00,5.11,
2018-11-14 19:45:00,5.08,
2018-11-14 20:00:00,5.08,
2018-11-14 20:15:00,5.15,
2018-11-14 20:30:00,5.11,
2018-11-14 20:45:00,5.15,
2018-11-14 21:00:00,5.08,
2018-11-14 21:15:00,5.08,
2018-11-14 21:30:00,5.11,
2018-11-14 21:45:00,4.97,
2018-11-14 22:00:00,5.65,
2018-11-14 22:15:00,5.83,
2018-11-14 22:30:00,4.93,
2018-11-14 22:45:00,4.82,
2018-11-14 23:00:00,4.79,
2018-11-14 23:15:00,4.75,
2018-11-14 23:30:00,4.64,
2018-11-14 23:45:00,4.72,
2018-11-15 00:00:00,3.92,
2018-11-15 00:15:00,4.75,
2018-11-15 00:30:00,3.67,
2018-11-15 00:45:00,3.64,
2018-11-15 01:00:00,3.6,
2018-11-15 01:15:00,3.56,
2018-11-15 01:30:00,3.56,
2018-11-15 01:45:00,3.53,
2018-11-15 02:00:00,3.56,
2018-11-15 02:15:00,3.6,
2018-11-15 02:30:00,3.56,
2018-11-15 02:45:00,4.75,
2018-11-15 03:00:00,4.39,
2018-11-15 03:15:00,3.56,
2018-11-15 03:30:00,4.07,
2018-11-15 03:45:00,4.43,
2018-11-15 04:00:00,3.6,
2018-11-15 04:15:00,3.6,
2018-11-15 04:30:00,3.6,
2018-11-15 04:45:00,3.6,
2018-11-15 05:00:00,3.56,
2018-11-15 05:15:00,3.53,
2018-11-15 05:30:00,3.6,
2018-11-15 05:45:00,3.53,
2018-11-15 06:00:00,3.56,
2018-11-15 06:15:00,3.92,
2018-11-15 06:30:00,4.54,
2018-11-15 06:45:00,3.6,
2018-11-15 07:00:00,3.49,
2018-11-15 07:15:00,4.18,
2018-11-15 07:30:00,4.9,
2018-11-15 07:45:00,5.36,
2018-11-15 08:00:00,5.76,
2018-11-15 08:15:00,52.13,
2018-11-15 08:30:00,115.31,
2018-11-15 08:45:00,119.12,
2018-11-15 09:00:00,87.3,
2018-11-15 09:15:00,107.24,
2018-11-15 09:30:00,123.48,
2018-11-15 09:45:00,113.15,
2018-11-15 10:00:00,117.43,
2018-11-15 10:15:00,108.5,
2018-11-15 10:30:00,88.42,
2018-11-15 10:45:00,99.76,
2018-11-15 11:00:00,112.82,
2018-11-15 11:15:00,123.98,
2018-11-15 11:30:00,115.56,
2018-11-15 11:45:00,121.64,
2018-11-15 12:00:00,97.24,
2018-11-15 12:15:00,4.46,
2018-11-15 12:30:00,4.54,
2018-11-15 12:45:00,4.43,
2018-11-15 13:00:00,4.54,
2018-11-15 13:15:00,54.0,
2018-11-15 13:30:00,85.97,
2018-11-15 13:45:00,125.71,
2018-11-15 14:00:00,111.74,
2018-11-15 14:15:00,54.86,
2018-11-15 14:30:00,58.1,
2018-11-15 14:45:00,49.54,
2018-11-15 15:00:00,49.43,
2018-11-15 15:15:00,50.29,
2018-11-15 15:30:00,61.67,
2018-11-15 15:45:00,45.47,
2018-11-15 16:00:00,48.64,
2018-11-15 16:15:00,51.59,
2018-11-15 16:30:00,55.87,
2018-11-15 16:45:00,49.54,
2018-11-15 17:00:00,49.21,
2018-11-15 17:15:00,56.48,
2018-11-15 17:30:00,50.69,
2018-11-15 17:45:00,33.52,
2018-11-15 18:00:00,30.13,
2018-11-15 18:15:00,38.45,
2018-11-15 18:30:00,57.46,
2018-11-15 18:45:00,55.37,
2018-11-15 19:00:00,56.59,
2018-11-15 19:15:00,58.75,
2018-11-15 19:30:00,58.14,
2018-11-15 19:45:00,55.04,
2018-11-15 20:00:00,51.26,
2018-11-15 20:15:00,55.37,
2018-11-15 20:30:00,46.04,
2018-11-15 20:45:00,42.7,
2018-11-15 21:00:00,28.37,
2018-11-15 21:15:00,19.66,
2018-11-15 21:30:00,4.07,
2018-11-15 21:45:00,4.03,
2018-11-15 22:00:00,4.07,
2018-11-15 22:15:00,3.89,
2018-11-15 22:30:00,3.85,
2018-11-15 22:45:00,3.74,
2018-11-15 23:00:00,3.78,
2018-11-15 23:15:00,3.67,
2018-11-15 23:30:00,3.78,
2018-11-15 23:45:00,3.67,
2018-11-16 00:00:00,4.25,
2018-11-16 00:15:00,4.79,
2018-11-16 00:30:00,4.0,
2018-11-16 00:45:00,3.78,
2018-11-16 01:00:00,3.71,
2018-11-16 01:15:00,3.67,
2018-11-16 01:30:00,3.74,
2018-11-16 01:45:00,3.82,
2018-11-16 02:00:00,3.74,
2018-11-16 02:15:00,3.74,
2018-11-16 02:30:00,3.67,
2018-11-16 02:45:00,3.1,
2018-11-16 03:00:00,3.1,
2018-11-16 03:15:00,3.1,
2018-11-16 03:30:00,3.17,
2018-11-16 03:45:00,3.1,
2018-11-16 04:00:00,3.13,
2018-11-16 04:15:00,3.67,
2018-11-16 04:30:00,3.53,
2018-11-16 04:45:00,3.2,
2018-11-16 05:00:00,3.1,
2018-11-16 05:15:00,3.1,
2018-11-16 05:30:00,3.24,
2018-11-16 05:45:00,3.82,
2018-11-16 06:00:00,3.2,
2018-11-16 06:15:00,3.1,
2018-11-16 06:30:00,3.02,
2018-11-16 06:45:00,3.06,
2018-11-16 07:00:00,3.13,
2018-11-16 07:15:00,3.1,
2018-11-16 07:30:00,3.35,
2018-11-16 07:45:00,4.46,
2018-11-16 08:00:00,5.8,
2018-11-16 08:15:00,28.94,
2018-11-16 08:30:00,50.65,
2018-11-16 08:45:00,58.72,
2018-11-16 09:00:00,60.16,
2018-11-16 09:15:00,65.3,
2018-11-16 09:30:00,69.23,
2018-11-16 09:45:00,71.32,
2018-11-16 10:00:00,65.23,
2018-11-16 10:15:00,67.68,
2018-11-16 10:30:00,64.51,
2018-11-16 10:45:00,63.18,
2018-11-16 11:00:00,60.52,
2018-11-16 11:15:00,58.39,
2018-11-16 11:30:00,58.25,
2018-11-16 11:45:00,62.1,
2018-11-16 12:00:00,68.26,
2018-11-16 12:15:00,9.29,
2018-11-16 12:30:00,5.47,
2018-11-16 12:45:00,6.23,
2018-11-16 13:00:00,5.83,
2018-11-16 13:15:00,32.08,
2018-11-16 13:30:00,73.22,
2018-11-16 13:45:00,72.18,
2018-11-16 14:00:00,59.15,
2018-11-16 14:15:00,51.37,
2018-11-16 14:30:00,59.26,
2018-11-16 14:45:00,96.19,
2018-11-16 15:00:00,98.86,
2018-11-16 15:15:00,101.77,
2018-11-16 15:30:00,105.84,
2018-11-16 15:45:00,55.22,
2018-11-16 16:00:00,54.94,
2018-11-16 16:15:00,60.16,
2018-11-16 16:30:00,58.79,
2018-11-16 16:45:00,56.34,
2018-11-16 17:00:00,57.24,
2018-11-16 17:15:00,64.8,
2018-11-16 17:30:00,59.62,
2018-11-16 17:45:00,36.29,
2018-11-16 18:00:00,32.08,
2018-11-16 18:15:00,40.21,
2018-11-16 18:30:00,47.56,
2018-11-16 18:45:00,49.07,
2018-11-16 19:00:00,53.64,
2018-11-16 19:15:00,50.4,
2018-11-16 19:30:00,59.04,
2018-11-16 19:45:00,95.18,
2018-11-16 20:00:00,94.72,
2018-11-16 20:15:00,122.8,
2018-11-16 20:30:00,80.35,
2018-11-16 20:45:00,119.34,
2018-11-16 21:00:00,23.0,
2018-11-16 21:15:00,4.61,
2018-11-16 21:30:00,4.36,
2018-11-16 21:45:00,4.36,
2018-11-16 22:00:00,4.36,
2018-11-16 22:15:00,4.18,
2018-11-16 22:30:00,4.07,
2018-11-16 22:45:00,4.07,
2018-11-16 23:00:00,4.03,
2018-11-16 23:15:00,3.92,
2018-11-16 23:30:00,3.89,
2018-11-16 23:45:00,3.92,
2018-11-17 00:00:00,3.24,
2018-11-17 00:15:00,5.0,
2018-11-17 00:30:00,4.03,
2018-11-17 00:45:00,3.96,
2018-11-17 01:00:00,4.0,
2018-11-17 01:15:00,3.96,
2018-11-17 01:30:00,3.96,
2018-11-17 01:45:00,3.89,
2018-11-17 02:00:00,4.0,
2018-11-17 02:15:00,3.49,
2018-11-17 02:30:00,3.31,
2018-11-17 02:45:00,3.35,
2018-11-17 03:00:00,3.42,
2018-11-17 03:15:00,3.35,
2018-11-17 03:30:00,3.38,
2018-11-17 03:45:00,3.56,
2018-11-17 04:00:00,3.85,
2018-11-17 04:15:00,3.2,
2018-11-17 04:30:00,3.24,
2018-11-17 04:45:00,3.6,
2018-11-17 05:00:00,3.64,
2018-11-17 05:15:00,3.17,
2018-11-17 05:30:00,3.17,
2018-11-17 05:45:00,3.13,
2018-11-17 06:00:00,3.28,
2018-11-17 06:15:00,3.2,
2018-11-17 06:30:00,3.13,
2018-11-17 06:45:00,3.13,
2018-11-17 07:00:00,3.17,
2018-11-17 07:15:00,3.2,
2018-11-17 07:30:00,3.31,
2018-11-17 07:45:00,4.57,
2018-11-17 08:00:00,4.9,
2018-11-17 08:15:00,45.65,
2018-11-17 08:30:00,82.62,
2018-11-17 08:45:00,102.71,
2018-11-17 09:00:00,105.59,
2018-11-17 09:15:00,115.45,
2018-11-17 09:30:00,104.04,
2018-11-17 09:45:00,123.62,
2018-11-17 10:00:00,105.01,
2018-11-17 10:15:00,113.0,
2018-11-17 10:30:00,117.72,
2018-11-17 10:45:00,100.87,
2018-11-17 11:00:00,106.49,
2018-11-17 11:15:00,92.81,
2018-11-17 11:30:00,93.82,
2018-11-17 11:45:00,127.98,
2018-11-17 12:00:00,78.73,
2018-11-17 12:15:00,4.0,
2018-11-17 12:30:00,4.14,
2018-11-17 12:45:00,4.5,
2018-11-17 13:00:00,4.79,
2018-11-17 13:15:00,46.33,
2018-11-17 13:30:00,107.1,
2018-11-17 13:45:00,75.02,
2018-11-17 14:00:00,121.43,
2018-11-17 14:15:00,103.0,
2018-11-17 14:30:00,105.08,
2018-11-17 14:45:00,100.01,
2018-11-17 15:00:00,133.42,
2018-11-17 15:15:00,101.2,
2018-11-17 15:30:00,95.18,
2018-11-17 15:45:00,132.3,
2018-11-17 16:00:00,81.5,
2018-11-17 16:15:00,110.34,
2018-11-17 16:30:00,128.16,
2018-11-17 16:45:00,74.74,
2018-11-17 17:00:00,23.11,
2018-11-17 17:15:00,4.54,
2018-11-17 17:30:00,4.9,
2018-11-17 17:45:00,5.0,
2018-11-17 18:00:00,4.03,
2018-11-17 18:15:00,4.03,
2018-11-17 18:30:00,4.03,
2018-11-17 18:45:00,4.14,
2018-11-17 19:00:00,4.14,
2018-11-17 19:15:00,4.14,
2018-11-17 19:30:00,4.14,
2018-11-17 19:45:00,4.1,
2018-11-17 20:00:00,4.18,
2018-11-17 20:15:00,4.07,
2018-11-17 20:30:00,4.07,
2018-11-17 20:45:00,4.07,
2018-11-17 21:00:00,4.1,
2018-11-17 21:15:00,4.36,
2018-11-17 21:30:00,5.26,
2018-11-17 21:45:00,4.28,
2018-11-17 22:00:00,4.03,
2018-11-17 22:15:00,3.85,
2018-11-17 22:30:00,3.78,
2018-11-17 22:45:00,3.89,
2018-11-17 23:00:00,3.78,
2018-11-17 23:15:00,3.82,
2018-11-17 23:30:00,3.35,
2018-11-17 23:45:00,3.13,
2018-11-18 00:00:00,3.13,
2018-11-18 00:15:00,3.13,
2018-11-18 00:30:00,3.2,
2018-11-18 00:45:00,3.2,
2018-11-18 01:00:00,3.2,
2018-11-18 01:15:00,3.74,
2018-11-18 01:30:00,3.56,
2018-11-18 01:45:00,3.2,
2018-11-18 02:00:00,3.31,
2018-11-18 02:15:00,3.24,
2018-11-18 02:30:00,3.35,
2018-11-18 02:45:00,3.82,
2018-11-18 03:00:00,3.42,
2018-11-18 03:15:00,3.35,
2018-11-18 03:30:00,3.28,
2018-11-18 03:45:00,3.31,
2018-11-18 04:00:00,3.28,
2018-11-18 04:15:00,3.24,
2018-11-18 04:30:00,3.24,
2018-11-18 04:45:00,3.67,
2018-11-18 05:00:00,3.82,
2018-11-18 05:15:00,3.31,
2018-11-18 05:30:00,3.28,
2018-11-18 05:45:00,3.42,
2018-11-18 06:00:00,3.82,
2018-11-18 06:15:00,3.35,
2018-11-18 06:30:00,3.24,
2018-11-18 06:45:00,3.24,
2018-11-18 07:00:00,3.17,
2018-11-18 07:15:00,3.17,
2018-11-18 07:30:00,3.17,
2018-11-18 07:45:00,4.07,
2018-11-18 08:00:00,5.0,
2018-11-18 08:15:00,44.21,
2018-11-18 08:30:00,86.22,
2018-11-18 08:45:00,69.16,
2018-11-18 09:00:00,70.6,
2018-11-18 09:15:00,34.74,
2018-11-18 09:30:00,36.4,
2018-11-18 09:45:00,38.2,
2018-11-18 10:00:00,32.76,
2018-11-18 10:15:00,32.58,
2018-11-18 10:30:00,31.72,
2018-11-18 10:45:00,31.57,
2018-11-18 11:00:00,32.54,
2018-11-18 11:15:00,37.51,
2018-11-18 11:30:00,37.22,
2018-11-18 11:45:00,36.0,
2018-11-18 12:00:00,34.52,
2018-11-18 12:15:00,3.82,
2018-11-18 12:30:00,3.71,
2018-11-18 12:45:00,4.18,
2018-11-18 13:00:00,4.25,
2018-11-18 13:15:00,16.45,
2018-11-18 13:30:00,36.29,
2018-11-18 13:45:00,35.5,
2018-11-18 14:00:00,35.1,
2018-11-18 14:15:00,35.89,
2018-11-18 14:30:00,34.34,
2018-11-18 14:45:00,36.36,
2018-11-18 15:00:00,34.34,
2018-11-18 15:15:00,37.01,
2018-11-18 15:30:00,33.52,
2018-11-18 15:45:00,37.12,
2018-11-18 16:00:00,34.49,
2018-11-18 16:15:00,38.41,
2018-11-18 16:30:00,34.02,
2018-11-18 16:45:00,36.94,
2018-11-18 17:00:00,7.16,
2018-11-18 17:15:00,4.03,
2018-11-18 17:30:00,3.96,
2018-11-18 17:45:00,3.85,
2018-11-18 18:00:00,3.85,
2018-11-18 18:15:00,3.74,
2018-11-18 18:30:00,3.78,
2018-11-18 18:45:00,3.89,
2018-11-18 19:00:00,3.82,
2018-11-18 19:15:00,3.78,
2018-11-18 19:30:00,3.78,
2018-11-18 19:45:00,3.82,
2018-11-18 20:00:00,3.89,
2018-11-18 20:15:00,3.74,
2018-11-18 20:30:00,3.78,
2018-11-18 20:45:00,4.39,
2018-11-18 21:00:00,3.82,
2018-11-18 21:15:00,3.24,
2018-11-18 21:30:00,3.13,
2018-11-18 21:45:00,3.1,
2018-11-18 22:00:00,3.1,
2018-11-18 22:15:00,2.95,
2018-11-18 22:30:00,2.99,
2018-11-18 22:45:00,2.92,
2018-11-18 23:00:00,2.92,
2018-11-18 23:15:00,2.88,
2018-11-18 23:30:00,2.88,
2018-11-18 23:45:00,2.92,
2018-11-19 00:00:00,4.14,
2018-11-19 00:15:00,3.42,
2018-11-19 00:30:00,3.31,
2018-11-19 00:45:00,3.49,
2018-11-19 01:00:00,2.95,
2018-11-19 01:15:00,2.92,
2018-11-19 01:30:00,2.88,
2018-11-19 01:45:00,2.92,
2018-11-19 02:00:00,2.95,
2018-11-19 02:15:00,2.95,
2018-11-19 02:30:00,2.92,
2018-11-19 02:45:00,3.31,
2018-11-19 03:00:00,3.46,
2018-11-19 03:15:00,2.95,
2018-11-19 03:30:00,2.92,
2018-11-19 03:45:00,2.95,
2018-11-19 04:00:00,2.92,
2018-11-19 04:15:00,2.92,
2018-11-19 04:30:00,3.13,
2018-11-19 04:45:00,3.64,
2018-11-19 05:00:00,3.13,
2018-11-19 05:15:00,2.92,
2018-11-19 05:30:00,2.88,
2018-11-19 05:45:00,2.92,
2018-11-19 06:00:00,3.38,
2018-11-19 06:15:00,3.42,
2018-11-19 06:30:00,2.77,
2018-11-19 06:45:00,2.77,
2018-11-19 07:00:00,2.81,
2018-11-19 07:15:00,3.2,
2018-11-19 07:30:00,3.64,
2018-11-19 07:45:00,4.07,
2018-11-19 08:00:00,5.76,
2018-11-19 08:15:00,16.99,
2018-11-19 08:30:00,57.02,
2018-11-19 08:45:00,58.54,
2018-11-19 09:00:00,58.86,
2018-11-19 09:15:00,62.75,
2018-11-19 09:30:00,68.83,
2018-11-19 09:45:00,72.18,
2018-11-19 10:00:00,67.5,
2018-11-19 10:15:00,67.72,
2018-11-19 10:30:00,64.37,
2018-11-19 10:45:00,61.31,
2018-11-19 11:00:00,65.45,
2018-11-19 11:15:00,59.18,
2018-11-19 11:30:00,62.03,
2018-11-19 11:45:00,60.34,
2018-11-19 12:00:00,46.12,
2018-11-19 12:15:00,5.94,
2018-11-19 12:30:00,6.08,
2018-11-19 12:45:00,6.05,
2018-11-19 13:00:00,5.11,
2018-11-19 13:15:00,29.3,
2018-11-19 13:30:00,69.52,
2018-11-19 13:45:00,60.23,
2018-11-19 14:00:00,58.79,
2018-11-19 14:15:00,58.21,
2018-11-19 14:30:00,68.62,
2018-11-19 14:45:00,60.66,
2018-11-19 15:00:00,64.44,
2018-11-19 15:15:00,63.36,
2018-11-19 15:30:00,60.05,
2018-11-19 15:45:00,65.52,
2018-11-19 16:00:00,61.42,
2018-11-19 16:15:00,61.42,
2018-11-19 16:30:00,59.08,
2018-11-19 16:45:00,62.89,
2018-11-19 17:00:00,62.89,
2018-11-19 17:15:00,56.05,
2018-11-19 17:30:00,59.11,
2018-11-19 17:45:00,30.89,
2018-11-19 18:00:00,31.61,
2018-11-19 18:15:00,34.99,
2018-11-19 18:30:00,43.06,
2018-11-19 18:45:00,43.49,
2018-11-19 19:00:00,63.32,
2018-11-19 19:15:00,45.54,
2018-11-19 19:30:00,45.79,
2018-11-19 19:45:00,53.21,
2018-11-19 20:00:00,44.78,
2018-11-19 20:15:00,44.17,
2018-11-19 20:30:00,52.81,
2018-11-19 20:45:00,40.39,
2018-11-19 21:00:00,26.64,
2018-11-19 21:15:00,13.43,
2018-11-19 21:30:00,3.82,
2018-11-19 21:45:00,3.89,
2018-11-19 22:00:00,3.78,
2018-11-19 22:15:00,3.67,
2018-11-19 22:30:00,3.64,
2018-11-19 22:45:00,3.6,
2018-11-19 23:00:00,3.56,
2018-11-19 23:15:00,3.56,
2018-11-19 23:30:00,3.64,
2018-11-19 23:45:00,4.57,
2018-11-20 00:00:00,4.61,
2018-11-20 00:15:00,3.53,
2018-11-20 00:30:00,3.64,
2018-11-20 00:45:00,3.71,
2018-11-20 01:00:00,3.6,
2018-11-20 01:15:00,3.64,
2018-11-20 01:30:00,3.53,
2018-11-20 01:45:00,3.6,
2018-11-20 02:00:00,3.71,
2018-11-20 02:15:00,3.56,
2018-11-20 02:30:00,3.56,
2018-11-20 02:45:00,3.02,
2018-11-20 03:00:00,3.02,
2018-11-20 03:15:00,3.13,
2018-11-20 03:30:00,3.31,
2018-11-20 03:45:00,3.67,
2018-11-20 04:00:00,2.95,
2018-11-20 04:15:00,2.88,
2018-11-20 04:30:00,2.95,
2018-11-20 04:45:00,2.88,
2018-11-20 05:00:00,2.84,
2018-11-20 05:15:00,2.81,
2018-11-20 05:30:00,2.88,
2018-11-20 05:45:00,3.17,
2018-11-20 06:00:00,3.46,
2018-11-20 06:15:00,3.42,
2018-11-20 06:30:00,2.81,
2018-11-20 06:45:00,2.77,
2018-11-20 07:00:00,2.84,
2018-11-20 07:15:00,2.7,
2018-11-20 07:30:00,3.71,
2018-11-20 07:45:00,5.51,
2018-11-20 08:00:00,5.33,
2018-11-20 08:15:00,25.88,
2018-11-20 08:30:00,60.16,
2018-11-20 08:45:00,67.54,
2018-11-20 09:00:00,78.98,
2018-11-20 09:15:00,70.24,
2018-11-20 09:30:00,77.47,
2018-11-20 09:45:00,74.88,
2018-11-20 10:00:00,54.18,
2018-11-20 10:15:00,54.79,
2018-11-20 10:30:00,59.54,
2018-11-20 10:45:00,52.16,
2018-11-20 11:00:00,61.81,
2018-11-20 11:15:00,52.2,
2018-11-20 11:30:00,46.94,
2018-11-20 11:45:00,48.56,
2018-11-20 12:00:00,52.7,
2018-11-20 12:15:00,6.12,
2018-11-20 12:30:00,5.44,
2018-11-20 12:45:00,5.4,
2018-11-20 13:00:00,5.58,
2018-11-20 13:15:00,28.15,
2018-11-20 13:30:00,53.24,
2018-11-20 13:45:00,48.67,
2018-11-20 14:00:00,57.85,
2018-11-20 14:15:00,55.12,
2018-11-20 14:30:00,52.63,
2018-11-20 14:45:00,56.77,
2018-11-20 15:00:00,47.41,
2018-11-20 15:15:00,51.16,
2018-11-20 15:30:00,46.51,
2018-11-20 15:45:00,56.99,
2018-11-20 16:00:00,44.57,
2018-11-20 16:15:00,43.09,
2018-11-20 16:30:00,67.32,
2018-11-20 16:45:00,45.47,
2018-11-20 17:00:00,64.84,
2018-11-20 17:15:00,41.15,
2018-11-20 17:30:00,31.97,
2018-11-20 17:45:00,27.83,
2018-11-20 18:00:00,22.97,
2018-11-20 18:15:00,8.14,
2018-11-20 18:30:00,8.17,
2018-11-20 18:45:00,8.39,
2018-11-20 19:00:00,8.32,
2018-11-20 19:15:00,8.71,
2018-11-20 19:30:00,7.38,
2018-11-20 19:45:00,7.6,
2018-11-20 20:00:00,6.44,
2018-11-20 20:15:00,5.0,
2018-11-20 20:30:00,4.86,
2018-11-20 20:45:00,5.0,
2018-11-20 21:00:00,4.1,
2018-11-20 21:15:00,3.89,
2018-11-20 21:30:00,3.82,
2018-11-20 21:45:00,3.85,
2018-11-20 22:00:00,3.92,
2018-11-20 22:15:00,3.71,
2018-11-20 22:30:00,3.64,
2018-11-20 22:45:00,3.64,
2018-11-20 23:00:00,3.64,
2018-11-20 23:15:00,3.6,
2018-11-20 23:30:00,3.49,
2018-11-20 23:45:00,3.56,
2018-11-21 00:00:00,3.71,
2018-11-21 00:15:00,4.0,
2018-11-21 00:30:00,3.64,
2018-11-21 00:45:00,3.46,
2018-11-21 01:00:00,3.46,
2018-11-21 01:15:00,3.46,
2018-11-21 01:30:00,3.13,
2018-11-21 01:45:00,2.95,
2018-11-21 02:00:00,2.77,
2018-11-21 02:15:00,2.88,
2018-11-21 02:30:00,2.92,
2018-11-21 02:45:00,2.88,
2018-11-21 03:00:00,2.95,
2018-11-21 03:15:00,2.84,
2018-11-21 03:30:00,2.88,
2018-11-21 03:45:00,3.38,
2018-11-21 04:00:00,3.74,
2018-11-21 04:15:00,3.71,
2018-11-21 04:30:00,3.49,
2018-11-21 04:45:00,2.92,
2018-11-21 05:00:00,2.95,
2018-11-21 05:15:00,2.92,
2018-11-21 05:30:00,2.92,
2018-11-21 05:45:00,2.88,
2018-11-21 06:00:00,2.84,
2018-11-21 06:15:00,2.92,
2018-11-21 06:30:00,2.88,
2018-11-21 06:45:00,2.84,
2018-11-21 07:00:00,2.88,
2018-11-21 07:15:00,2.77,
2018-11-21 07:30:00,3.56,
2018-11-21 07:45:00,5.83,
2018-11-21 08:00:00,6.26,
2018-11-21 08:15:00,24.98,
2018-11-21 08:30:00,50.08,
2018-11-21 08:45:00,64.04,
2018-11-21 09:00:00,77.9,
2018-11-21 09:15:00,65.12,
2018-11-21 09:30:00,67.43,
2018-11-21 09:45:00,67.43,
2018-11-21 10:00:00,75.67,
2018-11-21 10:15:00,69.66,
2018-11-21 10:30:00,69.08,
2018-11-21 10:45:00,69.66,
2018-11-21 11:00:00,68.87,
2018-11-21 11:15:00,81.32,
2018-11-21 11:30:00,96.26,
2018-11-21 11:45:00,83.95,
2018-11-21 12:00:00,109.33,
2018-11-21 12:15:00,7.6,
2018-11-21 12:30:00,6.66,
2018-11-21 12:45:00,6.73,
2018-11-21 13:00:00,6.66,
2018-11-21 13:15:00,47.3,
2018-11-21 13:30:00,74.52,
2018-11-21 13:45:00,109.19,
2018-11-21 14:00:00,79.38,
2018-11-21 14:15:00,94.0,
2018-11-21 14:30:00,85.14,
2018-11-21 14:45:00,91.76,
2018-11-21 15:00:00,127.33,
2018-11-21 15:15:00,94.82,
2018-11-21 15:30:00,122.98,
2018-11-21 15:45:00,86.51,
2018-11-21 16:00:00,79.16,
2018-11-21 16:15:00,70.6,
2018-11-21 16:30:00,103.9,
2018-11-21 16:45:00,106.13,
2018-11-21 17:00:00,103.54,
2018-11-21 17:15:00,126.22,
2018-11-21 17:30:00,115.49,
2018-11-21 17:45:00,44.6,
2018-11-21 18:00:00,33.77,
2018-11-21 18:15:00,74.27,
2018-11-21 18:30:00,127.4,
2018-11-21 18:45:00,106.52,
2018-11-21 19:00:00,119.59,
2018-11-21 19:15:00,83.38,
2018-11-21 19:30:00,93.53,
2018-11-21 19:45:00,99.32,
2018-11-21 20:00:00,119.45,
2018-11-21 20:15:00,95.65,
2018-11-21 20:30:00,98.6,
2018-11-21 20:45:00,86.83,
2018-11-21 21:00:00,47.63,
2018-11-21 21:15:00,24.73,
2018-11-21 21:30:00,5.4,
2018-11-21 21:45:00,5.36,
2018-11-21 22:00:00,4.1,
2018-11-21 22:15:00,3.89,
2018-11-21 22:30:00,3.85,
2018-11-21 22:45:00,3.89,
2018-11-21 23:00:00,3.92,
2018-11-21 23:15:00,3.74,
2018-11-21 23:30:00,3.71,
2018-11-21 23:45:00,3.71,
2018-11-22 00:00:00,3.78,
2018-11-22 00:15:00,3.82,
2018-11-22 00:30:00,3.71,
2018-11-22 00:45:00,3.74,
2018-11-22 01:00:00,3.74,
2018-11-22 01:15:00,3.85,
2018-11-22 01:30:00,3.82,
2018-11-22 01:45:00,3.74,
2018-11-22 02:00:00,4.68,
2018-11-22 02:15:00,4.32,
2018-11-22 02:30:00,3.71,
2018-11-22 02:45:00,3.46,
2018-11-22 03:00:00,3.17,
2018-11-22 03:15:00,3.2,
2018-11-22 03:30:00,3.17,
2018-11-22 03:45:00,3.2,
2018-11-22 04:00:00,3.2,
2018-11-22 04:15:00,3.24,
2018-11-22 04:30:00,3.2,
2018-11-22 04:45:00,3.2,
2018-11-22 05:00:00,3.42,
2018-11-22 05:15:00,3.78,
2018-11-22 05:30:00,4.39,
2018-11-22 05:45:00,3.49,
2018-11-22 06:00:00,3.1,
2018-11-22 06:15:00,3.17,
2018-11-22 06:30:00,3.13,
2018-11-22 06:45:00,3.17,
2018-11-22 07:00:00,3.1,
2018-11-22 07:15:00,3.06,
2018-11-22 07:30:00,3.17,
2018-11-22 07:45:00,4.79,
2018-11-22 08:00:00,6.3,
2018-11-22 08:15:00,41.51,
2018-11-22 08:30:00,101.48,
2018-11-22 08:45:00,120.67,
2018-11-22 09:00:00,124.49,
2018-11-22 09:15:00,139.61,
2018-11-22 09:30:00,120.82,
2018-11-22 09:45:00,157.18,
2018-11-22 10:00:00,136.4,
2018-11-22 10:15:00,139.57,
2018-11-22 10:30:00,103.5,
2018-11-22 10:45:00,113.87,
2018-11-22 11:00:00,133.13,
2018-11-22 11:15:00,134.6,
2018-11-22 11:30:00,96.62,
2018-11-22 11:45:00,70.63,
2018-11-22 12:00:00,55.69,
2018-11-22 12:15:00,5.22,
2018-11-22 12:30:00,6.44,
2018-11-22 12:45:00,6.62,
2018-11-22 13:00:00,6.55,
2018-11-22 13:15:00,41.87,
2018-11-22 13:30:00,75.35,
2018-11-22 13:45:00,93.67,
2018-11-22 14:00:00,83.63,
2018-11-22 14:15:00,87.77,
2018-11-22 14:30:00,89.06,
2018-11-22 14:45:00,85.54,
2018-11-22 15:00:00,70.52,
2018-11-22 15:15:00,79.34,
2018-11-22 15:30:00,80.24,
2018-11-22 15:45:00,80.57,
2018-11-22 16:00:00,79.6,
2018-11-22 16:15:00,81.07,
2018-11-22 16:30:00,97.96,
2018-11-22 16:45:00,95.04,
2018-11-22 17:00:00,84.67,
2018-11-22 17:15:00,58.07,
2018-11-22 17:30:00,46.12,
2018-11-22 17:45:00,32.94,
2018-11-22 18:00:00,32.87,
2018-11-22 18:15:00,45.68,
2018-11-22 18:30:00,70.16,
2018-11-22 18:45:00,67.79,
2018-11-22 19:00:00,82.37,
2018-11-22 19:15:00,67.21,
2018-11-22 19:30:00,71.71,
2018-11-22 19:45:00,75.53,
2018-11-22 20:00:00,71.78,
2018-11-22 20:15:00,72.86,
2018-11-22 20:30:00,74.88,
2018-11-22 20:45:00,68.98,
2018-11-22 21:00:00,43.6,
2018-11-22 21:15:00,18.65,
2018-11-22 21:30:00,4.97,
2018-11-22 21:45:00,4.07,
2018-11-22 22:00:00,4.07,
2018-11-22 22:15:00,3.74,
2018-11-22 22:30:00,3.82,
2018-11-22 22:45:00,3.78,
2018-11-22 23:00:00,3.74,
2018-11-22 23:15:00,3.71,
2018-11-22 23:30:00,3.67,
2018-11-22 23:45:00,3.74,
2018-11-23 00:00:00,3.53,
2018-11-23 00:15:00,3.78,
2018-11-23 00:30:00,4.64,
2018-11-23 00:45:00,4.18,
2018-11-23 01:00:00,3.67,
2018-11-23 01:15:00,3.67,
2018-11-23 01:30:00,3.6,
2018-11-23 01:45:00,3.64,
2018-11-23 02:00:00,3.67,
2018-11-23 02:15:00,3.2,
2018-11-23 02:30:00,3.06,
2018-11-23 02:45:00,3.02,
2018-11-23 03:00:00,3.02,
2018-11-23 03:15:00,3.06,
2018-11-23 03:30:00,3.02,
2018-11-23 03:45:00,3.2,
2018-11-23 04:00:00,3.67,
2018-11-23 04:15:00,3.42,
2018-11-23 04:30:00,3.06,
2018-11-23 04:45:00,3.56,
2018-11-23 05:00:00,3.56,
2018-11-23 05:15:00,2.95,
2018-11-23 05:30:00,2.99,
2018-11-23 05:45:00,2.99,
2018-11-23 06:00:00,2.95,
2018-11-23 06:15:00,2.99,
2018-11-23 06:30:00,2.92,
2018-11-23 06:45:00,2.92,
2018-11-23 07:00:00,2.99,
2018-11-23 07:15:00,3.02,
2018-11-23 07:30:00,3.53,
2018-11-23 07:45:00,6.12,
2018-11-23 08:00:00,6.59,
2018-11-23 08:15:00,42.23,
2018-11-23 08:30:00,82.4,
2018-11-23 08:45:00,90.9,
2018-11-23 09:00:00,99.25,
2018-11-23 09:15:00,93.06,
2018-11-23 09:30:00,73.69,
2018-11-23 09:45:00,63.36,
2018-11-23 10:00:00,75.67,
2018-11-23 10:15:00,70.96,
2018-11-23 10:30:00,100.69,
2018-11-23 10:45:00,83.66,
2018-11-23 11:00:00,65.77,
2018-11-23 11:15:00,73.66,
2018-11-23 11:30:00,67.03,
2018-11-23 11:45:00,66.89,
2018-11-23 12:00:00,66.42,
2018-11-23 12:15:00,24.8,
2018-11-23 12:30:00,10.12,
2018-11-23 12:45:00,6.52,
2018-11-23 13:00:00,6.7,
2018-11-23 13:15:00,57.17,
2018-11-23 13:30:00,80.35,
2018-11-23 13:45:00,92.52,
2018-11-23 14:00:00,85.9,
2018-11-23 14:15:00,80.64,
2018-11-23 14:30:00,87.95,
2018-11-23 14:45:00,72.54,
2018-11-23 15:00:00,74.3,
2018-11-23 15:15:00,78.23,
2018-11-23 15:30:00,110.48,
2018-11-23 15:45:00,80.32,
2018-11-23 16:00:00,89.39,
2018-11-23 16:15:00,86.04,
2018-11-23 16:30:00,76.0,
2018-11-23 16:45:00,104.29,
2018-11-23 17:00:00,86.11,
2018-11-23 17:15:00,86.98,
2018-11-23 17:30:00,52.7,
2018-11-23 17:45:00,34.13,
2018-11-23 18:00:00,34.27,
2018-11-23 18:15:00,54.61,
2018-11-23 18:30:00,63.9,
2018-11-23 18:45:00,56.02,
2018-11-23 19:00:00,68.8,
2018-11-23 19:15:00,65.23,
2018-11-23 19:30:00,69.48,
2018-11-23 19:45:00,66.17,
2018-11-23 20:00:00,72.94,
2018-11-23 20:15:00,59.58,
2018-11-23 20:30:00,53.39,
2018-11-23 20:45:00,45.68,
2018-11-23 21:00:00,23.36,
2018-11-23 21:15:00,7.52,
2018-11-23 21:30:00,5.29,
2018-11-23 21:45:00,5.22,
2018-11-23 22:00:00,5.26,
2018-11-23 22:15:00,4.93,
2018-11-23 22:30:00,4.86,
2018-11-23 22:45:00,4.86,
2018-11-23 23:00:00,4.75,
2018-11-23 23:15:00,4.68,
2018-11-23 23:30:00,4.61,
2018-11-23 23:45:00,3.92,
2018-11-24 00:00:00,3.02,
2018-11-24 00:15:00,3.49,
2018-11-24 00:30:00,3.56,
2018-11-24 00:45:00,3.56,
2018-11-24 01:00:00,3.56,
2018-11-24 01:15:00,3.6,
2018-11-24 01:30:00,3.56,
2018-11-24 01:45:00,3.49,
2018-11-24 02:00:00,3.56,
2018-11-24 02:15:00,3.6,
2018-11-24 02:30:00,3.6,
2018-11-24 02:45:00,3.56,
2018-11-24 03:00:00,3.56,
2018-11-24 03:15:00,3.64,
2018-11-24 03:30:00,3.56,
2018-11-24 03:45:00,3.89,
2018-11-24 04:00:00,4.79,
2018-11-24 04:15:00,4.25,
2018-11-24 04:30:00,3.64,
2018-11-24 04:45:00,3.6,
2018-11-24 05:00:00,3.13,
2018-11-24 05:15:00,3.02,
2018-11-24 05:30:00,3.02,
2018-11-24 05:45:00,3.1,
2018-11-24 06:00:00,3.02,
2018-11-24 06:15:00,3.06,
2018-11-24 06:30:00,3.02,
2018-11-24 06:45:00,3.02,
2018-11-24 07:00:00,3.1,
2018-11-24 07:15:00,3.64,
2018-11-24 07:30:00,3.71,
2018-11-24 07:45:00,3.53,
2018-11-24 08:00:00,3.35,
2018-11-24 08:15:00,3.92,
2018-11-24 08:30:00,3.13,
2018-11-24 08:45:00,3.2,
2018-11-24 09:00:00,3.24,
2018-11-24 09:15:00,3.38,
2018-11-24 09:30:00,3.42,
2018-11-24 09:45:00,3.38,
2018-11-24 10:00:00,3.46,
2018-11-24 10:15:00,3.42,
2018-11-24 10:30:00,3.74,
2018-11-24 10:45:00,3.85,
2018-11-24 11:00:00,3.92,
2018-11-24 11:15:00,3.78,
2018-11-24 11:30:00,3.24,
2018-11-24 11:45:00,3.28,
2018-11-24 12:00:00,3.78,
2018-11-24 12:15:00,4.18,
2018-11-24 12:30:00,3.46,
2018-11-24 12:45:00,3.35,
2018-11-24 13:00:00,3.46,
2018-11-24 13:15:00,3.89,
2018-11-24 13:30:00,5.72,
2018-11-24 13:45:00,5.83,
2018-11-24 14:00:00,5.26,
2018-11-24 14:15:00,4.57,
2018-11-24 14:30:00,4.57,
2018-11-24 14:45:00,4.64,
2018-11-24 15:00:00,4.61,
2018-11-24 15:15:00,4.57,
2018-11-24 15:30:00,4.54,
2018-11-24 15:45:00,5.33,
2018-11-24 16:00:00,5.44,
2018-11-24 16:15:00,4.61,
2018-11-24 16:30:00,4.61,
2018-11-24 16:45:00,5.69,
2018-11-24 17:00:00,5.83,
2018-11-24 17:15:00,5.9,
2018-11-24 17:30:00,4.79,
2018-11-24 17:45:00,3.85,
2018-11-24 18:00:00,3.67,
2018-11-24 18:15:00,3.6,
2018-11-24 18:30:00,3.71,
2018-11-24 18:45:00,3.71,
2018-11-24 19:00:00,3.74,
2018-11-24 19:15:00,3.67,
2018-11-24 19:30:00,4.14,
2018-11-24 19:45:00,3.96,
2018-11-24 20:00:00,3.2,
2018-11-24 20:15:00,3.1,
2018-11-24 20:30:00,3.06,
2018-11-24 20:45:00,3.06,
2018-11-24 21:00:00,3.2,
2018-11-24 21:15:00,3.06,
2018-11-24 21:30:00,3.1,
2018-11-24 21:45:00,3.06,
2018-11-24 22:00:00,3.06,
2018-11-24 22:15:00,3.53,
2018-11-24 22:30:00,3.46,
2018-11-24 22:45:00,3.38,
2018-11-24 23:00:00,2.92,
2018-11-24 23:15:00,2.84,
2018-11-24 23:30:00,2.84,
2018-11-24 23:45:00,2.77,
2018-11-25 00:00:00,2.88,
2018-11-25 00:15:00,3.38,
2018-11-25 00:30:00,3.28,
2018-11-25 00:45:00,2.88,
2018-11-25 01:00:00,2.77,
2018-11-25 01:15:00,2.77,
2018-11-25 01:30:00,3.31,
2018-11-25 01:45:00,3.46,
2018-11-25 02:00:00,3.46,
2018-11-25 02:15:00,3.2,
2018-11-25 02:30:00,2.84,
2018-11-25 02:45:00,2.84,
2018-11-25 03:00:00,2.88,
2018-11-25 03:15:00,2.92,
2018-11-25 03:30:00,2.84,
2018-11-25 03:45:00,2.92,
2018-11-25 04:00:00,2.92,
2018-11-25 04:15:00,2.88,
2018-11-25 04:30:00,2.88,
2018-11-25 04:45:00,2.84,
2018-11-25 05:00:00,2.88,
2018-11-25 05:15:00,2.88,
2018-11-25 05:30:00,4.18,
2018-11-25 05:45:00,4.28,
2018-11-25 06:00:00,3.53,
2018-11-25 06:15:00,3.13,
2018-11-25 06:30:00,2.88,
2018-11-25 06:45:00,2.84,
2018-11-25 07:00:00,2.81,
2018-11-25 07:15:00,2.95,
2018-11-25 07:30:00,2.84,
2018-11-25 07:45:00,2.88,
2018-11-25 08:00:00,2.92,
2018-11-25 08:15:00,2.88,
2018-11-25 08:30:00,2.92,
2018-11-25 08:45:00,2.92,
2018-11-25 09:00:00,3.46,
2018-11-25 09:15:00,4.93,
2018-11-25 09:30:00,4.32,
2018-11-25 09:45:00,3.49,
2018-11-25 10:00:00,2.88,
2018-11-25 10:15:00,2.95,
2018-11-25 10:30:00,3.56,
2018-11-25 10:45:00,2.95,
2018-11-25 11:00:00,2.99,
2018-11-25 11:15:00,2.95,
2018-11-25 11:30:00,2.95,
2018-11-25 11:45:00,2.99,
2018-11-25 12:00:00,2.99,
2018-11-25 12:15:00,3.1,
2018-11-25 12:30:00,3.02,
2018-11-25 12:45:00,3.17,
2018-11-25 13:00:00,3.71,
2018-11-25 13:15:00,3.67,
2018-11-25 13:30:00,3.64,
2018-11-25 13:45:00,3.2,
2018-11-25 14:00:00,3.67,
2018-11-25 14:15:00,3.1,
2018-11-25 14:30:00,2.95,
2018-11-25 14:45:00,3.06,
2018-11-25 15:00:00,2.99,
2018-11-25 15:15:00,2.99,
2018-11-25 15:30:00,2.95,
2018-11-25 15:45:00,2.95,
2018-11-25 16:00:00,2.95,
2018-11-25 16:15:00,3.35,
2018-11-25 16:30:00,3.56,
2018-11-25 16:45:00,3.6,
2018-11-25 17:00:00,3.42,
2018-11-25 17:15:00,2.95,
2018-11-25 17:30:00,2.92,
2018-11-25 17:45:00,2.99,
2018-11-25 18:00:00,3.17,
2018-11-25 18:15:00,3.46,
2018-11-25 18:30:00,3.02,
2018-11-25 18:45:00,3.02,
2018-11-25 19:00:00,2.99,
2018-11-25 19:15:00,3.02,
2018-11-25 19:30:00,2.99,
2018-11-25 19:45:00,3.02,
2018-11-25 20:00:00,3.1,
2018-11-25 20:15:00,3.6,
2018-11-25 20:30:00,3.6,
2018-11-25 20:45:00,3.6,
2018-11-25 21:00:00,3.38,
2018-11-25 21:15:00,2.99,
2018-11-25 21:30:00,2.95,
2018-11-25 21:45:00,2.92,
2018-11-25 22:00:00,3.13,
2018-11-25 22:15:00,3.46,
2018-11-25 22:30:00,2.92,
2018-11-25 22:45:00,2.74,
2018-11-25 23:00:00,2.77,
2018-11-25 23:15:00,2.84,
2018-11-25 23:30:00,2.88,
2018-11-25 23:45:00,2.88,
2018-11-26 00:00:00,4.68,
2018-11-26 00:15:00,3.2,
2018-11-26 00:30:00,3.53,
2018-11-26 00:45:00,3.46,
2018-11-26 01:00:00,3.49,
2018-11-26 01:15:00,2.92,
2018-11-26 01:30:00,2.92,
2018-11-26 01:45:00,3.06,
2018-11-26 02:00:00,3.56,
2018-11-26 02:15:00,3.13,
2018-11-26 02:30:00,2.92,
2018-11-26 02:45:00,2.92,
2018-11-26 03:00:00,2.88,
2018-11-26 03:15:00,2.95,
2018-11-26 03:30:00,2.95,
2018-11-26 03:45:00,3.31,
2018-11-26 04:00:00,3.49,
2018-11-26 04:15:00,3.46,
2018-11-26 04:30:00,3.24,
2018-11-26 04:45:00,2.88,
2018-11-26 05:00:00,2.95,
2018-11-26 05:15:00,2.84,
2018-11-26 05:30:00,2.88,
2018-11-26 05:45:00,2.84,
2018-11-26 06:00:00,3.17,
2018-11-26 06:15:00,3.38,
2018-11-26 06:30:00,2.88,
2018-11-26 06:45:00,2.88,
2018-11-26 07:00:00,2.99,
2018-11-26 07:15:00,3.35,
2018-11-26 07:30:00,3.53,
2018-11-26 07:45:00,5.22,
2018-11-26 08:00:00,5.58,
2018-11-26 08:15:00,45.36,
2018-11-26 08:30:00,88.92,
2018-11-26 08:45:00,88.99,
2018-11-26 09:00:00,90.61,
2018-11-26 09:15:00,93.31,
2018-11-26 09:30:00,92.2,
2018-11-26 09:45:00,94.43,
2018-11-26 10:00:00,85.43,
2018-11-26 10:15:00,64.55,
2018-11-26 10:30:00,70.06,
2018-11-26 10:45:00,73.12,
2018-11-26 11:00:00,80.75,
2018-11-26 11:15:00,82.66,
2018-11-26 11:30:00,79.13,
2018-11-26 11:45:00,84.74,
2018-11-26 12:00:00,61.34,
2018-11-26 12:15:00,7.24,
2018-11-26 12:30:00,6.84,
2018-11-26 12:45:00,6.3,
2018-11-26 13:00:00,6.01,
2018-11-26 13:15:00,56.52,
2018-11-26 13:30:00,93.17,
2018-11-26 13:45:00,82.58,
2018-11-26 14:00:00,90.65,
2018-11-26 14:15:00,77.51,
2018-11-26 14:30:00,88.63,
2018-11-26 14:45:00,69.05,
2018-11-26 15:00:00,71.6,
2018-11-26 15:15:00,67.97,
2018-11-26 15:30:00,64.51,
2018-11-26 15:45:00,70.96,
2018-11-26 16:00:00,65.34,
2018-11-26 16:15:00,64.22,
2018-11-26 16:30:00,61.45,
2018-11-26 16:45:00,51.52,
2018-11-26 17:00:00,65.34,
2018-11-26 17:15:00,74.05,
2018-11-26 17:30:00,50.65,
2018-11-26 17:45:00,32.58,
2018-11-26 18:00:00,32.72,
2018-11-26 18:15:00,43.16,
2018-11-26 18:30:00,61.88,
2018-11-26 18:45:00,71.03,
2018-11-26 19:00:00,58.43,
2018-11-26 19:15:00,59.33,
2018-11-26 19:30:00,60.05,
2018-11-26 19:45:00,66.17,
2018-11-26 20:00:00,78.98,
2018-11-26 20:15:00,58.18,
2018-11-26 20:30:00,51.77,
2018-11-26 20:45:00,43.6,
2018-11-26 21:00:00,40.64,
2018-11-26 21:15:00,16.09,
2018-11-26 21:30:00,6.23,
2018-11-26 21:45:00,5.26,
2018-11-26 22:00:00,5.11,
2018-11-26 22:15:00,4.79,
2018-11-26 22:30:00,4.72,
2018-11-26 22:45:00,4.75,
2018-11-26 23:00:00,4.72,
2018-11-26 23:15:00,4.82,
2018-11-26 23:30:00,4.64,
2018-11-26 23:45:00,4.64,
2018-11-27 00:00:00,23.65,
2018-11-27 00:15:00,4.72,
2018-11-27 00:30:00,4.79,
2018-11-27 00:45:00,4.72,
2018-11-27 01:00:00,4.75,
2018-11-27 01:15:00,5.62,
2018-11-27 01:30:00,5.94,
2018-11-27 01:45:00,4.72,
2018-11-27 02:00:00,4.68,
2018-11-27 02:15:00,4.72,
2018-11-27 02:30:00,4.72,
2018-11-27 02:45:00,4.72,
2018-11-27 03:00:00,4.72,
2018-11-27 03:15:00,4.18,
2018-11-27 03:30:00,3.71,
2018-11-27 03:45:00,3.71,
2018-11-27 04:00:00,3.74,
2018-11-27 04:15:00,3.78,
2018-11-27 04:30:00,3.74,
2018-11-27 04:45:00,3.71,
2018-11-27 05:00:00,3.71,
2018-11-27 05:15:00,3.74,
2018-11-27 05:30:00,3.78,
2018-11-27 05:45:00,3.92,
2018-11-27 06:00:00,5.9,
2018-11-27 06:15:00,5.62,
2018-11-27 06:30:00,4.64,
2018-11-27 06:45:00,3.82,
2018-11-27 07:00:00,3.71,
2018-11-27 07:15:00,3.71,
2018-11-27 07:30:00,3.78,
2018-11-27 07:45:00,5.11,
2018-11-27 08:00:00,6.88,
2018-11-27 08:15:00,49.61,
2018-11-27 08:30:00,72.36,
2018-11-27 08:45:00,73.62,
2018-11-27 09:00:00,111.64,
2018-11-27 09:15:00,81.54,
2018-11-27 09:30:00,103.1,
2018-11-27 09:45:00,126.43,
2018-11-27 10:00:00,104.44,
2018-11-27 10:15:00,129.2,
2018-11-27 10:30:00,131.8,
2018-11-27 10:45:00,133.42,
2018-11-27 11:00:00,151.67,
2018-11-27 11:15:00,126.11,
2018-11-27 11:30:00,145.01,
2018-11-27 11:45:00,123.8,
2018-11-27 12:00:00,108.61,
2018-11-27 12:15:00,7.81,
2018-11-27 12:30:00,5.51,
2018-11-27 12:45:00,5.76,
2018-11-27 13:00:00,6.34,
2018-11-27 13:15:00,71.06,
2018-11-27 13:30:00,121.25,
2018-11-27 13:45:00,132.59,
2018-11-27 14:00:00,126.68,
2018-11-27 14:15:00,93.46,
2018-11-27 14:30:00,77.36,
2018-11-27 14:45:00,76.72,
2018-11-27 15:00:00,107.42,
2018-11-27 15:15:00,81.58,
2018-11-27 15:30:00,79.38,
2018-11-27 15:45:00,57.85,
2018-11-27 16:00:00,59.08,
2018-11-27 16:15:00,59.26,
2018-11-27 16:30:00,53.46,
2018-11-27 16:45:00,59.4,
2018-11-27 17:00:00,47.48,
2018-11-27 17:15:00,62.78,
2018-11-27 17:30:00,50.15,
2018-11-27 17:45:00,34.13,
2018-11-27 18:00:00,31.93,
2018-11-27 18:15:00,36.76,
2018-11-27 18:30:00,56.84,
2018-11-27 18:45:00,48.17,
2018-11-27 19:00:00,61.16,
2018-11-27 19:15:00,41.98,
2018-11-27 19:30:00,43.38,
2018-11-27 19:45:00,47.48,
2018-11-27 20:00:00,48.46,
2018-11-27 20:15:00,49.61,
2018-11-27 20:30:00,49.21,
2018-11-27 20:45:00,35.5,
2018-11-27 21:00:00,29.99,
2018-11-27 21:15:00,25.96,
2018-11-27 21:30:00,25.02,
2018-11-27 21:45:00,25.13,
2018-11-27 22:00:00,25.2,
2018-11-27 22:15:00,24.88,
2018-11-27 22:30:00,24.77,
2018-11-27 22:45:00,24.88,
2018-11-27 23:00:00,23.65,
2018-11-27 23:15:00,23.62,
2018-11-27 23:30:00,23.58,
2018-11-27 23:45:00,23.54,
2018-11-28 00:00:00,3.92,
2018-11-28 00:15:00,23.51,
2018-11-28 00:30:00,23.65,
2018-11-28 00:45:00,23.65,
2018-11-28 01:00:00,23.65,
2018-11-28 01:15:00,23.58,
2018-11-28 01:30:00,23.65,
2018-11-28 01:45:00,23.62,
2018-11-28 02:00:00,23.65,
2018-11-28 02:15:00,23.58,
2018-11-28 02:30:00,23.65,
2018-11-28 02:45:00,24.66,
2018-11-28 03:00:00,24.12,
2018-11-28 03:15:00,22.46,
2018-11-28 03:30:00,22.39,
2018-11-28 03:45:00,22.54,
2018-11-28 04:00:00,22.46,
2018-11-28 04:15:00,22.54,
2018-11-28 04:30:00,22.5,
2018-11-28 04:45:00,22.46,
2018-11-28 05:00:00,22.46,
2018-11-28 05:15:00,22.46,
2018-11-28 05:30:00,22.54,
2018-11-28 05:45:00,22.5,
2018-11-28 06:00:00,23.62,
2018-11-28 06:15:00,23.87,
2018-11-28 06:30:00,24.55,
2018-11-28 06:45:00,23.11,
2018-11-28 07:00:00,22.5,
2018-11-28 07:15:00,22.46,
2018-11-28 07:30:00,22.93,
2018-11-28 07:45:00,24.62,
2018-11-28 08:00:00,25.09,
2018-11-28 08:15:00,54.18,
2018-11-28 08:30:00,52.27,
2018-11-28 08:45:00,51.88,
2018-11-28 09:00:00,54.43,
2018-11-28 09:15:00,58.72,
2018-11-28 09:30:00,52.78,
2018-11-28 09:45:00,58.97,
2018-11-28 10:00:00,51.16,
2018-11-28 10:15:00,50.0,
2018-11-28 10:30:00,48.56,
2018-11-28 10:45:00,66.2,
2018-11-28 11:00:00,62.1,
2018-11-28 11:15:00,51.98,
2018-11-28 11:30:00,53.89,
2018-11-28 11:45:00,63.94,
2018-11-28 12:00:00,51.77,
2018-11-28 12:15:00,8.5,
2018-11-28 12:30:00,6.98,
2018-11-28 12:45:00,7.42,
2018-11-28 13:00:00,8.28,
2018-11-28 13:15:00,60.88,
2018-11-28 13:30:00,71.89,
2018-11-28 13:45:00,79.24,
2018-11-28 14:00:00,58.39,
2018-11-28 14:15:00,84.46,
2018-11-28 14:30:00,62.39,
2018-11-28 14:45:00,92.81,
2018-11-28 15:00:00,98.53,
2018-11-28 15:15:00,105.91,
2018-11-28 15:30:00,96.91,
2018-11-28 15:45:00,65.66,
2018-11-28 16:00:00,73.44,
2018-11-28 16:15:00,100.84,
2018-11-28 16:30:00,97.63,
2018-11-28 16:45:00,83.3,
2018-11-28 17:00:00,111.78,
2018-11-28 17:15:00,83.74,
2018-11-28 17:30:00,90.11,
2018-11-28 17:45:00,37.91,
2018-11-28 18:00:00,31.68,
2018-11-28 18:15:00,35.17,
2018-11-28 18:30:00,60.73,
2018-11-28 18:45:00,50.44,
2018-11-28 19:00:00,62.21,
2018-11-28 19:15:00,50.65,
2018-11-28 19:30:00,54.07,
2018-11-28 19:45:00,40.86,
2018-11-28 20:00:00,50.8,
2018-11-28 20:15:00,49.82,
2018-11-28 20:30:00,41.44,
2018-11-28 20:45:00,20.45,
2018-11-28 21:00:00,8.86,
2018-11-28 21:15:00,6.34,
2018-11-28 21:30:00,5.54,
2018-11-28 21:45:00,5.54,
2018-11-28 22:00:00,5.54,
2018-11-28 22:15:00,5.18,
2018-11-28 22:30:00,5.22,
2018-11-28 22:45:00,5.15,
2018-11-28 23:00:00,5.11,
2018-11-28 23:15:00,5.11,
2018-11-28 23:30:00,4.61,
2018-11-28 23:45:00,3.92,
2018-11-29 00:00:00,4.07,
2018-11-29 00:15:00,3.89,
2018-11-29 00:30:00,4.03,
2018-11-29 00:45:00,4.0,
2018-11-29 01:00:00,4.0,
2018-11-29 01:15:00,4.0,
2018-11-29 01:30:00,4.0,
2018-11-29 01:45:00,4.1,
2018-11-29 02:00:00,4.0,
2018-11-29 02:15:00,3.96,
2018-11-29 02:30:00,4.03,
2018-11-29 02:45:00,4.03,
2018-11-29 03:00:00,4.79,
2018-11-29 03:15:00,5.15,
2018-11-29 03:30:00,4.18,
2018-11-29 03:45:00,4.0,
2018-11-29 04:00:00,4.0,
2018-11-29 04:15:00,4.07,
2018-11-29 04:30:00,3.71,
2018-11-29 04:45:00,3.35,
2018-11-29 05:00:00,3.35,
2018-11-29 05:15:00,3.38,
2018-11-29 05:30:00,3.46,
2018-11-29 05:45:00,3.38,
2018-11-29 06:00:00,3.38,
2018-11-29 06:15:00,3.35,
2018-11-29 06:30:00,3.31,
2018-11-29 06:45:00,3.71,
2018-11-29 07:00:00,4.68,
2018-11-29 07:15:00,3.89,
2018-11-29 07:30:00,4.25,
2018-11-29 07:45:00,5.62,
2018-11-29 08:00:00,5.69,
2018-11-29 08:15:00,41.58,
2018-11-29 08:30:00,73.98,
2018-11-29 08:45:00,88.06,
2018-11-29 09:00:00,100.58,
2018-11-29 09:15:00,82.08,
2018-11-29 09:30:00,102.82,
2018-11-29 09:45:00,128.41,
2018-11-29 10:00:00,104.26,
2018-11-29 10:15:00,104.9,
2018-11-29 10:30:00,116.71,
2018-11-29 10:45:00,93.02,
2018-11-29 11:00:00,56.05,
2018-11-29 11:15:00,55.55,
2018-11-29 11:30:00,57.35,
2018-11-29 11:45:00,64.58,
2018-11-29 12:00:00,46.01,
2018-11-29 12:15:00,9.36,
2018-11-29 12:30:00,6.84,
2018-11-29 12:45:00,6.19,
2018-11-29 13:00:00,6.34,
2018-11-29 13:15:00,40.21,
2018-11-29 13:30:00,62.24,
2018-11-29 13:45:00,77.36,
2018-11-29 14:00:00,64.76,
2018-11-29 14:15:00,57.28,
2018-11-29 14:30:00,50.54,
2018-11-29 14:45:00,59.51,
2018-11-29 15:00:00,57.46,
2018-11-29 15:15:00,59.69,
2018-11-29 15:30:00,57.67,
2018-11-29 15:45:00,66.2,
2018-11-29 16:00:00,63.5,
2018-11-29 16:15:00,50.36,
2018-11-29 16:30:00,70.24,
2018-11-29 16:45:00,59.22,
2018-11-29 17:00:00,56.88,
2018-11-29 17:15:00,59.8,
2018-11-29 17:30:00,51.7,
2018-11-29 17:45:00,33.59,
2018-11-29 18:00:00,33.05,
2018-11-29 18:15:00,43.99,
2018-11-29 18:30:00,46.91,
2018-11-29 18:45:00,59.83,
2018-11-29 19:00:00,51.88,
2018-11-29 19:15:00,39.89,
2018-11-29 19:30:00,39.49,
2018-11-29 19:45:00,63.5,
2018-11-29 20:00:00,40.57,
2018-11-29 20:15:00,39.82,
2018-11-29 20:30:00,54.07,
2018-11-29 20:45:00,33.41,
2018-11-29 21:00:00,27.68,
2018-11-29 21:15:00,5.72,
2018-11-29 21:30:00,5.69,
2018-11-29 21:45:00,5.65,
2018-11-29 22:00:00,4.61,
2018-11-29 22:15:00,4.21,
2018-11-29 22:30:00,4.14,
2018-11-29 22:45:00,4.18,
2018-11-29 23:00:00,4.03,
2018-11-29 23:15:00,4.03,
2018-11-29 23:30:00,3.96,
2018-11-29 23:45:00,4.0,
2018-11-30 00:00:00,3.96,
2018-11-30 00:15:00,4.07,
2018-11-30 00:30:00,4.0,
2018-11-30 00:45:00,4.0,
2018-11-30 01:00:00,4.0,
2018-11-30 01:15:00,4.97,
2018-11-30 01:30:00,5.18,
2018-11-30 01:45:00,4.0,
2018-11-30 02:00:00,4.0,
2018-11-30 02:15:00,4.1,
2018-11-30 02:30:00,4.1,
2018-11-30 02:45:00,4.07,
2018-11-30 03:00:00,3.85,
2018-11-30 03:15:00,3.46,
2018-11-30 03:30:00,3.42,
2018-11-30 03:45:00,3.46,
2018-11-30 04:00:00,3.42,
2018-11-30 04:15:00,3.42,
2018-11-30 04:30:00,3.46,
2018-11-30 04:45:00,3.46,
2018-11-30 05:00:00,3.46,
2018-11-30 05:15:00,3.46,
2018-11-30 05:30:00,3.92,
2018-11-30 05:45:00,4.93,
2018-11-30 06:00:00,5.11,
2018-11-30 06:15:00,3.67,
2018-11-30 06:30:00,3.42,
2018-11-30 06:45:00,3.31,
2018-11-30 07:00:00,3.35,
2018-11-30 07:15:00,3.28,
2018-11-30 07:30:00,3.74,
2018-11-30 07:45:00,5.22,
2018-11-30 08:00:00,5.33,
2018-11-30 08:15:00,35.57,
2018-11-30 08:30:00,62.71,
2018-11-30 08:45:00,63.18,
2018-11-30 09:00:00,68.11,
2018-11-30 09:15:00,51.48,
2018-11-30 09:30:00,57.67,
2018-11-30 09:45:00,59.26,
2018-11-30 10:00:00,63.22,
2018-11-30 10:15:00,49.21,
2018-11-30 10:30:00,60.34,
2018-11-30 10:45:00,73.26,
2018-11-30 11:00:00,60.34,
2018-11-30 11:15:00,69.62,
2018-11-30 11:30:00,54.18,
2018-11-30 11:45:00,49.32,
2018-11-30 12:00:00,61.06,
2018-11-30 12:15:00,5.65,
2018-11-30 12:30:00,6.34,
2018-11-30 12:45:00,6.48,
2018-11-30 13:00:00,6.41,
2018-11-30 13:15:00,41.76,
2018-11-30 13:30:00,62.96,
2018-11-30 13:45:00,50.72,
2018-11-30 14:00:00,48.24,
2018-11-30 14:15:00,50.29,
2018-11-30 14:30:00,51.77,
2018-11-30 14:45:00,52.96,
2018-11-30 15:00:00,44.71,
2018-11-30 15:15:00,51.19,
2018-11-30 15:30:00,42.77,
2018-11-30 15:45:00,41.72,
2018-11-30 16:00:00,45.72,
2018-11-30 16:15:00,67.68,
2018-11-30 16:30:00,44.75,
2018-11-30 16:45:00,48.28,
2018-11-30 17:00:00,66.13,
2018-11-30 17:15:00,44.42,
2018-11-30 17:30:00,49.43,
2018-11-30 17:45:00,28.8,
2018-11-30 18:00:00,28.66,
2018-11-30 18:15:00,42.84,
2018-11-30 18:30:00,50.54,
2018-11-30 18:45:00,45.61,
2018-11-30 19:00:00,63.11,
2018-11-30 19:15:00,44.96,
2018-11-30 19:30:00,66.46,
2018-11-30 19:45:00,45.61,
2018-11-30 20:00:00,38.09,
2018-11-30 20:15:00,54.79,
2018-11-30 20:30:00,52.63,
2018-11-30 20:45:00,37.91,
2018-11-30 21:00:00,9.14,
2018-11-30 21:15:00,5.69,
2018-11-30 21:30:00,5.58,
2018-11-30 21:45:00,5.47,
2018-11-30 22:00:00,5.44,
2018-11-30 22:15:00,5.22,
2018-11-30 22:30:00,5.18,
2018-11-30 22:45:00,5.11,
2018-11-30 23:00:00,3.92,
2018-11-30 23:15:00,3.92,
2018-11-30 23:30:00,3.89,
2018-11-30 23:45:00,3.82,
2018-12-01 00:00:00,3.35,
2018-12-01 00:15:00,3.89,
2018-12-01 00:30:00,3.85,
2018-12-01 00:45:00,3.89,
2018-12-01 01:00:00,3.89,
2018-12-01 01:15:00,4.03,
2018-12-01 01:30:00,3.89,
2018-12-01 01:45:00,3.92,
2018-12-01 02:00:00,3.92,
2018-12-01 02:15:00,3.96,
2018-12-01 02:30:00,4.03,
2018-12-01 02:45:00,4.14,
2018-12-01 03:00:00,5.08,
2018-12-01 03:15:00,4.72,
2018-12-01 03:30:00,3.96,
2018-12-01 03:45:00,3.92,
2018-12-01 04:00:00,3.35,
2018-12-01 04:15:00,3.28,
2018-12-01 04:30:00,3.35,
2018-12-01 04:45:00,3.24,
2018-12-01 05:00:00,3.31,
2018-12-01 05:15:00,3.31,
2018-12-01 05:30:00,3.28,
2018-12-01 05:45:00,3.28,
2018-12-01 06:00:00,3.2,
2018-12-01 06:15:00,3.46,
2018-12-01 06:30:00,4.03,
2018-12-01 06:45:00,3.89,
2018-12-01 07:00:00,3.89,
2018-12-01 07:15:00,4.46,
2018-12-01 07:30:00,3.67,
2018-12-01 07:45:00,3.46,
2018-12-01 08:00:00,3.46,
2018-12-01 08:15:00,3.71,
2018-12-01 08:30:00,4.72,
2018-12-01 08:45:00,4.46,
2018-12-01 09:00:00,5.22,
2018-12-01 09:15:00,28.58,
2018-12-01 09:30:00,30.56,
2018-12-01 09:45:00,28.08,
2018-12-01 10:00:00,28.58,
2018-12-01 10:15:00,28.73,
2018-12-01 10:30:00,29.56,
2018-12-01 10:45:00,30.06,
2018-12-01 11:00:00,29.2,
2018-12-01 11:15:00,27.94,
2018-12-01 11:30:00,27.94,
2018-12-01 11:45:00,25.63,
2018-12-01 12:00:00,3.64,
2018-12-01 12:15:00,3.85,
2018-12-01 12:30:00,3.71,
2018-12-01 12:45:00,3.74,
2018-12-01 13:00:00,3.71,
2018-12-01 13:15:00,11.3,
2018-12-01 13:30:00,27.29,
2018-12-01 13:45:00,26.86,
2018-12-01 14:00:00,25.31,
2018-12-01 14:15:00,26.21,
2018-12-01 14:30:00,26.28,
2018-12-01 14:45:00,18.68,
2018-12-01 15:00:00,5.18,
2018-12-01 15:15:00,5.08,
2018-12-01 15:30:00,4.75,
2018-12-01 15:45:00,4.75,
2018-12-01 16:00:00,4.72,
2018-12-01 16:15:00,4.64,
2018-12-01 16:30:00,4.72,
2018-12-01 16:45:00,4.68,
2018-12-01 17:00:00,4.64,
2018-12-01 17:15:00,4.79,
2018-12-01 17:30:00,4.75,
2018-12-01 17:45:00,4.72,
2018-12-01 18:00:00,4.68,
2018-12-01 18:15:00,5.76,
2018-12-01 18:30:00,5.4,
2018-12-01 18:45:00,4.79,
2018-12-01 19:00:00,4.79,
2018-12-01 19:15:00,4.79,
2018-12-01 19:30:00,4.79,
2018-12-01 19:45:00,4.9,
2018-12-01 20:00:00,4.75,
2018-12-01 20:15:00,4.79,
2018-12-01 20:30:00,4.75,
2018-12-01 20:45:00,4.82,
2018-12-01 21:00:00,4.82,
2018-12-01 21:15:00,4.75,
2018-12-01 21:30:00,4.79,
2018-12-01 21:45:00,4.79,
2018-12-01 22:00:00,4.9,
2018-12-01 22:15:00,5.76,
2018-12-01 22:30:00,4.61,
2018-12-01 22:45:00,3.42,
2018-12-01 23:00:00,3.42,
2018-12-01 23:15:00,3.28,
2018-12-01 23:30:00,3.38,
2018-12-01 23:45:00,3.31,
2018-12-02 00:00:00,4.36,
2018-12-02 00:15:00,3.35,
2018-12-02 00:30:00,3.35,
2018-12-02 00:45:00,3.38,
2018-12-02 01:00:00,3.89,
2018-12-02 01:15:00,4.46,
2018-12-02 01:30:00,4.43,
2018-12-02 01:45:00,4.14,
2018-12-02 02:00:00,3.46,
2018-12-02 02:15:00,3.38,
2018-12-02 02:30:00,3.38,
2018-12-02 02:45:00,3.38,
2018-12-02 03:00:00,4.32,
2018-12-02 03:15:00,4.64,
2018-12-02 03:30:00,3.82,
2018-12-02 03:45:00,3.46,
2018-12-02 04:00:00,3.42,
2018-12-02 04:15:00,3.46,
2018-12-02 04:30:00,4.32,
2018-12-02 04:45:00,4.5,
2018-12-02 05:00:00,4.54,
2018-12-02 05:15:00,4.39,
2018-12-02 05:30:00,3.35,
2018-12-02 05:45:00,3.46,
2018-12-02 06:00:00,3.35,
2018-12-02 06:15:00,3.42,
2018-12-02 06:30:00,3.42,
2018-12-02 06:45:00,3.38,
2018-12-02 07:00:00,3.46,
2018-12-02 07:15:00,3.38,
2018-12-02 07:30:00,3.46,
2018-12-02 07:45:00,3.46,
2018-12-02 08:00:00,3.49,
2018-12-02 08:15:00,4.57,
2018-12-02 08:30:00,4.54,
2018-12-02 08:45:00,5.54,
2018-12-02 09:00:00,4.75,
2018-12-02 09:15:00,3.74,
2018-12-02 09:30:00,3.71,
2018-12-02 09:45:00,3.6,
2018-12-02 10:00:00,3.56,
2018-12-02 10:15:00,3.6,
2018-12-02 10:30:00,3.64,
2018-12-02 10:45:00,3.64,
2018-12-02 11:00:00,3.64,
2018-12-02 11:15:00,3.64,
2018-12-02 11:30:00,3.56,
2018-12-02 11:45:00,3.64,
2018-12-02 12:00:00,4.03,
2018-12-02 12:15:00,4.86,
2018-12-02 12:30:00,4.75,
2018-12-02 12:45:00,5.36,
2018-12-02 13:00:00,4.9,
2018-12-02 13:15:00,3.78,
2018-12-02 13:30:00,3.64,
2018-12-02 13:45:00,3.6,
2018-12-02 14:00:00,3.6,
2018-12-02 14:15:00,3.6,
2018-12-02 14:30:00,3.56,
2018-12-02 14:45:00,3.56,
2018-12-02 15:00:00,3.64,
2018-12-02 15:15:00,3.6,
2018-12-02 15:30:00,3.56,
2018-12-02 15:45:00,3.85,
2018-12-02 16:00:00,4.68,
2018-12-02 16:15:00,4.72,
2018-12-02 16:30:00,4.72,
2018-12-02 16:45:00,3.89,
2018-12-02 17:00:00,3.53,
2018-12-02 17:15:00,3.6,
2018-12-02 17:30:00,3.6,
2018-12-02 17:45:00,3.74,
2018-12-02 18:00:00,4.72,
2018-12-02 18:15:00,3.89,
2018-12-02 18:30:00,3.53,
2018-12-02 18:45:00,3.53,
2018-12-02 19:00:00,3.56,
2018-12-02 19:15:00,3.67,
2018-12-02 19:30:00,3.56,
2018-12-02 19:45:00,4.39,
2018-12-02 20:00:00,4.72,
2018-12-02 20:15:00,4.68,
2018-12-02 20:30:00,4.75,
2018-12-02 20:45:00,3.71,
2018-12-02 21:00:00,3.53,
2018-12-02 21:15:00,3.6,
2018-12-02 21:30:00,3.6,
2018-12-02 21:45:00,3.6,
2018-12-02 22:00:00,3.56,
2018-12-02 22:15:00,4.07,
2018-12-02 22:30:00,4.32,
2018-12-02 22:45:00,3.35,
2018-12-02 23:00:00,3.31,
2018-12-02 23:15:00,3.31,
2018-12-02 23:30:00,3.28,
2018-12-02 23:45:00,3.35,
2018-12-03 00:00:00,4.57,
2018-12-03 00:15:00,4.43,
2018-12-03 00:30:00,4.36,
2018-12-03 00:45:00,4.21,
2018-12-03 01:00:00,3.35,
2018-12-03 01:15:00,3.38,
2018-12-03 01:30:00,3.35,
2018-12-03 01:45:00,3.42,
2018-12-03 02:00:00,3.49,
2018-12-03 02:15:00,3.42,
2018-12-03 02:30:00,3.38,
2018-12-03 02:45:00,4.36,
2018-12-03 03:00:00,4.14,
2018-12-03 03:15:00,3.42,
2018-12-03 03:30:00,3.38,
2018-12-03 03:45:00,3.35,
2018-12-03 04:00:00,3.35,
2018-12-03 04:15:00,4.1,
2018-12-03 04:30:00,4.43,
2018-12-03 04:45:00,4.5,
2018-12-03 05:00:00,3.78,
2018-12-03 05:15:00,3.31,
2018-12-03 05:30:00,3.38,
2018-12-03 05:45:00,3.31,
2018-12-03 06:00:00,3.31,
2018-12-03 06:15:00,3.35,
2018-12-03 06:30:00,3.31,
2018-12-03 06:45:00,3.24,
2018-12-03 07:00:00,3.24,
2018-12-03 07:15:00,4.21,
2018-12-03 07:30:00,5.76,
2018-12-03 07:45:00,5.98,
2018-12-03 08:00:00,5.58,
2018-12-03 08:15:00,34.99,
2018-12-03 08:30:00,56.84,
2018-12-03 08:45:00,61.06,
2018-12-03 09:00:00,57.89,
2018-12-03 09:15:00,70.49,
2018-12-03 09:30:00,50.11,
2018-12-03 09:45:00,66.38,
2018-12-03 10:00:00,56.88,
2018-12-03 10:15:00,47.09,
2018-12-03 10:30:00,55.8,
2018-12-03 10:45:00,66.89,
2018-12-03 11:00:00,62.89,
2018-12-03 11:15:00,63.79,
2018-12-03 11:30:00,58.1,
2018-12-03 11:45:00,54.5,
2018-12-03 12:00:00,35.35,
2018-12-03 12:15:00,6.34,
2018-12-03 12:30:00,5.76,
2018-12-03 12:45:00,6.3,
2018-12-03 13:00:00,6.19,
2018-12-03 13:15:00,35.35,
2018-12-03 13:30:00,51.95,
2018-12-03 13:45:00,48.46,
2018-12-03 14:00:00,65.02,
2018-12-03 14:15:00,69.91,
2018-12-03 14:30:00,55.12,
2018-12-03 14:45:00,56.84,
2018-12-03 15:00:00,54.22,
2018-12-03 15:15:00,49.97,
2018-12-03 15:30:00,48.17,
2018-12-03 15:45:00,49.86,
2018-12-03 16:00:00,58.75,
2018-12-03 16:15:00,65.7,
2018-12-03 16:30:00,51.88,
2018-12-03 16:45:00,57.2,
2018-12-03 17:00:00,76.03,
2018-12-03 17:15:00,72.18,
2018-12-03 17:30:00,61.42,
2018-12-03 17:45:00,36.61,
2018-12-03 18:00:00,29.56,
2018-12-03 18:15:00,34.13,
2018-12-03 18:30:00,42.26,
2018-12-03 18:45:00,56.81,
2018-12-03 19:00:00,43.02,
2018-12-03 19:15:00,47.74,
2018-12-03 19:30:00,39.17,
2018-12-03 19:45:00,43.67,
2018-12-03 20:00:00,50.44,
2018-12-03 20:15:00,46.22,
2018-12-03 20:30:00,45.36,
2018-12-03 20:45:00,50.11,
2018-12-03 21:00:00,25.45,
2018-12-03 21:15:00,8.6,
2018-12-03 21:30:00,6.19,
2018-12-03 21:45:00,5.62,
2018-12-03 22:00:00,4.93,
2018-12-03 22:15:00,4.72,
2018-12-03 22:30:00,4.75,
2018-12-03 22:45:00,4.68,
2018-12-03 23:00:00,4.68,
2018-12-03 23:15:00,4.61,
2018-12-03 23:30:00,4.57,
2018-12-03 23:45:00,4.61,
2018-12-04 00:00:00,3.89,
2018-12-04 00:15:00,4.61,
2018-12-04 00:30:00,4.57,
2018-12-04 00:45:00,4.61,
2018-12-04 01:00:00,4.64,
2018-12-04 01:15:00,5.04,
2018-12-04 01:30:00,5.8,
2018-12-04 01:45:00,4.68,
2018-12-04 02:00:00,3.6,
2018-12-04 02:15:00,3.56,
2018-12-04 02:30:00,3.64,
2018-12-04 02:45:00,3.67,
2018-12-04 03:00:00,3.64,
2018-12-04 03:15:00,3.64,
2018-12-04 03:30:00,3.71,
2018-12-04 03:45:00,3.67,
2018-12-04 04:00:00,3.71,
2018-12-04 04:15:00,3.67,
2018-12-04 04:30:00,3.6,
2018-12-04 04:45:00,4.36,
2018-12-04 05:00:00,4.64,
2018-12-04 05:15:00,4.72,
2018-12-04 05:30:00,5.44,
2018-12-04 05:45:00,4.43,
2018-12-04 06:00:00,3.64,
2018-12-04 06:15:00,3.56,
2018-12-04 06:30:00,3.67,
2018-12-04 06:45:00,3.64,
2018-12-04 07:00:00,3.56,
2018-12-04 07:15:00,3.56,
2018-12-04 07:30:00,3.82,
2018-12-04 07:45:00,4.54,
2018-12-04 08:00:00,5.94,
2018-12-04 08:15:00,28.4,
2018-12-04 08:30:00,55.04,
2018-12-04 08:45:00,61.13,
2018-12-04 09:00:00,82.33,
2018-12-04 09:15:00,82.37,
2018-12-04 09:30:00,64.08,
2018-12-04 09:45:00,59.36,
2018-12-04 10:00:00,52.16,
2018-12-04 10:15:00,56.95,
2018-12-04 10:30:00,53.42,
2018-12-04 10:45:00,58.86,
2018-12-04 11:00:00,59.98,
2018-12-04 11:15:00,61.24,
2018-12-04 11:30:00,84.1,
2018-12-04 11:45:00,63.86,
2018-12-04 12:00:00,49.86,
2018-12-04 12:15:00,6.91,
2018-12-04 12:30:00,7.38,
2018-12-04 12:45:00,6.62,
2018-12-04 13:00:00,6.55,
2018-12-04 13:15:00,32.51,
2018-12-04 13:30:00,57.28,
2018-12-04 13:45:00,55.51,
2018-12-04 14:00:00,56.12,
2018-12-04 14:15:00,58.82,
2018-12-04 14:30:00,52.88,
2018-12-04 14:45:00,53.46,
2018-12-04 15:00:00,62.96,
2018-12-04 15:15:00,64.62,
2018-12-04 15:30:00,60.01,
2018-12-04 15:45:00,55.66,
2018-12-04 16:00:00,53.82,
2018-12-04 16:15:00,71.86,
2018-12-04 16:30:00,60.73,
2018-12-04 16:45:00,68.22,
2018-12-04 17:00:00,80.46,
2018-12-04 17:15:00,61.52,
2018-12-04 17:30:00,71.1,
2018-12-04 17:45:00,35.21,
2018-12-04 18:00:00,30.31,
2018-12-04 18:15:00,43.56,
2018-12-04 18:30:00,40.97,
2018-12-04 18:45:00,38.56,
2018-12-04 19:00:00,41.65,
2018-12-04 19:15:00,49.07,
2018-12-04 19:30:00,40.46,
2018-12-04 19:45:00,48.64,
2018-12-04 20:00:00,49.75,
2018-12-04 20:15:00,48.89,
2018-12-04 20:30:00,37.84,
2018-12-04 20:45:00,30.67,
2018-12-04 21:00:00,5.08,
2018-12-04 21:15:00,5.69,
2018-12-04 21:30:00,5.44,
2018-12-04 21:45:00,5.4,
2018-12-04 22:00:00,5.44,
2018-12-04 22:15:00,5.26,
2018-12-04 22:30:00,4.64,
2018-12-04 22:45:00,3.92,
2018-12-04 23:00:00,3.96,
2018-12-04 23:15:00,3.92,
2018-12-04 23:30:00,3.85,
2018-12-04 23:45:00,3.89,
2018-12-05 00:00:00,3.96,
2018-12-05 00:15:00,3.89,
2018-12-05 00:30:00,3.92,
2018-12-05 00:45:00,3.89,
2018-12-05 01:00:00,3.96,
2018-12-05 01:15:00,3.78,
2018-12-05 01:30:00,3.85,
2018-12-05 01:45:00,3.82,
2018-12-05 02:00:00,3.82,
2018-12-05 02:15:00,3.85,
2018-12-05 02:30:00,4.64,
2018-12-05 02:45:00,4.86,
2018-12-05 03:00:00,3.82,
2018-12-05 03:15:00,3.49,
2018-12-05 03:30:00,3.13,
2018-12-05 03:45:00,3.2,
2018-12-05 04:00:00,3.13,
2018-12-05 04:15:00,3.1,
2018-12-05 04:30:00,3.17,
2018-12-05 04:45:00,3.06,
2018-12-05 05:00:00,3.17,
2018-12-05 05:15:00,3.06,
2018-12-05 05:30:00,3.1,
2018-12-05 05:45:00,3.02,
2018-12-05 06:00:00,3.1,
2018-12-05 06:15:00,3.02,
2018-12-05 06:30:00,4.61,
2018-12-05 06:45:00,4.9,
2018-12-05 07:00:00,3.85,
2018-12-05 07:15:00,3.49,
2018-12-05 07:30:00,3.2,
2018-12-05 07:45:00,4.32,
2018-12-05 08:00:00,4.72,
2018-12-05 08:15:00,27.65,
2018-12-05 08:30:00,61.56,
2018-12-05 08:45:00,57.71,
2018-12-05 09:00:00,57.82,
2018-12-05 09:15:00,68.08,
2018-12-05 09:30:00,64.08,
2018-12-05 09:45:00,64.76,
2018-12-05 10:00:00,62.68,
2018-12-05 10:15:00,49.28,
2018-12-05 10:30:00,56.52,
2018-12-05 10:45:00,59.04,
2018-12-05 11:00:00,66.85,
2018-12-05 11:15:00,68.83,
2018-12-05 11:30:00,60.3,
2018-12-05 11:45:00,53.21,
2018-12-05 12:00:00,40.97,
2018-12-05 12:15:00,10.69,
2018-12-05 12:30:00,9.43,
2018-12-05 12:45:00,10.33,
2018-12-05 13:00:00,26.68,
2018-12-05 13:15:00,43.34,
2018-12-05 13:30:00,46.51,
2018-12-05 13:45:00,50.44,
2018-12-05 14:00:00,63.4,
2018-12-05 14:15:00,54.36,
2018-12-05 14:30:00,61.52,
2018-12-05 14:45:00,58.93,
2018-12-05 15:00:00,85.46,
2018-12-05 15:15:00,109.3,
2018-12-05 15:30:00,87.16,
2018-12-05 15:45:00,96.01,
2018-12-05 16:00:00,105.91,
2018-12-05 16:15:00,68.18,
2018-12-05 16:30:00,64.91,
2018-12-05 16:45:00,56.05,
2018-12-05 17:00:00,62.96,
2018-12-05 17:15:00,47.12,
2018-12-05 17:30:00,44.57,
2018-12-05 17:45:00,44.24,
2018-12-05 18:00:00,27.32,
2018-12-05 18:15:00,5.87,
2018-12-05 18:30:00,5.36,
2018-12-05 18:45:00,5.47,
2018-12-05 19:00:00,5.58,
2018-12-05 19:15:00,5.58,
2018-12-05 19:30:00,5.47,
2018-12-05 19:45:00,5.44,
2018-12-05 20:00:00,5.44,
2018-12-05 20:15:00,5.44,
2018-12-05 20:30:00,5.51,
2018-12-05 20:45:00,5.44,
2018-12-05 21:00:00,4.82,
2018-12-05 21:15:00,4.28,
2018-12-05 21:30:00,4.25,
2018-12-05 21:45:00,4.28,
2018-12-05 22:00:00,4.36,
2018-12-05 22:15:00,4.03,
2018-12-05 22:30:00,4.0,
2018-12-05 22:45:00,4.03,
2018-12-05 23:00:00,4.0,
2018-12-05 23:15:00,4.0,
2018-12-05 23:30:00,3.92,
2018-12-05 23:45:00,4.0,
2018-12-06 00:00:00,4.0,
2018-12-06 00:15:00,3.96,
2018-12-06 00:30:00,4.79,
2018-12-06 00:45:00,5.18,
2018-12-06 01:00:00,4.03,
2018-12-06 01:15:00,3.92,
2018-12-06 01:30:00,4.0,
2018-12-06 01:45:00,3.92,
2018-12-06 02:00:00,4.07,
2018-12-06 02:15:00,3.46,
2018-12-06 02:30:00,3.28,
2018-12-06 02:45:00,3.38,
2018-12-06 03:00:00,3.31,
2018-12-06 03:15:00,3.35,
2018-12-06 03:30:00,3.35,
2018-12-06 03:45:00,3.38,
2018-12-06 04:00:00,3.42,
2018-12-06 04:15:00,3.31,
2018-12-06 04:30:00,4.61,
2018-12-06 04:45:00,5.04,
2018-12-06 05:00:00,4.07,
2018-12-06 05:15:00,3.71,
2018-12-06 05:30:00,3.31,
2018-12-06 05:45:00,3.31,
2018-12-06 06:00:00,3.38,
2018-12-06 06:15:00,3.31,
2018-12-06 06:30:00,3.28,
2018-12-06 06:45:00,3.31,
2018-12-06 07:00:00,3.24,
2018-12-06 07:15:00,3.28,
2018-12-06 07:30:00,3.46,
2018-12-06 07:45:00,4.21,
2018-12-06 08:00:00,6.44,
2018-12-06 08:15:00,32.29,
2018-12-06 08:30:00,64.98,
2018-12-06 08:45:00,60.84,
2018-12-06 09:00:00,59.87,
2018-12-06 09:15:00,67.0,
2018-12-06 09:30:00,71.17,
2018-12-06 09:45:00,76.86,
2018-12-06 10:00:00,66.67,
2018-12-06 10:15:00,63.18,
2018-12-06 10:30:00,68.87,
2018-12-06 10:45:00,71.06,
2018-12-06 11:00:00,62.78,
2018-12-06 11:15:00,60.88,
2018-12-06 11:30:00,74.45,
2018-12-06 11:45:00,67.82,
2018-12-06 12:00:00,69.26,
2018-12-06 12:15:00,9.94,
2018-12-06 12:30:00,6.88,
2018-12-06 12:45:00,7.02,
2018-12-06 13:00:00,6.95,
2018-12-06 13:15:00,35.78,
2018-12-06 13:30:00,61.78,
2018-12-06 13:45:00,60.8,
2018-12-06 14:00:00,71.78,
2018-12-06 14:15:00,72.11,
2018-12-06 14:30:00,68.22,
2018-12-06 14:45:00,73.44,
2018-12-06 15:00:00,56.88,
2018-12-06 15:15:00,50.29,
2018-12-06 15:30:00,48.78,
2018-12-06 15:45:00,48.96,
2018-12-06 16:00:00,49.97,
2018-12-06 16:15:00,62.28,
2018-12-06 16:30:00,47.95,
2018-12-06 16:45:00,57.35,
2018-12-06 17:00:00,47.77,
2018-12-06 17:15:00,48.6,
2018-12-06 17:30:00,57.46,
2018-12-06 17:45:00,31.86,
2018-12-06 18:00:00,31.61,
2018-12-06 18:15:00,36.61,
2018-12-06 18:30:00,40.07,
2018-12-06 18:45:00,37.87,
2018-12-06 19:00:00,47.23,
2018-12-06 19:15:00,53.03,
2018-12-06 19:30:00,38.63,
2018-12-06 19:45:00,37.51,
2018-12-06 20:00:00,38.3,
2018-12-06 20:15:00,54.36,
2018-12-06 20:30:00,38.84,
2018-12-06 20:45:00,27.72,
2018-12-06 21:00:00,8.86,
2018-12-06 21:15:00,5.51,
2018-12-06 21:30:00,5.58,
2018-12-06 21:45:00,5.62,
2018-12-06 22:00:00,5.54,
2018-12-06 22:15:00,5.26,
2018-12-06 22:30:00,5.22,
2018-12-06 22:45:00,5.26,
2018-12-06 23:00:00,4.18,
2018-12-06 23:15:00,3.96,
2018-12-06 23:30:00,4.0,
2018-12-06 23:45:00,4.0,
2018-12-07 00:00:00,4.03,
2018-12-07 00:15:00,3.96,
2018-12-07 00:30:00,4.03,
2018-12-07 00:45:00,4.03,
2018-12-07 01:00:00,4.0,
2018-12-07 01:15:00,4.03,
2018-12-07 01:30:00,4.03,
2018-12-07 01:45:00,4.03,
2018-12-07 02:00:00,4.1,
2018-12-07 02:15:00,4.0,
2018-12-07 02:30:00,4.72,
2018-12-07 02:45:00,4.79,
2018-12-07 03:00:00,4.14,
2018-12-07 03:15:00,4.07,
2018-12-07 03:30:00,4.03,
2018-12-07 03:45:00,4.0,
2018-12-07 04:00:00,3.42,
2018-12-07 04:15:00,3.49,
2018-12-07 04:30:00,3.46,
2018-12-07 04:45:00,3.38,
2018-12-07 05:00:00,3.42,
2018-12-07 05:15:00,3.42,
2018-12-07 05:30:00,3.74,
2018-12-07 05:45:00,4.07,
2018-12-07 06:00:00,3.49,
2018-12-07 06:15:00,3.42,
2018-12-07 06:30:00,3.64,
2018-12-07 06:45:00,4.1,
2018-12-07 07:00:00,4.0,
2018-12-07 07:15:00,4.0,
2018-12-07 07:30:00,3.82,
2018-12-07 07:45:00,4.54,
2018-12-07 08:00:00,4.79,
2018-12-07 08:15:00,47.66,
2018-12-07 08:30:00,60.19,
2018-12-07 08:45:00,60.19,
2018-12-07 09:00:00,53.32,
2018-12-07 09:15:00,58.86,
2018-12-07 09:30:00,49.5,
2018-12-07 09:45:00,48.42,
2018-12-07 10:00:00,62.78,
2018-12-07 10:15:00,48.02,
2018-12-07 10:30:00,46.22,
2018-12-07 10:45:00,57.46,
2018-12-07 11:00:00,48.78,
2018-12-07 11:15:00,47.02,
2018-12-07 11:30:00,58.0,
2018-12-07 11:45:00,51.48,
2018-12-07 12:00:00,44.28,
2018-12-07 12:15:00,26.6,
2018-12-07 12:30:00,12.49,
2018-12-07 12:45:00,9.79,
2018-12-07 13:00:00,10.76,
2018-12-07 13:15:00,44.06,
2018-12-07 13:30:00,49.82,
2018-12-07 13:45:00,54.36,
2018-12-07 14:00:00,55.98,
2018-12-07 14:15:00,56.48,
2018-12-07 14:30:00,47.41,
2018-12-07 14:45:00,47.95,
2018-12-07 15:00:00,58.86,
2018-12-07 15:15:00,50.08,
2018-12-07 15:30:00,51.88,
2018-12-07 15:45:00,53.82,
2018-12-07 16:00:00,49.9,
2018-12-07 16:15:00,57.1,
2018-12-07 16:30:00,50.33,
2018-12-07 16:45:00,68.54,
2018-12-07 17:00:00,60.12,
2018-12-07 17:15:00,72.11,
2018-12-07 17:30:00,46.33,
2018-12-07 17:45:00,34.16,
2018-12-07 18:00:00,30.35,
2018-12-07 18:15:00,42.48,
2018-12-07 18:30:00,52.85,
2018-12-07 18:45:00,58.97,
2018-12-07 19:00:00,57.17,
2018-12-07 19:15:00,44.39,
2018-12-07 19:30:00,47.84,
2018-12-07 19:45:00,54.07,
2018-12-07 20:00:00,43.38,
2018-12-07 20:15:00,57.64,
2018-12-07 20:30:00,41.72,
2018-12-07 20:45:00,31.9,
2018-12-07 21:00:00,19.69,
2018-12-07 21:15:00,5.62,
2018-12-07 21:30:00,5.62,
2018-12-07 21:45:00,5.15,
2018-12-07 22:00:00,4.28,
2018-12-07 22:15:00,4.0,
2018-12-07 22:30:00,4.07,
2018-12-07 22:45:00,4.03,
2018-12-07 23:00:00,4.0,
2018-12-07 23:15:00,3.96,
2018-12-07 23:30:00,4.03,
2018-12-07 23:45:00,4.0,
2018-12-08 00:00:00,3.78,
2018-12-08 00:15:00,4.0,
2018-12-08 00:30:00,3.96,
2018-12-08 00:45:00,4.0,
2018-12-08 01:00:00,4.0,
2018-12-08 01:15:00,5.15,
2018-12-08 01:30:00,4.79,
2018-12-08 01:45:00,3.96,
2018-12-08 02:00:00,3.96,
2018-12-08 02:15:00,4.1,
2018-12-08 02:30:00,4.0,
2018-12-08 02:45:00,4.0,
2018-12-08 03:00:00,4.0,
2018-12-08 03:15:00,3.96,
2018-12-08 03:30:00,3.64,
2018-12-08 03:45:00,3.38,
2018-12-08 04:00:00,3.31,
2018-12-08 04:15:00,3.35,
2018-12-08 04:30:00,3.35,
2018-12-08 04:45:00,3.42,
2018-12-08 05:00:00,3.49,
2018-12-08 05:15:00,4.0,
2018-12-08 05:30:00,3.53,
2018-12-08 05:45:00,3.35,
2018-12-08 06:00:00,3.38,
2018-12-08 06:15:00,4.03,
2018-12-08 06:30:00,4.03,
2018-12-08 06:45:00,4.0,
2018-12-08 07:00:00,3.78,
2018-12-08 07:15:00,3.35,
2018-12-08 07:30:00,3.31,
2018-12-08 07:45:00,3.53,
2018-12-08 08:00:00,3.67,
2018-12-08 08:15:00,29.23,
2018-12-08 08:30:00,38.16,
2018-12-08 08:45:00,33.08,
2018-12-08 09:00:00,51.52,
2018-12-08 09:15:00,47.77,
2018-12-08 09:30:00,42.05,
2018-12-08 09:45:00,32.4,
2018-12-08 10:00:00,31.43,
2018-12-08 10:15:00,31.57,
2018-12-08 10:30:00,31.43,
2018-12-08 10:45:00,47.66,
2018-12-08 11:00:00,49.28,
2018-12-08 11:15:00,38.16,
2018-12-08 11:30:00,44.14,
2018-12-08 11:45:00,38.27,
2018-12-08 12:00:00,22.46,
2018-12-08 12:15:00,3.92,
2018-12-08 12:30:00,4.57,
2018-12-08 12:45:00,5.36,
2018-12-08 13:00:00,6.08,
2018-12-08 13:15:00,34.09,
2018-12-08 13:30:00,55.69,
2018-12-08 13:45:00,40.61,
2018-12-08 14:00:00,50.51,
2018-12-08 14:15:00,37.98,
2018-12-08 14:30:00,48.89,
2018-12-08 14:45:00,37.73,
2018-12-08 15:00:00,40.03,
2018-12-08 15:15:00,43.67,
2018-12-08 15:30:00,46.15,
2018-12-08 15:45:00,49.68,
2018-12-08 16:00:00,49.32,
2018-12-08 16:15:00,49.46,
2018-12-08 16:30:00,49.54,
2018-12-08 16:45:00,34.63,
2018-12-08 17:00:00,27.0,
2018-12-08 17:15:00,9.9,
2018-12-08 17:30:00,5.22,
2018-12-08 17:45:00,5.29,
2018-12-08 18:00:00,5.22,
2018-12-08 18:15:00,5.18,
2018-12-08 18:30:00,5.15,
2018-12-08 18:45:00,5.33,
2018-12-08 19:00:00,5.15,
2018-12-08 19:15:00,4.1,
2018-12-08 19:30:00,4.14,
2018-12-08 19:45:00,4.1,
2018-12-08 20:00:00,4.14,
2018-12-08 20:15:00,4.1,
2018-12-08 20:30:00,4.03,
2018-12-08 20:45:00,4.14,
2018-12-08 21:00:00,4.1,
2018-12-08 21:15:00,4.14,
2018-12-08 21:30:00,4.1,
2018-12-08 21:45:00,4.14,
2018-12-08 22:00:00,4.1,
2018-12-08 22:15:00,3.82,
2018-12-08 22:30:00,3.89,
2018-12-08 22:45:00,5.0,
2018-12-08 23:00:00,4.75,
2018-12-08 23:15:00,3.82,
2018-12-08 23:30:00,3.71,
2018-12-08 23:45:00,3.82,
2018-12-09 00:00:00,3.17,
2018-12-09 00:15:00,3.74,
2018-12-09 00:30:00,3.74,
2018-12-09 00:45:00,3.82,
2018-12-09 01:00:00,3.85,
2018-12-09 01:15:00,3.78,
2018-12-09 01:30:00,3.82,
2018-12-09 01:45:00,3.78,
2018-12-09 02:00:00,3.78,
2018-12-09 02:15:00,3.17,
2018-12-09 02:30:00,3.13,
2018-12-09 02:45:00,3.35,
2018-12-09 03:00:00,3.67,
2018-12-09 03:15:00,3.02,
2018-12-09 03:30:00,3.13,
2018-12-09 03:45:00,3.06,
2018-12-09 04:00:00,3.06,
2018-12-09 04:15:00,3.06,
2018-12-09 04:30:00,3.2,
2018-12-09 04:45:00,3.78,
2018-12-09 05:00:00,3.78,
2018-12-09 05:15:00,3.74,
2018-12-09 05:30:00,3.74,
2018-12-09 05:45:00,3.13,
2018-12-09 06:00:00,3.74,
2018-12-09 06:15:00,3.56,
2018-12-09 06:30:00,3.1,
2018-12-09 06:45:00,2.95,
2018-12-09 07:00:00,3.06,
2018-12-09 07:15:00,3.02,
2018-12-09 07:30:00,2.95,
2018-12-09 07:45:00,3.02,
2018-12-09 08:00:00,2.99,
2018-12-09 08:15:00,3.13,
2018-12-09 08:30:00,3.74,
2018-12-09 08:45:00,3.82,
2018-12-09 09:00:00,3.96,
2018-12-09 09:15:00,4.03,
2018-12-09 09:30:00,3.35,
2018-12-09 09:45:00,3.31,
2018-12-09 10:00:00,3.89,
2018-12-09 10:15:00,4.03,
2018-12-09 10:30:00,3.31,
2018-12-09 10:45:00,3.35,
2018-12-09 11:00:00,3.42,
2018-12-09 11:15:00,3.35,
2018-12-09 11:30:00,3.31,
2018-12-09 11:45:00,3.38,
2018-12-09 12:00:00,3.89,
2018-12-09 12:15:00,4.18,
2018-12-09 12:30:00,4.1,
2018-12-09 12:45:00,4.1,
2018-12-09 13:00:00,3.6,
2018-12-09 13:15:00,3.42,
2018-12-09 13:30:00,3.42,
2018-12-09 13:45:00,3.35,
2018-12-09 14:00:00,3.92,
2018-12-09 14:15:00,3.78,
2018-12-09 14:30:00,3.42,
2018-12-09 14:45:00,3.38,
2018-12-09 15:00:00,3.46,
2018-12-09 15:15:00,3.42,
2018-12-09 15:30:00,3.53,
2018-12-09 15:45:00,4.07,
2018-12-09 16:00:00,4.03,
2018-12-09 16:15:00,4.14,
2018-12-09 16:30:00,4.0,
2018-12-09 16:45:00,3.31,
2018-12-09 17:00:00,3.35,
2018-12-09 17:15:00,3.49,
2018-12-09 17:30:00,4.1,
2018-12-09 17:45:00,3.64,
2018-12-09 18:00:00,3.24,
2018-12-09 18:15:00,3.28,
2018-12-09 18:30:00,3.31,
2018-12-09 18:45:00,3.42,
2018-12-09 19:00:00,3.64,
2018-12-09 19:15:00,4.07,
2018-12-09 19:30:00,4.03,
2018-12-09 19:45:00,4.03,
2018-12-09 20:00:00,4.0,
2018-12-09 20:15:00,3.31,
2018-12-09 20:30:00,3.31,
2018-12-09 20:45:00,3.35,
2018-12-09 21:00:00,3.35,
2018-12-09 21:15:00,3.67,
2018-12-09 21:30:00,4.14,
2018-12-09 21:45:00,3.38,
2018-12-09 22:00:00,3.28,
2018-12-09 22:15:00,3.13,
2018-12-09 22:30:00,3.17,
2018-12-09 22:45:00,3.78,
2018-12-09 23:00:00,3.78,
2018-12-09 23:15:00,3.74,
2018-12-09 23:30:00,3.74,
2018-12-09 23:45:00,3.46,
2018-12-10 00:00:00,5.36,
2018-12-10 00:15:00,3.06,
2018-12-10 00:30:00,3.02,
2018-12-10 00:45:00,3.31,
2018-12-10 01:00:00,3.85,
2018-12-10 01:15:00,3.42,
2018-12-10 01:30:00,3.1,
2018-12-10 01:45:00,3.1,
2018-12-10 02:00:00,3.17,
2018-12-10 02:15:00,3.31,
2018-12-10 02:30:00,3.82,
2018-12-10 02:45:00,3.78,
2018-12-10 03:00:00,3.82,
2018-12-10 03:15:00,3.74,
2018-12-10 03:30:00,3.1,
2018-12-10 03:45:00,3.2,
2018-12-10 04:00:00,3.1,
2018-12-10 04:15:00,3.13,
2018-12-10 04:30:00,3.17,
2018-12-10 04:45:00,3.49,
2018-12-10 05:00:00,3.74,
2018-12-10 05:15:00,3.13,
2018-12-10 05:30:00,3.1,
2018-12-10 05:45:00,3.82,
2018-12-10 06:00:00,3.82,
2018-12-10 06:15:00,3.85,
2018-12-10 06:30:00,3.82,
2018-12-10 06:45:00,3.46,
2018-12-10 07:00:00,3.06,
2018-12-10 07:15:00,3.13,
2018-12-10 07:30:00,3.56,
2018-12-10 07:45:00,5.87,
2018-12-10 08:00:00,6.8,
2018-12-10 08:15:00,33.48,
2018-12-10 08:30:00,61.06,
2018-12-10 08:45:00,58.36,
2018-12-10 09:00:00,68.62,
2018-12-10 09:15:00,69.23,
2018-12-10 09:30:00,70.78,
2018-12-10 09:45:00,61.74,
2018-12-10 10:00:00,72.0,
2018-12-10 10:15:00,56.2,
2018-12-10 10:30:00,56.02,
2018-12-10 10:45:00,63.9,
2018-12-10 11:00:00,68.47,
2018-12-10 11:15:00,61.56,
2018-12-10 11:30:00,70.31,
2018-12-10 11:45:00,62.42,
2018-12-10 12:00:00,44.75,
2018-12-10 12:15:00,9.11,
2018-12-10 12:30:00,10.33,
2018-12-10 12:45:00,11.45,
2018-12-10 13:00:00,11.09,
2018-12-10 13:15:00,42.66,
2018-12-10 13:30:00,72.9,
2018-12-10 13:45:00,71.03,
2018-12-10 14:00:00,67.32,
2018-12-10 14:15:00,64.22,
2018-12-10 14:30:00,69.91,
2018-12-10 14:45:00,51.23,
2018-12-10 15:00:00,58.39,
2018-12-10 15:15:00,69.62,
2018-12-10 15:30:00,66.71,
2018-12-10 15:45:00,65.99,
2018-12-10 16:00:00,64.98,
2018-12-10 16:15:00,64.55,
2018-12-10 16:30:00,63.72,
2018-12-10 16:45:00,66.53,
2018-12-10 17:00:00,62.57,
2018-12-10 17:15:00,63.72,
2018-12-10 17:30:00,58.64,
2018-12-10 17:45:00,60.12,
2018-12-10 18:00:00,24.73,
2018-12-10 18:15:00,5.47,
2018-12-10 18:30:00,4.5,
2018-12-10 18:45:00,4.46,
2018-12-10 19:00:00,4.46,
2018-12-10 19:15:00,4.75,
2018-12-10 19:30:00,5.69,
2018-12-10 19:45:00,5.62,
2018-12-10 20:00:00,4.46,
2018-12-10 20:15:00,4.46,
2018-12-10 20:30:00,4.5,
2018-12-10 20:45:00,4.43,
2018-12-10 21:00:00,4.46,
2018-12-10 21:15:00,4.5,
2018-12-10 21:30:00,4.57,
2018-12-10 21:45:00,4.54,
2018-12-10 22:00:00,4.46,
2018-12-10 22:15:00,4.28,
2018-12-10 22:30:00,4.25,
2018-12-10 22:45:00,4.32,
2018-12-10 23:00:00,4.18,
2018-12-10 23:15:00,4.18,
2018-12-10 23:30:00,4.21,
2018-12-10 23:45:00,4.28,
2018-12-11 00:00:00,4.18,
2018-12-11 00:15:00,4.86,
2018-12-11 00:30:00,4.21,
2018-12-11 00:45:00,4.18,
2018-12-11 01:00:00,4.21,
2018-12-11 01:15:00,4.32,
2018-12-11 01:30:00,4.25,
2018-12-11 01:45:00,4.18,
2018-12-11 02:00:00,4.21,
2018-12-11 02:15:00,4.28,
2018-12-11 02:30:00,4.25,
2018-12-11 02:45:00,4.21,
2018-12-11 03:00:00,3.56,
2018-12-11 03:15:00,3.56,
2018-12-11 03:30:00,3.53,
2018-12-11 03:45:00,3.53,
2018-12-11 04:00:00,3.85,
2018-12-11 04:15:00,4.18,
2018-12-11 04:30:00,3.49,
2018-12-11 04:45:00,3.56,
2018-12-11 05:00:00,3.56,
2018-12-11 05:15:00,3.74,
2018-12-11 05:30:00,4.18,
2018-12-11 05:45:00,4.25,
2018-12-11 06:00:00,4.28,
2018-12-11 06:15:00,3.56,
2018-12-11 06:30:00,3.53,
2018-12-11 06:45:00,3.6,
2018-12-11 07:00:00,3.49,
2018-12-11 07:15:00,4.1,
2018-12-11 07:30:00,4.07,
2018-12-11 07:45:00,4.86,
2018-12-11 08:00:00,14.83,
2018-12-11 08:15:00,44.21,
2018-12-11 08:30:00,54.04,
2018-12-11 08:45:00,61.74,
2018-12-11 09:00:00,69.48,
2018-12-11 09:15:00,75.38,
2018-12-11 09:30:00,71.82,
2018-12-11 09:45:00,71.24,
2018-12-11 10:00:00,54.86,
2018-12-11 10:15:00,66.13,
2018-12-11 10:30:00,73.08,
2018-12-11 10:45:00,77.51,
2018-12-11 11:00:00,72.54,
2018-12-11 11:15:00,63.83,
2018-12-11 11:30:00,67.07,
2018-12-11 11:45:00,84.24,
2018-12-11 12:00:00,72.79,
2018-12-11 12:15:00,7.96,
2018-12-11 12:30:00,5.8,
2018-12-11 12:45:00,6.98,
2018-12-11 13:00:00,6.95,
2018-12-11 13:15:00,38.45,
2018-12-11 13:30:00,59.36,
2018-12-11 13:45:00,66.02,
2018-12-11 14:00:00,80.28,
2018-12-11 14:15:00,75.53,
2018-12-11 14:30:00,72.0,
2018-12-11 14:45:00,72.61,
2018-12-11 15:00:00,78.55,
2018-12-11 15:15:00,73.98,
2018-12-11 15:30:00,76.79,
2018-12-11 15:45:00,80.46,
2018-12-11 16:00:00,68.11,
2018-12-11 16:15:00,71.68,
2018-12-11 16:30:00,69.8,
2018-12-11 16:45:00,75.46,
2018-12-11 17:00:00,70.27,
2018-12-11 17:15:00,78.48,
2018-12-11 17:30:00,66.78,
2018-12-11 17:45:00,32.11,
2018-12-11 18:00:00,31.25,
2018-12-11 18:15:00,36.4,
2018-12-11 18:30:00,39.56,
2018-12-11 18:45:00,51.44,
2018-12-11 19:00:00,51.52,
2018-12-11 19:15:00,53.57,
2018-12-11 19:30:00,52.81,
2018-12-11 19:45:00,52.38,
2018-12-11 20:00:00,53.21,
2018-12-11 20:15:00,51.91,
2018-12-11 20:30:00,53.46,
2018-12-11 20:45:00,32.36,
2018-12-11 21:00:00,28.37,
2018-12-11 21:15:00,6.77,
2018-12-11 21:30:00,5.69,
2018-12-11 21:45:00,5.8,
2018-12-11 22:00:00,5.69,
2018-12-11 22:15:00,5.47,
2018-12-11 22:30:00,5.44,
2018-12-11 22:45:00,4.97,
2018-12-11 23:00:00,4.36,
2018-12-11 23:15:00,4.25,
2018-12-11 23:30:00,4.21,
2018-12-11 23:45:00,4.14,
2018-12-12 00:00:00,4.21,
2018-12-12 00:15:00,4.21,
2018-12-12 00:30:00,4.14,
2018-12-12 00:45:00,4.14,
2018-12-12 01:00:00,4.14,
2018-12-12 01:15:00,4.21,
2018-12-12 01:30:00,4.18,
2018-12-12 01:45:00,4.75,
2018-12-12 02:00:00,5.33,
2018-12-12 02:15:00,4.25,
2018-12-12 02:30:00,4.25,
2018-12-12 02:45:00,4.18,
2018-12-12 03:00:00,4.21,
2018-12-12 03:15:00,4.18,
2018-12-12 03:30:00,4.18,
2018-12-12 03:45:00,4.25,
2018-12-12 04:00:00,4.18,
2018-12-12 04:15:00,4.03,
2018-12-12 04:30:00,3.46,
2018-12-12 04:45:00,3.46,
2018-12-12 05:00:00,3.53,
2018-12-12 05:15:00,3.46,
2018-12-12 05:30:00,3.49,
2018-12-12 05:45:00,4.0,
2018-12-12 06:00:00,4.25,
2018-12-12 06:15:00,3.85,
2018-12-12 06:30:00,3.42,
2018-12-12 06:45:00,3.42,
2018-12-12 07:00:00,3.96,
2018-12-12 07:15:00,4.1,
2018-12-12 07:30:00,4.32,
2018-12-12 07:45:00,5.83,
2018-12-12 08:00:00,5.8,
2018-12-12 08:15:00,36.86,
2018-12-12 08:30:00,60.37,
2018-12-12 08:45:00,66.46,
2018-12-12 09:00:00,69.05,
2018-12-12 09:15:00,63.86,
2018-12-12 09:30:00,65.59,
2018-12-12 09:45:00,60.98,
2018-12-12 10:00:00,65.74,
2018-12-12 10:15:00,57.17,
2018-12-12 10:30:00,64.55,
2018-12-12 10:45:00,53.42,
2018-12-12 11:00:00,65.88,
2018-12-12 11:15:00,57.71,
2018-12-12 11:30:00,59.76,
2018-12-12 11:45:00,79.85,
2018-12-12 12:00:00,49.64,
2018-12-12 12:15:00,27.97,
2018-12-12 12:30:00,29.74,
2018-12-12 12:45:00,29.56,
2018-12-12 13:00:00,29.3,
2018-12-12 13:15:00,58.86,
2018-12-12 13:30:00,61.78,
2018-12-12 13:45:00,77.0,
2018-12-12 14:00:00,65.56,
2018-12-12 14:15:00,86.51,
2018-12-12 14:30:00,60.44,
2018-12-12 14:45:00,64.8,
2018-12-12 15:00:00,72.18,
2018-12-12 15:15:00,69.08,
2018-12-12 15:30:00,66.17,
2018-12-12 15:45:00,61.67,
2018-12-12 16:00:00,70.6,
2018-12-12 16:15:00,68.36,
2018-12-12 16:30:00,75.1,
2018-12-12 16:45:00,66.13,
2018-12-12 17:00:00,70.7,
2018-12-12 17:15:00,60.7,
2018-12-12 17:30:00,57.92,
2018-12-12 17:45:00,32.9,
2018-12-12 18:00:00,30.53,
2018-12-12 18:15:00,49.9,
2018-12-12 18:30:00,67.25,
2018-12-12 18:45:00,69.37,
2018-12-12 19:00:00,65.99,
2018-12-12 19:15:00,66.02,
2018-12-12 19:30:00,60.19,
2018-12-12 19:45:00,58.54,
2018-12-12 20:00:00,61.85,
2018-12-12 20:15:00,67.07,
2018-12-12 20:30:00,58.82,
2018-12-12 20:45:00,53.35,
2018-12-12 21:00:00,30.35,
2018-12-12 21:15:00,12.2,
2018-12-12 21:30:00,5.8,
2018-12-12 21:45:00,5.76,
2018-12-12 22:00:00,5.65,
2018-12-12 22:15:00,5.04,
2018-12-12 22:30:00,4.25,
2018-12-12 22:45:00,4.25,
2018-12-12 23:00:00,4.21,
2018-12-12 23:15:00,4.14,
2018-12-12 23:30:00,4.1,
2018-12-12 23:45:00,4.1,
2018-12-13 00:00:00,5.26,
2018-12-13 00:15:00,4.1,
2018-12-13 00:30:00,4.18,
2018-12-13 00:45:00,4.21,
2018-12-13 01:00:00,4.14,
2018-12-13 01:15:00,4.28,
2018-12-13 01:30:00,4.18,
2018-12-13 01:45:00,4.25,
2018-12-13 02:00:00,5.36,
2018-12-13 02:15:00,4.79,
2018-12-13 02:30:00,4.25,
2018-12-13 02:45:00,4.18,
2018-12-13 03:00:00,4.21,
2018-12-13 03:15:00,4.18,
2018-12-13 03:30:00,4.21,
2018-12-13 03:45:00,4.21,
2018-12-13 04:00:00,4.21,
2018-12-13 04:15:00,4.18,
2018-12-13 04:30:00,4.21,
2018-12-13 04:45:00,4.21,
2018-12-13 05:00:00,4.18,
2018-12-13 05:15:00,3.67,
2018-12-13 05:30:00,3.42,
2018-12-13 05:45:00,3.89,
2018-12-13 06:00:00,4.32,
2018-12-13 06:15:00,3.46,
2018-12-13 06:30:00,3.38,
2018-12-13 06:45:00,3.38,
2018-12-13 07:00:00,3.42,
2018-12-13 07:15:00,3.42,
2018-12-13 07:30:00,3.71,
2018-12-13 07:45:00,5.69,
2018-12-13 08:00:00,6.23,
2018-12-13 08:15:00,35.57,
2018-12-13 08:30:00,72.86,
2018-12-13 08:45:00,61.74,
2018-12-13 09:00:00,76.36,
2018-12-13 09:15:00,63.11,
2018-12-13 09:30:00,65.66,
2018-12-13 09:45:00,72.07,
2018-12-13 10:00:00,56.84,
2018-12-13 10:15:00,69.3,
2018-12-13 10:30:00,65.66,
2018-12-13 10:45:00,85.43,
2018-12-13 11:00:00,53.17,
2018-12-13 11:15:00,55.4,
2018-12-13 11:30:00,60.08,
2018-12-13 11:45:00,58.0,
2018-12-13 12:00:00,51.3,
2018-12-13 12:15:00,11.38,
2018-12-13 12:30:00,10.91,
2018-12-13 12:45:00,30.1,
2018-12-13 13:00:00,36.4,
2018-12-13 13:15:00,41.69,
2018-12-13 13:30:00,56.92,
2018-12-13 13:45:00,46.66,
2018-12-13 14:00:00,52.52,
2018-12-13 14:15:00,58.25,
2018-12-13 14:30:00,72.61,
2018-12-13 14:45:00,66.24,
2018-12-13 15:00:00,73.08,
2018-12-13 15:15:00,60.52,
2018-12-13 15:30:00,59.87,
2018-12-13 15:45:00,63.5,
2018-12-13 16:00:00,60.52,
2018-12-13 16:15:00,88.92,
2018-12-13 16:30:00,105.37,
2018-12-13 16:45:00,102.89,
2018-12-13 17:00:00,77.83,
2018-12-13 17:15:00,67.18,
2018-12-13 17:30:00,70.13,
2018-12-13 17:45:00,31.72,
2018-12-13 18:00:00,31.5,
2018-12-13 18:15:00,54.79,
2018-12-13 18:30:00,77.04,
2018-12-13 18:45:00,79.63,
2018-12-13 19:00:00,80.46,
2018-12-13 19:15:00,71.89,
2018-12-13 19:30:00,78.52,
2018-12-13 19:45:00,52.31,
2018-12-13 20:00:00,61.16,
2018-12-13 20:15:00,61.6,
2018-12-13 20:30:00,49.68,
2018-12-13 20:45:00,41.54,
2018-12-13 21:00:00,20.16,
2018-12-13 21:15:00,6.16,
2018-12-13 21:30:00,5.69,
2018-12-13 21:45:00,5.69,
2018-12-13 22:00:00,5.65,
2018-12-13 22:15:00,5.47,
2018-12-13 22:30:00,5.4,
2018-12-13 22:45:00,5.36,
2018-12-13 23:00:00,5.36,
2018-12-13 23:15:00,5.26,
2018-12-13 23:30:00,5.22,
2018-12-13 23:45:00,5.18,
2018-12-14 00:00:00,4.1,
2018-12-14 00:15:00,5.33,
2018-12-14 00:30:00,5.29,
2018-12-14 00:45:00,5.26,
2018-12-14 01:00:00,5.29,
2018-12-14 01:15:00,5.26,
2018-12-14 01:30:00,5.36,
2018-12-14 01:45:00,5.33,
2018-12-14 02:00:00,4.79,
2018-12-14 02:15:00,4.14,
2018-12-14 02:30:00,4.18,
2018-12-14 02:45:00,4.21,
2018-12-14 03:00:00,4.18,
2018-12-14 03:15:00,4.25,
2018-12-14 03:30:00,4.18,
2018-12-14 03:45:00,4.14,
2018-12-14 04:00:00,4.28,
2018-12-14 04:15:00,4.18,
2018-12-14 04:30:00,4.18,
2018-12-14 04:45:00,4.1,
2018-12-14 05:00:00,4.46,
2018-12-14 05:15:00,5.4,
2018-12-14 05:30:00,4.5,
2018-12-14 05:45:00,4.18,
2018-12-14 06:00:00,4.14,
2018-12-14 06:15:00,4.14,
2018-12-14 06:30:00,3.49,
2018-12-14 06:45:00,3.42,
2018-12-14 07:00:00,3.35,
2018-12-14 07:15:00,3.35,
2018-12-14 07:30:00,4.25,
2018-12-14 07:45:00,6.52,
2018-12-14 08:00:00,7.38,
2018-12-14 08:15:00,36.22,
2018-12-14 08:30:00,94.18,
2018-12-14 08:45:00,97.88,
2018-12-14 09:00:00,134.5,
2018-12-14 09:15:00,93.67,
2018-12-14 09:30:00,109.26,
2018-12-14 09:45:00,128.34,
2018-12-14 10:00:00,81.47,
2018-12-14 10:15:00,109.69,
2018-12-14 10:30:00,120.67,
2018-12-14 10:45:00,92.81,
2018-12-14 11:00:00,91.58,
2018-12-14 11:15:00,104.9,
2018-12-14 11:30:00,124.2,
2018-12-14 11:45:00,88.85,
2018-12-14 12:00:00,132.01,
2018-12-14 12:15:00,13.61,
2018-12-14 12:30:00,9.86,
2018-12-14 12:45:00,9.61,
2018-12-14 13:00:00,9.43,
2018-12-14 13:15:00,86.98,
2018-12-14 13:30:00,74.66,
2018-12-14 13:45:00,116.42,
2018-12-14 14:00:00,107.57,
2018-12-14 14:15:00,103.82,
2018-12-14 14:30:00,114.73,
2018-12-14 14:45:00,84.74,
2018-12-14 15:00:00,109.4,
2018-12-14 15:15:00,125.21,
2018-12-14 15:30:00,89.35,
2018-12-14 15:45:00,122.26,
2018-12-14 16:00:00,114.66,
2018-12-14 16:15:00,96.8,
2018-12-14 16:30:00,118.12,
2018-12-14 16:45:00,133.2,
2018-12-14 17:00:00,102.64,
2018-12-14 17:15:00,63.94,
2018-12-14 17:30:00,62.64,
2018-12-14 17:45:00,37.94,
2018-12-14 18:00:00,32.62,
2018-12-14 18:15:00,29.63,
2018-12-14 18:30:00,26.57,
2018-12-14 18:45:00,26.35,
2018-12-14 19:00:00,26.32,
2018-12-14 19:15:00,26.39,
2018-12-14 19:30:00,26.64,
2018-12-14 19:45:00,28.44,
2018-12-14 20:00:00,30.46,
2018-12-14 20:15:00,29.88,
2018-12-14 20:30:00,30.06,
2018-12-14 20:45:00,31.93,
2018-12-14 21:00:00,28.66,
2018-12-14 21:15:00,5.76,
2018-12-14 21:30:00,5.8,
2018-12-14 21:45:00,5.72,
2018-12-14 22:00:00,5.69,
2018-12-14 22:15:00,5.4,
2018-12-14 22:30:00,5.33,
2018-12-14 22:45:00,5.33,
2018-12-14 23:00:00,5.33,
2018-12-14 23:15:00,4.86,
2018-12-14 23:30:00,4.03,
2018-12-14 23:45:00,4.03,
2018-12-15 00:00:00,3.28,
2018-12-15 00:15:00,4.14,
2018-12-15 00:30:00,4.1,
2018-12-15 00:45:00,4.07,
2018-12-15 01:00:00,4.14,
2018-12-15 01:15:00,4.14,
2018-12-15 01:30:00,4.14,
2018-12-15 01:45:00,4.14,
2018-12-15 02:00:00,4.1,
2018-12-15 02:15:00,4.1,
2018-12-15 02:30:00,4.21,
2018-12-15 02:45:00,4.1,
2018-12-15 03:00:00,4.18,
2018-12-15 03:15:00,4.82,
2018-12-15 03:30:00,5.26,
2018-12-15 03:45:00,4.18,
2018-12-15 04:00:00,4.14,
2018-12-15 04:15:00,4.14,
2018-12-15 04:30:00,3.82,
2018-12-15 04:45:00,3.46,
2018-12-15 05:00:00,3.49,
2018-12-15 05:15:00,3.42,
2018-12-15 05:30:00,3.42,
2018-12-15 05:45:00,3.42,
2018-12-15 06:00:00,3.38,
2018-12-15 06:15:00,3.46,
2018-12-15 06:30:00,3.42,
2018-12-15 06:45:00,3.49,
2018-12-15 07:00:00,4.57,
2018-12-15 07:15:00,4.43,
2018-12-15 07:30:00,4.1,
2018-12-15 07:45:00,4.07,
2018-12-15 08:00:00,3.64,
2018-12-15 08:15:00,3.35,
2018-12-15 08:30:00,3.35,
2018-12-15 08:45:00,3.38,
2018-12-15 09:00:00,3.49,
2018-12-15 09:15:00,3.56,
2018-12-15 09:30:00,3.38,
2018-12-15 09:45:00,3.42,
2018-12-15 10:00:00,3.35,
2018-12-15 10:15:00,3.35,
2018-12-15 10:30:00,3.35,
2018-12-15 10:45:00,4.97,
2018-12-15 11:00:00,5.36,
2018-12-15 11:15:00,4.28,
2018-12-15 11:30:00,4.18,
2018-12-15 11:45:00,3.35,
2018-12-15 12:00:00,3.38,
2018-12-15 12:15:00,3.42,
2018-12-15 12:30:00,3.42,
2018-12-15 12:45:00,3.42,
2018-12-15 13:00:00,3.38,
2018-12-15 13:15:00,3.31,
2018-12-15 13:30:00,3.35,
2018-12-15 13:45:00,3.38,
2018-12-15 14:00:00,3.31,
2018-12-15 14:15:00,3.82,
2018-12-15 14:30:00,4.1,
2018-12-15 14:45:00,4.07,
2018-12-15 15:00:00,4.21,
2018-12-15 15:15:00,3.74,
2018-12-15 15:30:00,3.74,
2018-12-15 15:45:00,3.96,
2018-12-15 16:00:00,3.28,
2018-12-15 16:15:00,3.35,
2018-12-15 16:30:00,3.28,
2018-12-15 16:45:00,3.24,
2018-12-15 17:00:00,3.28,
2018-12-15 17:15:00,3.28,
2018-12-15 17:30:00,3.35,
2018-12-15 17:45:00,4.18,
2018-12-15 18:00:00,4.1,
2018-12-15 18:15:00,4.1,
2018-12-15 18:30:00,4.1,
2018-12-15 18:45:00,4.03,
2018-12-15 19:00:00,4.28,
2018-12-15 19:15:00,3.49,
2018-12-15 19:30:00,3.38,
2018-12-15 19:45:00,3.35,
2018-12-15 20:00:00,3.38,
2018-12-15 20:15:00,3.46,
2018-12-15 20:30:00,3.42,
2018-12-15 20:45:00,3.35,
2018-12-15 21:00:00,3.38,
2018-12-15 21:15:00,3.96,
2018-12-15 21:30:00,4.28,
2018-12-15 21:45:00,4.25,
2018-12-15 22:00:00,4.18,
2018-12-15 22:15:00,3.74,
2018-12-15 22:30:00,3.31,
2018-12-15 22:45:00,4.07,
2018-12-15 23:00:00,3.56,
2018-12-15 23:15:00,3.17,
2018-12-15 23:30:00,3.24,
2018-12-15 23:45:00,3.2,
2018-12-16 00:00:00,4.21,
2018-12-16 00:15:00,3.24,
2018-12-16 00:30:00,3.28,
2018-12-16 00:45:00,3.28,
2018-12-16 01:00:00,3.85,
2018-12-16 01:15:00,4.18,
2018-12-16 01:30:00,4.07,
2018-12-16 01:45:00,4.07,
2018-12-16 02:00:00,3.92,
2018-12-16 02:15:00,3.28,
2018-12-16 02:30:00,3.42,
2018-12-16 02:45:00,3.53,
2018-12-16 03:00:00,4.14,
2018-12-16 03:15:00,3.56,
2018-12-16 03:30:00,3.35,
2018-12-16 03:45:00,3.38,
2018-12-16 04:00:00,3.42,
2018-12-16 04:15:00,3.42,
2018-12-16 04:30:00,3.42,
2018-12-16 04:45:00,3.38,
2018-12-16 05:00:00,4.07,
2018-12-16 05:15:00,4.14,
2018-12-16 05:30:00,4.07,
2018-12-16 05:45:00,4.07,
2018-12-16 06:00:00,3.53,
2018-12-16 06:15:00,3.31,
2018-12-16 06:30:00,3.35,
2018-12-16 06:45:00,3.64,
2018-12-16 07:00:00,4.07,
2018-12-16 07:15:00,3.38,
2018-12-16 07:30:00,3.28,
2018-12-16 07:45:00,3.89,
2018-12-16 08:00:00,3.96,
2018-12-16 08:15:00,39.35,
2018-12-16 08:30:00,63.54,
2018-12-16 08:45:00,65.02,
2018-12-16 09:00:00,63.79,
2018-12-16 09:15:00,61.7,
2018-12-16 09:30:00,64.8,
2018-12-16 09:45:00,51.16,
2018-12-16 10:00:00,55.01,
2018-12-16 10:15:00,61.81,
2018-12-16 10:30:00,72.18,
2018-12-16 10:45:00,54.86,
2018-12-16 11:00:00,66.78,
2018-12-16 11:15:00,69.95,
2018-12-16 11:30:00,53.35,
2018-12-16 11:45:00,55.51,
2018-12-16 12:00:00,11.81,
2018-12-16 12:15:00,5.65,
2018-12-16 12:30:00,5.54,
2018-12-16 12:45:00,5.44,
2018-12-16 13:00:00,5.33,
2018-12-16 13:15:00,36.47,
2018-12-16 13:30:00,63.72,
2018-12-16 13:45:00,64.8,
2018-12-16 14:00:00,61.85,
2018-12-16 14:15:00,57.89,
2018-12-16 14:30:00,54.36,
2018-12-16 14:45:00,47.38,
2018-12-16 15:00:00,43.49,
2018-12-16 15:15:00,45.4,
2018-12-16 15:30:00,60.55,
2018-12-16 15:45:00,48.42,
2018-12-16 16:00:00,63.22,
2018-12-16 16:15:00,62.64,
2018-12-16 16:30:00,66.02,
2018-12-16 16:45:00,35.42,
2018-12-16 17:00:00,9.11,
2018-12-16 17:15:00,8.06,
2018-12-16 17:30:00,7.74,
2018-12-16 17:45:00,7.85,
2018-12-16 18:00:00,6.73,
2018-12-16 18:15:00,5.22,
2018-12-16 18:30:00,5.69,
2018-12-16 18:45:00,5.72,
2018-12-16 19:00:00,5.69,
2018-12-16 19:15:00,5.72,
2018-12-16 19:30:00,5.44,
2018-12-16 19:45:00,4.46,
2018-12-16 20:00:00,4.5,
2018-12-16 20:15:00,4.46,
2018-12-16 20:30:00,4.5,
2018-12-16 20:45:00,4.54,
2018-12-16 21:00:00,4.46,
2018-12-16 21:15:00,4.5,
2018-12-16 21:30:00,4.5,
2018-12-16 21:45:00,4.57,
2018-12-16 22:00:00,4.57,
2018-12-16 22:15:00,4.25,
2018-12-16 22:30:00,4.25,
2018-12-16 22:45:00,4.18,
2018-12-16 23:00:00,5.44,
2018-12-16 23:15:00,4.82,
2018-12-16 23:30:00,4.14,
2018-12-16 23:45:00,4.18,
2018-12-17 00:00:00,4.57,
2018-12-17 00:15:00,4.25,
2018-12-17 00:30:00,4.18,
2018-12-17 00:45:00,4.21,
2018-12-17 01:00:00,4.21,
2018-12-17 01:15:00,4.21,
2018-12-17 01:30:00,4.36,
2018-12-17 01:45:00,4.28,
2018-12-17 02:00:00,4.28,
2018-12-17 02:15:00,4.28,
2018-12-17 02:30:00,3.71,
2018-12-17 02:45:00,4.32,
2018-12-17 03:00:00,3.82,
2018-12-17 03:15:00,3.53,
2018-12-17 03:30:00,3.53,
2018-12-17 03:45:00,3.53,
2018-12-17 04:00:00,3.6,
2018-12-17 04:15:00,3.53,
2018-12-17 04:30:00,3.53,
2018-12-17 04:45:00,4.1,
2018-12-17 05:00:00,4.25,
2018-12-17 05:15:00,4.28,
2018-12-17 05:30:00,4.25,
2018-12-17 05:45:00,3.64,
2018-12-17 06:00:00,3.49,
2018-12-17 06:15:00,3.46,
2018-12-17 06:30:00,4.32,
2018-12-17 06:45:00,3.6,
2018-12-17 07:00:00,3.42,
2018-12-17 07:15:00,3.49,
2018-12-17 07:30:00,4.36,
2018-12-17 07:45:00,6.19,
2018-12-17 08:00:00,6.3,
2018-12-17 08:15:00,6.48,
2018-12-17 08:30:00,53.35,
2018-12-17 08:45:00,46.94,
2018-12-17 09:00:00,52.06,
2018-12-17 09:15:00,54.83,
2018-12-17 09:30:00,56.12,
2018-12-17 09:45:00,58.0,
2018-12-17 10:00:00,50.08,
2018-12-17 10:15:00,46.04,
2018-12-17 10:30:00,49.54,
2018-12-17 10:45:00,54.14,
2018-12-17 11:00:00,53.78,
2018-12-17 11:15:00,52.67,
2018-12-17 11:30:00,55.84,
2018-12-17 11:45:00,49.64,
2018-12-17 12:00:00,54.5,
2018-12-17 12:15:00,11.12,
2018-12-17 12:30:00,7.06,
2018-12-17 12:45:00,7.13,
2018-12-17 13:00:00,8.21,
2018-12-17 13:15:00,33.26,
2018-12-17 13:30:00,56.99,
2018-12-17 13:45:00,56.59,
2018-12-17 14:00:00,55.08,
2018-12-17 14:15:00,51.05,
2018-12-17 14:30:00,47.95,
2018-12-17 14:45:00,57.82,
2018-12-17 15:00:00,59.11,
2018-12-17 15:15:00,60.62,
2018-12-17 15:30:00,53.6,
2018-12-17 15:45:00,60.44,
2018-12-17 16:00:00,67.5,
2018-12-17 16:15:00,85.86,
2018-12-17 16:30:00,82.33,
2018-12-17 16:45:00,59.8,
2018-12-17 17:00:00,60.37,
2018-12-17 17:15:00,56.38,
2018-12-17 17:30:00,52.99,
2018-12-17 17:45:00,35.35,
2018-12-17 18:00:00,31.32,
2018-12-17 18:15:00,16.09,
2018-12-17 18:30:00,6.37,
2018-12-17 18:45:00,5.8,
2018-12-17 19:00:00,5.54,
2018-12-17 19:15:00,5.54,
2018-12-17 19:30:00,5.62,
2018-12-17 19:45:00,5.54,
2018-12-17 20:00:00,5.62,
2018-12-17 20:15:00,5.54,
2018-12-17 20:30:00,4.75,
2018-12-17 20:45:00,4.46,
2018-12-17 21:00:00,4.46,
2018-12-17 21:15:00,4.43,
2018-12-17 21:30:00,4.43,
2018-12-17 21:45:00,4.46,
2018-12-17 22:00:00,4.46,
2018-12-17 22:15:00,4.14,
2018-12-17 22:30:00,4.18,
2018-12-17 22:45:00,4.21,
2018-12-17 23:00:00,4.18,
2018-12-17 23:15:00,4.14,
2018-12-17 23:30:00,4.07,
2018-12-17 23:45:00,4.07,
2018-12-18 00:00:00,4.14,
2018-12-18 00:15:00,5.22,
2018-12-18 00:30:00,4.68,
2018-12-18 00:45:00,4.14,
2018-12-18 01:00:00,4.1,
2018-12-18 01:15:00,4.18,
2018-12-18 01:30:00,4.07,
2018-12-18 01:45:00,4.18,
2018-12-18 02:00:00,4.1,
2018-12-18 02:15:00,4.18,
2018-12-18 02:30:00,4.14,
2018-12-18 02:45:00,4.21,
2018-12-18 03:00:00,4.18,
2018-12-18 03:15:00,3.6,
2018-12-18 03:30:00,3.42,
2018-12-18 03:45:00,3.42,
2018-12-18 04:00:00,3.38,
2018-12-18 04:15:00,3.42,
2018-12-18 04:30:00,3.71,
2018-12-18 04:45:00,4.18,
2018-12-18 05:00:00,3.53,
2018-12-18 05:15:00,3.46,
2018-12-18 05:30:00,3.38,
2018-12-18 05:45:00,4.03,
2018-12-18 06:00:00,4.14,
2018-12-18 06:15:00,3.6,
2018-12-18 06:30:00,3.38,
2018-12-18 06:45:00,3.35,
2018-12-18 07:00:00,3.31,
2018-12-18 07:15:00,3.28,
2018-12-18 07:30:00,3.42,
2018-12-18 07:45:00,5.58,
2018-12-18 08:00:00,7.27,
2018-12-18 08:15:00,38.38,
2018-12-18 08:30:00,72.86,
2018-12-18 08:45:00,66.42,
2018-12-18 09:00:00,81.4,
2018-12-18 09:15:00,66.28,
2018-12-18 09:30:00,78.3,
2018-12-18 09:45:00,77.72,
2018-12-18 10:00:00,74.59,
2018-12-18 10:15:00,63.04,
2018-12-18 10:30:00,58.68,
2018-12-18 10:45:00,62.96,
2018-12-18 11:00:00,68.36,
2018-12-18 11:15:00,60.05,
2018-12-18 11:30:00,58.82,
2018-12-18 11:45:00,64.73,
2018-12-18 12:00:00,67.54,
2018-12-18 12:15:00,8.14,
2018-12-18 12:30:00,8.64,
2018-12-18 12:45:00,8.78,
2018-12-18 13:00:00,9.4,
2018-12-18 13:15:00,52.45,
2018-12-18 13:30:00,67.46,
2018-12-18 13:45:00,62.53,
2018-12-18 14:00:00,62.46,
2018-12-18 14:15:00,67.18,
2018-12-18 14:30:00,113.51,
2018-12-18 14:45:00,99.5,
2018-12-18 15:00:00,68.0,
2018-12-18 15:15:00,120.82,
2018-12-18 15:30:00,79.45,
2018-12-18 15:45:00,117.68,
2018-12-18 16:00:00,114.08,
2018-12-18 16:15:00,106.27,
2018-12-18 16:30:00,93.28,
2018-12-18 16:45:00,127.58,
2018-12-18 17:00:00,94.61,
2018-12-18 17:15:00,101.02,
2018-12-18 17:30:00,112.14,
2018-12-18 17:45:00,68.08,
2018-12-18 18:00:00,15.95,
2018-12-18 18:15:00,7.16,
2018-12-18 18:30:00,5.58,
2018-12-18 18:45:00,5.65,
2018-12-18 19:00:00,5.0,
2018-12-18 19:15:00,4.5,
2018-12-18 19:30:00,4.39,
2018-12-18 19:45:00,4.43,
2018-12-18 20:00:00,4.39,
2018-12-18 20:15:00,4.43,
2018-12-18 20:30:00,4.36,
2018-12-18 20:45:00,4.39,
2018-12-18 21:00:00,4.43,
2018-12-18 21:15:00,4.39,
2018-12-18 21:30:00,4.46,
2018-12-18 21:45:00,4.39,
2018-12-18 22:00:00,4.39,
2018-12-18 22:15:00,4.25,
2018-12-18 22:30:00,5.18,
2018-12-18 22:45:00,5.15,
2018-12-18 23:00:00,4.14,
2018-12-18 23:15:00,4.14,
2018-12-18 23:30:00,4.14,
2018-12-18 23:45:00,4.1,
2018-12-19 00:00:00,3.92,
2018-12-19 00:15:00,4.14,
2018-12-19 00:30:00,4.14,
2018-12-19 00:45:00,4.14,
2018-12-19 01:00:00,4.21,
2018-12-19 01:15:00,4.14,
2018-12-19 01:30:00,4.14,
2018-12-19 01:45:00,4.18,
2018-12-19 02:00:00,4.18,
2018-12-19 02:15:00,4.93,
2018-12-19 02:30:00,5.26,
2018-12-19 02:45:00,4.14,
2018-12-19 03:00:00,4.14,
2018-12-19 03:15:00,4.1,
2018-12-19 03:30:00,4.25,
2018-12-19 03:45:00,3.82,
2018-12-19 04:00:00,3.49,
2018-12-19 04:15:00,3.42,
2018-12-19 04:30:00,3.42,
2018-12-19 04:45:00,3.49,
2018-12-19 05:00:00,3.38,
2018-12-19 05:15:00,3.42,
2018-12-19 05:30:00,3.38,
2018-12-19 05:45:00,3.42,
2018-12-19 06:00:00,3.42,
2018-12-19 06:15:00,4.07,
2018-12-19 06:30:00,4.18,
2018-12-19 06:45:00,3.96,
2018-12-19 07:00:00,4.1,
2018-12-19 07:15:00,4.1,
2018-12-19 07:30:00,4.07,
2018-12-19 07:45:00,5.76,
2018-12-19 08:00:00,6.23,
2018-12-19 08:15:00,36.14,
2018-12-19 08:30:00,70.81,
2018-12-19 08:45:00,59.54,
2018-12-19 09:00:00,63.86,
2018-12-19 09:15:00,77.4,
2018-12-19 09:30:00,65.23,
2018-12-19 09:45:00,69.3,
2018-12-19 10:00:00,61.13,
2018-12-19 10:15:00,61.16,
2018-12-19 10:30:00,70.42,
2018-12-19 10:45:00,63.68,
2018-12-19 11:00:00,83.09,
2018-12-19 11:15:00,140.8,
2018-12-19 11:30:00,110.88,
2018-12-19 11:45:00,115.13,
2018-12-19 12:00:00,101.99,
2018-12-19 12:15:00,12.13,
2018-12-19 12:30:00,6.66,
2018-12-19 12:45:00,6.8,
2018-12-19 13:00:00,6.98,
2018-12-19 13:15:00,62.42,
2018-12-19 13:30:00,116.46,
2018-12-19 13:45:00,89.86,
2018-12-19 14:00:00,98.03,
2018-12-19 14:15:00,149.18,
2018-12-19 14:30:00,116.64,
2018-12-19 14:45:00,105.48,
2018-12-19 15:00:00,145.22,
2018-12-19 15:15:00,101.38,
2018-12-19 15:30:00,130.46,
2018-12-19 15:45:00,115.24,
2018-12-19 16:00:00,125.21,
2018-12-19 16:15:00,133.56,
2018-12-19 16:30:00,81.65,
2018-12-19 16:45:00,62.68,
2018-12-19 17:00:00,125.5,
2018-12-19 17:15:00,68.0,
2018-12-19 17:30:00,40.5,
2018-12-19 17:45:00,31.68,
2018-12-19 18:00:00,26.82,
2018-12-19 18:15:00,5.98,
2018-12-19 18:30:00,5.47,
2018-12-19 18:45:00,5.54,
2018-12-19 19:00:00,5.44,
2018-12-19 19:15:00,5.47,
2018-12-19 19:30:00,5.47,
2018-12-19 19:45:00,5.4,
2018-12-19 20:00:00,5.33,
2018-12-19 20:15:00,5.36,
2018-12-19 20:30:00,5.33,
2018-12-19 20:45:00,5.44,
2018-12-19 21:00:00,5.4,
2018-12-19 21:15:00,5.4,
2018-12-19 21:30:00,5.04,
2018-12-19 21:45:00,4.25,
2018-12-19 22:00:00,4.39,
2018-12-19 22:15:00,4.03,
2018-12-19 22:30:00,4.03,
2018-12-19 22:45:00,3.96,
2018-12-19 23:00:00,4.07,
2018-12-19 23:15:00,4.03,
2018-12-19 23:30:00,3.92,
2018-12-19 23:45:00,3.96,
2018-12-20 00:00:00,3.89,
2018-12-20 00:15:00,4.03,
2018-12-20 00:30:00,4.03,
2018-12-20 00:45:00,4.0,
2018-12-20 01:00:00,4.0,
2018-12-20 01:15:00,4.0,
2018-12-20 01:30:00,4.1,
2018-12-20 01:45:00,4.0,
2018-12-20 02:00:00,4.07,
2018-12-20 02:15:00,4.43,
2018-12-20 02:30:00,5.18,
2018-12-20 02:45:00,4.1,
2018-12-20 03:00:00,4.0,
2018-12-20 03:15:00,4.1,
2018-12-20 03:30:00,4.03,
2018-12-20 03:45:00,4.1,
2018-12-20 04:00:00,3.31,
2018-12-20 04:15:00,3.35,
2018-12-20 04:30:00,3.46,
2018-12-20 04:45:00,3.38,
2018-12-20 05:00:00,3.35,
2018-12-20 05:15:00,3.35,
2018-12-20 05:30:00,3.38,
2018-12-20 05:45:00,3.38,
2018-12-20 06:00:00,3.92,
2018-12-20 06:15:00,3.67,
2018-12-20 06:30:00,3.35,
2018-12-20 06:45:00,4.0,
2018-12-20 07:00:00,4.03,
2018-12-20 07:15:00,3.96,
2018-12-20 07:30:00,4.18,
2018-12-20 07:45:00,4.79,
2018-12-20 08:00:00,5.87,
2018-12-20 08:15:00,39.49,
2018-12-20 08:30:00,79.85,
2018-12-20 08:45:00,66.96,
2018-12-20 09:00:00,63.14,
2018-12-20 09:15:00,64.12,
2018-12-20 09:30:00,64.37,
2018-12-20 09:45:00,83.16,
2018-12-20 10:00:00,71.14,
2018-12-20 10:15:00,58.72,
2018-12-20 10:30:00,68.72,
2018-12-20 10:45:00,75.53,
2018-12-20 11:00:00,77.51,
2018-12-20 11:15:00,64.4,
2018-12-20 11:30:00,63.0,
2018-12-20 11:45:00,71.46,
2018-12-20 12:00:00,71.06,
2018-12-20 12:15:00,16.96,
2018-12-20 12:30:00,7.67,
2018-12-20 12:45:00,7.49,
2018-12-20 13:00:00,6.66,
2018-12-20 13:15:00,42.7,
2018-12-20 13:30:00,63.07,
2018-12-20 13:45:00,71.5,
2018-12-20 14:00:00,76.9,
2018-12-20 14:15:00,63.5,
2018-12-20 14:30:00,78.41,
2018-12-20 14:45:00,73.4,
2018-12-20 15:00:00,64.44,
2018-12-20 15:15:00,60.26,
2018-12-20 15:30:00,58.9,
2018-12-20 15:45:00,60.59,
2018-12-20 16:00:00,56.92,
2018-12-20 16:15:00,60.08,
2018-12-20 16:30:00,58.68,
2018-12-20 16:45:00,57.56,
2018-12-20 17:00:00,46.51,
2018-12-20 17:15:00,58.07,
2018-12-20 17:30:00,41.22,
2018-12-20 17:45:00,41.51,
2018-12-20 18:00:00,24.8,
2018-12-20 18:15:00,5.44,
2018-12-20 18:30:00,5.18,
2018-12-20 18:45:00,5.29,
2018-12-20 19:00:00,5.29,
2018-12-20 19:15:00,5.29,
2018-12-20 19:30:00,4.18,
2018-12-20 19:45:00,4.07,
2018-12-20 20:00:00,4.1,
2018-12-20 20:15:00,4.07,
2018-12-20 20:30:00,4.18,
2018-12-20 20:45:00,4.1,
2018-12-20 21:00:00,4.1,
2018-12-20 21:15:00,4.14,
2018-12-20 21:30:00,4.14,
2018-12-20 21:45:00,4.21,
2018-12-20 22:00:00,4.18,
2018-12-20 22:15:00,3.85,
2018-12-20 22:30:00,3.85,
2018-12-20 22:45:00,4.64,
2018-12-20 23:00:00,5.04,
2018-12-20 23:15:00,4.07,
2018-12-20 23:30:00,3.82,
2018-12-20 23:45:00,3.85,
2018-12-21 00:00:00,3.92,
2018-12-21 00:15:00,3.89,
2018-12-21 00:30:00,3.85,
2018-12-21 00:45:00,3.89,
2018-12-21 01:00:00,3.89,
2018-12-21 01:15:00,3.96,
2018-12-21 01:30:00,3.89,
2018-12-21 01:45:00,3.89,
2018-12-21 02:00:00,3.89,
2018-12-21 02:15:00,3.92,
2018-12-21 02:30:00,3.92,
2018-12-21 02:45:00,3.92,
2018-12-21 03:00:00,3.96,
2018-12-21 03:15:00,4.79,
2018-12-21 03:30:00,4.5,
2018-12-21 03:45:00,3.24,
2018-12-21 04:00:00,3.28,
2018-12-21 04:15:00,3.24,
2018-12-21 04:30:00,3.24,
2018-12-21 04:45:00,3.28,
2018-12-21 05:00:00,3.28,
2018-12-21 05:15:00,3.28,
2018-12-21 05:30:00,3.2,
2018-12-21 05:45:00,3.24,
2018-12-21 06:00:00,3.2,
2018-12-21 06:15:00,3.67,
2018-12-21 06:30:00,3.96,
2018-12-21 06:45:00,3.92,
2018-12-21 07:00:00,3.89,
2018-12-21 07:15:00,3.67,
2018-12-21 07:30:00,3.17,
2018-12-21 07:45:00,5.44,
2018-12-21 08:00:00,6.77,
2018-12-21 08:15:00,28.8,
2018-12-21 08:30:00,54.22,
2018-12-21 08:45:00,56.41,
2018-12-21 09:00:00,56.74,
2018-12-21 09:15:00,43.78,
2018-12-21 09:30:00,47.52,
2018-12-21 09:45:00,56.2,
2018-12-21 10:00:00,51.59,
2018-12-21 10:15:00,66.64,
2018-12-21 10:30:00,53.14,
2018-12-21 10:45:00,58.54,
2018-12-21 11:00:00,73.12,
2018-12-21 11:15:00,67.79,
2018-12-21 11:30:00,65.59,
2018-12-21 11:45:00,57.85,
2018-12-21 12:00:00,58.9,
2018-12-21 12:15:00,7.42,
2018-12-21 12:30:00,8.35,
2018-12-21 12:45:00,7.67,
2018-12-21 13:00:00,7.2,
2018-12-21 13:15:00,39.74,
2018-12-21 13:30:00,58.03,
2018-12-21 13:45:00,63.97,
2018-12-21 14:00:00,56.34,
2018-12-21 14:15:00,69.62,
2018-12-21 14:30:00,60.34,
2018-12-21 14:45:00,57.74,
2018-12-21 15:00:00,68.04,
2018-12-21 15:15:00,67.68,
2018-12-21 15:30:00,58.32,
2018-12-21 15:45:00,65.48,
2018-12-21 16:00:00,63.0,
2018-12-21 16:15:00,69.73,
2018-12-21 16:30:00,59.69,
2018-12-21 16:45:00,63.32,
2018-12-21 17:00:00,62.32,
2018-12-21 17:15:00,52.78,
2018-12-21 17:30:00,45.86,
2018-12-21 17:45:00,30.78,
2018-12-21 18:00:00,8.21,
2018-12-21 18:15:00,5.51,
2018-12-21 18:30:00,5.4,
2018-12-21 18:45:00,5.62,
2018-12-21 19:00:00,5.54,
2018-12-21 19:15:00,5.54,
2018-12-21 19:30:00,5.51,
2018-12-21 19:45:00,5.47,
2018-12-21 20:00:00,5.54,
2018-12-21 20:15:00,5.47,
2018-12-21 20:30:00,5.44,
2018-12-21 20:45:00,5.47,
2018-12-21 21:00:00,5.44,
2018-12-21 21:15:00,5.54,
2018-12-21 21:30:00,5.4,
2018-12-21 21:45:00,5.44,
2018-12-21 22:00:00,5.44,
2018-12-21 22:15:00,5.18,
2018-12-21 22:30:00,5.26,
2018-12-21 22:45:00,5.15,
2018-12-21 23:00:00,5.15,
2018-12-21 23:15:00,5.11,
2018-12-21 23:30:00,4.57,
2018-12-21 23:45:00,4.0,
2018-12-22 00:00:00,3.31,
2018-12-22 00:15:00,4.0,
2018-12-22 00:30:00,4.0,
2018-12-22 00:45:00,4.0,
2018-12-22 01:00:00,4.1,
2018-12-22 01:15:00,3.96,
2018-12-22 01:30:00,4.03,
2018-12-22 01:45:00,4.03,
2018-12-22 02:00:00,3.96,
2018-12-22 02:15:00,4.07,
2018-12-22 02:30:00,4.07,
2018-12-22 02:45:00,3.67,
2018-12-22 03:00:00,3.31,
2018-12-22 03:15:00,3.82,
2018-12-22 03:30:00,4.07,
2018-12-22 03:45:00,3.42,
2018-12-22 04:00:00,3.38,
2018-12-22 04:15:00,3.31,
2018-12-22 04:30:00,3.38,
2018-12-22 04:45:00,3.35,
2018-12-22 05:00:00,3.38,
2018-12-22 05:15:00,3.42,
2018-12-22 05:30:00,3.96,
2018-12-22 05:45:00,4.07,
2018-12-22 06:00:00,4.07,
2018-12-22 06:15:00,4.0,
2018-12-22 06:30:00,3.38,
2018-12-22 06:45:00,3.35,
2018-12-22 07:00:00,3.35,
2018-12-22 07:15:00,3.31,
2018-12-22 07:30:00,3.85,
2018-12-22 07:45:00,4.03,
2018-12-22 08:00:00,3.35,
2018-12-22 08:15:00,3.31,
2018-12-22 08:30:00,3.24,
2018-12-22 08:45:00,3.38,
2018-12-22 09:00:00,3.82,
2018-12-22 09:15:00,4.28,
2018-12-22 09:30:00,4.28,
2018-12-22 09:45:00,4.32,
2018-12-22 10:00:00,4.21,
2018-12-22 10:15:00,3.6,
2018-12-22 10:30:00,3.6,
2018-12-22 10:45:00,3.6,
2018-12-22 11:00:00,3.6,
2018-12-22 11:15:00,3.6,
2018-12-22 11:30:00,3.6,
2018-12-22 11:45:00,3.6,
2018-12-22 12:00:00,3.6,
2018-12-22 12:15:00,3.71,
2018-12-22 12:30:00,4.39,
2018-12-22 12:45:00,4.1,
2018-12-22 13:00:00,3.71,
2018-12-22 13:15:00,4.28,
2018-12-22 13:30:00,4.25,
2018-12-22 13:45:00,4.25,
2018-12-22 14:00:00,4.21,
2018-12-22 14:15:00,3.67,
2018-12-22 14:30:00,3.46,
2018-12-22 14:45:00,3.49,
2018-12-22 15:00:00,3.53,
2018-12-22 15:15:00,3.56,
2018-12-22 15:30:00,3.53,
2018-12-22 15:45:00,3.56,
2018-12-22 16:00:00,3.56,
2018-12-22 16:15:00,3.49,
2018-12-22 16:30:00,3.53,
2018-12-22 16:45:00,3.56,
2018-12-22 17:00:00,4.68,
2018-12-22 17:15:00,5.44,
2018-12-22 17:30:00,4.46,
2018-12-22 17:45:00,4.28,
2018-12-22 18:00:00,4.07,
2018-12-22 18:15:00,3.6,
2018-12-22 18:30:00,3.67,
2018-12-22 18:45:00,3.67,
2018-12-22 19:00:00,3.71,
2018-12-22 19:15:00,3.74,
2018-12-22 19:30:00,3.71,
2018-12-22 19:45:00,3.74,
2018-12-22 20:00:00,3.67,
2018-12-22 20:15:00,3.67,
2018-12-22 20:30:00,3.67,
2018-12-22 20:45:00,3.67,
2018-12-22 21:00:00,4.18,
2018-12-22 21:15:00,4.61,
2018-12-22 21:30:00,5.51,
2018-12-22 21:45:00,4.43,
2018-12-22 22:00:00,4.1,
2018-12-22 22:15:00,3.46,
2018-12-22 22:30:00,3.38,
2018-12-22 22:45:00,3.42,
2018-12-22 23:00:00,3.38,
2018-12-22 23:15:00,3.35,
2018-12-22 23:30:00,3.31,
2018-12-22 23:45:00,3.31,
2018-12-23 00:00:00,3.78,
2018-12-23 00:15:00,3.31,
2018-12-23 00:30:00,3.35,
2018-12-23 00:45:00,3.42,
2018-12-23 01:00:00,4.93,
2018-12-23 01:15:00,4.93,
2018-12-23 01:30:00,4.14,
2018-12-23 01:45:00,4.07,
2018-12-23 02:00:00,3.49,
2018-12-23 02:15:00,3.46,
2018-12-23 02:30:00,3.49,
2018-12-23 02:45:00,3.42,
2018-12-23 03:00:00,3.42,
2018-12-23 03:15:00,3.46,
2018-12-23 03:30:00,3.42,
2018-12-23 03:45:00,3.53,
2018-12-23 04:00:00,3.46,
2018-12-23 04:15:00,3.42,
2018-12-23 04:30:00,3.6,
2018-12-23 04:45:00,4.14,
2018-12-23 05:00:00,5.18,
2018-12-23 05:15:00,4.64,
2018-12-23 05:30:00,4.1,
2018-12-23 05:45:00,3.49,
2018-12-23 06:00:00,3.38,
2018-12-23 06:15:00,3.35,
2018-12-23 06:30:00,3.46,
2018-12-23 06:45:00,3.38,
2018-12-23 07:00:00,3.38,
2018-12-23 07:15:00,3.38,
2018-12-23 07:30:00,3.38,
2018-12-23 07:45:00,3.42,
2018-12-23 08:00:00,3.49,
2018-12-23 08:15:00,4.07,
2018-12-23 08:30:00,4.97,
2018-12-23 08:45:00,4.82,
2018-12-23 09:00:00,4.28,
2018-12-23 09:15:00,3.92,
2018-12-23 09:30:00,3.71,
2018-12-23 09:45:00,3.64,
2018-12-23 10:00:00,3.64,
2018-12-23 10:15:00,3.67,
2018-12-23 10:30:00,3.71,
2018-12-23 10:45:00,3.71,
2018-12-23 11:00:00,3.74,
2018-12-23 11:15:00,3.78,
2018-12-23 11:30:00,3.71,
2018-12-23 11:45:00,3.74,
2018-12-23 12:00:00,3.96,
2018-12-23 12:15:00,4.86,
2018-12-23 12:30:00,5.54,
2018-12-23 12:45:00,4.54,
2018-12-23 13:00:00,4.36,
2018-12-23 13:15:00,3.67,
2018-12-23 13:30:00,3.67,
2018-12-23 13:45:00,3.67,
2018-12-23 14:00:00,3.67,
2018-12-23 14:15:00,3.71,
2018-12-23 14:30:00,3.67,
2018-12-23 14:45:00,3.67,
2018-12-23 15:00:00,3.67,
2018-12-23 15:15:00,3.64,
2018-12-23 15:30:00,3.67,
2018-12-23 15:45:00,3.74,
2018-12-23 16:00:00,4.36,
2018-12-23 16:15:00,4.36,
2018-12-23 16:30:00,5.0,
2018-12-23 16:45:00,5.33,
2018-12-23 17:00:00,3.6,
2018-12-23 17:15:00,3.56,
2018-12-23 17:30:00,3.6,
2018-12-23 17:45:00,3.67,
2018-12-23 18:00:00,3.49,
2018-12-23 18:15:00,3.49,
2018-12-23 18:30:00,3.49,
2018-12-23 18:45:00,3.64,
2018-12-23 19:00:00,3.64,
2018-12-23 19:15:00,4.03,
2018-12-23 19:30:00,4.25,
2018-12-23 19:45:00,4.28,
2018-12-23 20:00:00,4.25,
2018-12-23 20:15:00,4.0,
2018-12-23 20:30:00,3.49,
2018-12-23 20:45:00,4.21,
2018-12-23 21:00:00,4.14,
2018-12-23 21:15:00,3.49,
2018-12-23 21:30:00,3.42,
2018-12-23 21:45:00,3.46,
2018-12-23 22:00:00,3.53,
2018-12-23 22:15:00,3.2,
2018-12-23 22:30:00,3.2,
2018-12-23 22:45:00,3.2,
2018-12-23 23:00:00,3.96,
2018-12-23 23:15:00,4.0,
2018-12-23 23:30:00,4.0,
2018-12-23 23:45:00,4.0,
2018-12-24 00:00:00,3.78,
2018-12-24 00:15:00,3.35,
2018-12-24 00:30:00,3.38,
2018-12-24 00:45:00,3.38,
2018-12-24 01:00:00,3.96,
2018-12-24 01:15:00,3.89,
2018-12-24 01:30:00,3.38,
2018-12-24 01:45:00,3.35,
2018-12-24 02:00:00,3.49,
2018-12-24 02:15:00,3.38,
2018-12-24 02:30:00,3.42,
2018-12-24 02:45:00,4.0,
2018-12-24 03:00:00,4.07,
2018-12-24 03:15:00,4.14,
2018-12-24 03:30:00,4.1,
2018-12-24 03:45:00,3.96,
2018-12-24 04:00:00,3.35,
2018-12-24 04:15:00,3.38,
2018-12-24 04:30:00,3.64,
2018-12-24 04:45:00,4.07,
2018-12-24 05:00:00,3.42,
2018-12-24 05:15:00,3.31,
2018-12-24 05:30:00,3.35,
2018-12-24 05:45:00,3.35,
2018-12-24 06:00:00,3.35,
2018-12-24 06:15:00,3.38,
2018-12-24 06:30:00,3.6,
2018-12-24 06:45:00,4.03,
2018-12-24 07:00:00,4.0,
2018-12-24 07:15:00,3.96,
2018-12-24 07:30:00,4.54,
2018-12-24 07:45:00,5.36,
2018-12-24 08:00:00,6.52,
2018-12-24 08:15:00,21.89,
2018-12-24 08:30:00,59.62,
2018-12-24 08:45:00,64.58,
2018-12-24 09:00:00,67.18,
2018-12-24 09:15:00,69.44,
2018-12-24 09:30:00,65.38,
2018-12-24 09:45:00,67.0,
2018-12-24 10:00:00,56.27,
2018-12-24 10:15:00,54.18,
2018-12-24 10:30:00,58.39,
2018-12-24 10:45:00,54.86,
2018-12-24 11:00:00,54.18,
2018-12-24 11:15:00,55.55,
2018-12-24 11:30:00,53.21,
2018-12-24 11:45:00,53.03,
2018-12-24 12:00:00,40.64,
2018-12-24 12:15:00,6.91,
2018-12-24 12:30:00,6.91,
2018-12-24 12:45:00,6.48,
2018-12-24 13:00:00,6.12,
2018-12-24 13:15:00,34.49,
2018-12-24 13:30:00,46.98,
2018-12-24 13:45:00,38.2,
2018-12-24 14:00:00,37.84,
2018-12-24 14:15:00,43.45,
2018-12-24 14:30:00,63.9,
2018-12-24 14:45:00,38.48,
2018-12-24 15:00:00,38.12,
2018-12-24 15:15:00,45.25,
2018-12-24 15:30:00,51.12,
2018-12-24 15:45:00,45.72,
2018-12-24 16:00:00,51.7,
2018-12-24 16:15:00,47.2,
2018-12-24 16:30:00,69.55,
2018-12-24 16:45:00,44.82,
2018-12-24 17:00:00,40.86,
2018-12-24 17:15:00,33.66,
2018-12-24 17:30:00,9.86,
2018-12-24 17:45:00,6.73,
2018-12-24 18:00:00,5.29,
2018-12-24 18:15:00,5.22,
2018-12-24 18:30:00,5.18,
2018-12-24 18:45:00,5.33,
2018-12-24 19:00:00,5.04,
2018-12-24 19:15:00,4.14,
2018-12-24 19:30:00,4.18,
2018-12-24 19:45:00,4.1,
2018-12-24 20:00:00,4.18,
2018-12-24 20:15:00,4.1,
2018-12-24 20:30:00,4.14,
2018-12-24 20:45:00,4.21,
2018-12-24 21:00:00,4.18,
2018-12-24 21:15:00,4.18,
2018-12-24 21:30:00,4.14,
2018-12-24 21:45:00,4.18,
2018-12-24 22:00:00,5.4,
2018-12-24 22:15:00,4.5,
2018-12-24 22:30:00,3.92,
2018-12-24 22:45:00,3.89,
2018-12-24 23:00:00,3.85,
2018-12-24 23:15:00,3.85,
2018-12-24 23:30:00,3.82,
2018-12-24 23:45:00,3.85,
2018-12-25 00:00:00,3.13,
2018-12-25 00:15:00,3.85,
2018-12-25 00:30:00,3.92,
2018-12-25 00:45:00,3.89,
2018-12-25 01:00:00,3.85,
2018-12-25 01:15:00,3.56,
2018-12-25 01:30:00,3.2,
2018-12-25 01:45:00,3.92,
2018-12-25 02:00:00,3.64,
2018-12-25 02:15:00,3.17,
2018-12-25 02:30:00,3.17,
2018-12-25 02:45:00,3.2,
2018-12-25 03:00:00,3.24,
2018-12-25 03:15:00,3.2,
2018-12-25 03:30:00,3.2,
2018-12-25 03:45:00,3.28,
2018-12-25 04:00:00,3.96,
2018-12-25 04:15:00,3.96,
2018-12-25 04:30:00,3.92,
2018-12-25 04:45:00,3.89,
2018-12-25 05:00:00,3.35,
2018-12-25 05:15:00,3.24,
2018-12-25 05:30:00,3.35,
2018-12-25 05:45:00,3.96,
2018-12-25 06:00:00,3.71,
2018-12-25 06:15:00,3.17,
2018-12-25 06:30:00,3.2,
2018-12-25 06:45:00,3.2,
2018-12-25 07:00:00,3.17,
2018-12-25 07:15:00,3.24,
2018-12-25 07:30:00,3.85,
2018-12-25 07:45:00,3.92,
2018-12-25 08:00:00,3.89,
2018-12-25 08:15:00,3.89,
2018-12-25 08:30:00,3.49,
2018-12-25 08:45:00,3.24,
2018-12-25 09:00:00,3.38,
2018-12-25 09:15:00,3.49,
2018-12-25 09:30:00,3.46,
2018-12-25 09:45:00,3.82,
2018-12-25 10:00:00,3.96,
2018-12-25 10:15:00,3.42,
2018-12-25 10:30:00,3.53,
2018-12-25 10:45:00,3.46,
2018-12-25 11:00:00,3.46,
2018-12-25 11:15:00,3.78,
2018-12-25 11:30:00,4.18,
2018-12-25 11:45:00,4.28,
2018-12-25 12:00:00,4.18,
2018-12-25 12:15:00,4.07,
2018-12-25 12:30:00,3.56,
2018-12-25 12:45:00,3.53,
2018-12-25 13:00:00,3.53,
2018-12-25 13:15:00,5.04,
2018-12-25 13:30:00,4.07,
2018-12-25 13:45:00,3.42,
2018-12-25 14:00:00,3.42,
2018-12-25 14:15:00,3.49,
2018-12-25 14:30:00,3.46,
2018-12-25 14:45:00,3.53,
2018-12-25 15:00:00,4.14,
2018-12-25 15:15:00,4.14,
2018-12-25 15:30:00,4.14,
2018-12-25 15:45:00,4.1,
2018-12-25 16:00:00,3.67,
2018-12-25 16:15:00,3.46,
2018-12-25 16:30:00,3.42,
2018-12-25 16:45:00,3.46,
2018-12-25 17:00:00,3.42,
2018-12-25 17:15:00,3.46,
2018-12-25 17:30:00,4.0,
2018-12-25 17:45:00,4.0,
2018-12-25 18:00:00,3.38,
2018-12-25 18:15:00,3.38,
2018-12-25 18:30:00,3.74,
2018-12-25 18:45:00,4.1,
2018-12-25 19:00:00,4.18,
2018-12-25 19:15:00,4.1,
2018-12-25 19:30:00,4.18,
2018-12-25 19:45:00,3.64,
2018-12-25 20:00:00,3.46,
2018-12-25 20:15:00,3.46,
2018-12-25 20:30:00,3.38,
2018-12-25 20:45:00,3.42,
2018-12-25 21:00:00,3.42,
2018-12-25 21:15:00,3.42,
2018-12-25 21:30:00,4.03,
2018-12-25 21:45:00,4.14,
2018-12-25 22:00:00,3.49,
2018-12-25 22:15:00,3.2,
2018-12-25 22:30:00,3.85,
2018-12-25 22:45:00,3.89,
2018-12-25 23:00:00,3.89,
2018-12-25 23:15:00,3.85,
2018-12-25 23:30:00,3.64,
2018-12-25 23:45:00,3.31,
2018-12-26 00:00:00,3.67,
2018-12-26 00:15:00,3.24,
2018-12-26 00:30:00,3.24,
2018-12-26 00:45:00,3.2,
2018-12-26 01:00:00,3.31,
2018-12-26 01:15:00,3.24,
2018-12-26 01:30:00,3.28,
2018-12-26 01:45:00,3.24,
2018-12-26 02:00:00,3.24,
2018-12-26 02:15:00,3.78,
2018-12-26 02:30:00,3.96,
2018-12-26 02:45:00,4.97,
2018-12-26 03:00:00,4.36,
2018-12-26 03:15:00,3.71,
2018-12-26 03:30:00,3.28,
2018-12-26 03:45:00,3.31,
2018-12-26 04:00:00,3.28,
2018-12-26 04:15:00,3.28,
2018-12-26 04:30:00,3.2,
2018-12-26 04:45:00,3.24,
2018-12-26 05:00:00,3.28,
2018-12-26 05:15:00,3.2,
2018-12-26 05:30:00,3.24,
2018-12-26 05:45:00,3.2,
2018-12-26 06:00:00,4.79,
2018-12-26 06:15:00,4.86,
2018-12-26 06:30:00,3.92,
2018-12-26 06:45:00,3.82,
2018-12-26 07:00:00,3.35,
2018-12-26 07:15:00,3.17,
2018-12-26 07:30:00,3.42,
2018-12-26 07:45:00,4.82,
2018-12-26 08:00:00,5.0,
2018-12-26 08:15:00,34.52,
2018-12-26 08:30:00,48.06,
2018-12-26 08:45:00,78.23,
2018-12-26 09:00:00,51.08,
2018-12-26 09:15:00,70.99,
2018-12-26 09:30:00,65.74,
2018-12-26 09:45:00,52.96,
2018-12-26 10:00:00,55.44,
2018-12-26 10:15:00,52.06,
2018-12-26 10:30:00,57.64,
2018-12-26 10:45:00,62.21,
2018-12-26 11:00:00,45.58,
2018-12-26 11:15:00,54.58,
2018-12-26 11:30:00,55.15,
2018-12-26 11:45:00,58.64,
2018-12-26 12:00:00,31.28,
2018-12-26 12:15:00,6.77,
2018-12-26 12:30:00,7.09,
2018-12-26 12:45:00,6.95,
2018-12-26 13:00:00,6.41,
2018-12-26 13:15:00,20.66,
2018-12-26 13:30:00,59.9,
2018-12-26 13:45:00,55.3,
2018-12-26 14:00:00,51.41,
2018-12-26 14:15:00,57.02,
2018-12-26 14:30:00,43.06,
2018-12-26 14:45:00,41.4,
2018-12-26 15:00:00,52.92,
2018-12-26 15:15:00,53.42,
2018-12-26 15:30:00,40.68,
2018-12-26 15:45:00,40.64,
2018-12-26 16:00:00,41.47,
2018-12-26 16:15:00,56.2,
2018-12-26 16:30:00,59.04,
2018-12-26 16:45:00,54.68,
2018-12-26 17:00:00,57.67,
2018-12-26 17:15:00,54.79,
2018-12-26 17:30:00,34.42,
2018-12-26 17:45:00,9.5,
2018-12-26 18:00:00,5.22,
2018-12-26 18:15:00,5.04,
2018-12-26 18:30:00,5.04,
2018-12-26 18:45:00,5.08,
2018-12-26 19:00:00,5.08,
2018-12-26 19:15:00,4.68,
2018-12-26 19:30:00,3.92,
2018-12-26 19:45:00,3.89,
2018-12-26 20:00:00,3.85,
2018-12-26 20:15:00,3.89,
2018-12-26 20:30:00,3.89,
2018-12-26 20:45:00,3.96,
2018-12-26 21:00:00,3.89,
2018-12-26 21:15:00,3.96,
2018-12-26 21:30:00,4.0,
2018-12-26 21:45:00,3.96,
2018-12-26 22:00:00,4.07,
2018-12-26 22:15:00,4.0,
2018-12-26 22:30:00,4.9,
2018-12-26 22:45:00,4.1,
2018-12-26 23:00:00,3.71,
2018-12-26 23:15:00,3.74,
2018-12-26 23:30:00,3.64,
2018-12-26 23:45:00,3.67,
2018-12-27 00:00:00,3.74,
2018-12-27 00:15:00,3.64,
2018-12-27 00:30:00,3.74,
2018-12-27 00:45:00,3.71,
2018-12-27 01:00:00,3.71,
2018-12-27 01:15:00,3.67,
2018-12-27 01:30:00,3.67,
2018-12-27 01:45:00,3.78,
2018-12-27 02:00:00,4.18,
2018-12-27 02:15:00,4.86,
2018-12-27 02:30:00,4.21,
2018-12-27 02:45:00,3.71,
2018-12-27 03:00:00,3.78,
2018-12-27 03:15:00,3.67,
2018-12-27 03:30:00,3.71,
2018-12-27 03:45:00,3.24,
2018-12-27 04:00:00,3.02,
2018-12-27 04:15:00,2.99,
2018-12-27 04:30:00,2.99,
2018-12-27 04:45:00,2.95,
2018-12-27 05:00:00,2.95,
2018-12-27 05:15:00,2.95,
2018-12-27 05:30:00,2.95,
2018-12-27 05:45:00,2.95,
2018-12-27 06:00:00,3.42,
2018-12-27 06:15:00,3.74,
2018-12-27 06:30:00,4.86,
2018-12-27 06:45:00,4.21,
2018-12-27 07:00:00,3.6,
2018-12-27 07:15:00,2.88,
2018-12-27 07:30:00,3.2,
2018-12-27 07:45:00,4.9,
2018-12-27 08:00:00,5.65,
2018-12-27 08:15:00,32.0,
2018-12-27 08:30:00,52.63,
2018-12-27 08:45:00,73.66,
2018-12-27 09:00:00,63.47,
2018-12-27 09:15:00,56.77,
2018-12-27 09:30:00,53.93,
2018-12-27 09:45:00,59.4,
2018-12-27 10:00:00,76.03,
2018-12-27 10:15:00,47.81,
2018-12-27 10:30:00,45.83,
2018-12-27 10:45:00,52.63,
2018-12-27 11:00:00,68.69,
2018-12-27 11:15:00,51.16,
2018-12-27 11:30:00,51.52,
2018-12-27 11:45:00,54.83,
2018-12-27 12:00:00,59.62,
2018-12-27 12:15:00,13.54,
2018-12-27 12:30:00,6.62,
2018-12-27 12:45:00,6.59,
2018-12-27 13:00:00,17.82,
2018-12-27 13:15:00,40.57,
2018-12-27 13:30:00,43.7,
2018-12-27 13:45:00,46.84,
2018-12-27 14:00:00,53.32,
2018-12-27 14:15:00,55.01,
2018-12-27 14:30:00,61.74,
2018-12-27 14:45:00,54.14,
2018-12-27 15:00:00,53.5,
2018-12-27 15:15:00,44.75,
2018-12-27 15:30:00,42.95,
2018-12-27 15:45:00,60.84,
2018-12-27 16:00:00,63.04,
2018-12-27 16:15:00,59.58,
2018-12-27 16:30:00,63.22,
2018-12-27 16:45:00,45.79,
2018-12-27 17:00:00,41.58,
2018-12-27 17:15:00,54.58,
2018-12-27 17:30:00,36.72,
2018-12-27 17:45:00,29.38,
2018-12-27 18:00:00,28.48,
2018-12-27 18:15:00,48.56,
2018-12-27 18:30:00,53.82,
2018-12-27 18:45:00,53.5,
2018-12-27 19:00:00,53.14,
2018-12-27 19:15:00,51.01,
2018-12-27 19:30:00,47.99,
2018-12-27 19:45:00,49.18,
2018-12-27 20:00:00,50.33,
2018-12-27 20:15:00,50.04,
2018-12-27 20:30:00,40.93,
2018-12-27 20:45:00,14.51,
2018-12-27 21:00:00,8.35,
2018-12-27 21:15:00,5.26,
2018-12-27 21:30:00,5.26,
2018-12-27 21:45:00,5.26,
2018-12-27 22:00:00,4.5,
2018-12-27 22:15:00,3.89,
2018-12-27 22:30:00,3.85,
2018-12-27 22:45:00,3.82,
2018-12-27 23:00:00,3.82,
2018-12-27 23:15:00,3.82,
2018-12-27 23:30:00,3.78,
2018-12-27 23:45:00,3.74,
2018-12-28 00:00:00,4.82,
2018-12-28 00:15:00,3.74,
2018-12-28 00:30:00,3.78,
2018-12-28 00:45:00,3.85,
2018-12-28 01:00:00,4.14,
2018-12-28 01:15:00,4.9,
2018-12-28 01:30:00,4.14,
2018-12-28 01:45:00,3.82,
2018-12-28 02:00:00,3.85,
2018-12-28 02:15:00,3.82,
2018-12-28 02:30:00,3.82,
2018-12-28 02:45:00,3.82,
2018-12-28 03:00:00,3.82,
2018-12-28 03:15:00,3.89,
2018-12-28 03:30:00,3.89,
2018-12-28 03:45:00,3.85,
2018-12-28 04:00:00,3.82,
2018-12-28 04:15:00,4.07,
2018-12-28 04:30:00,5.04,
2018-12-28 04:45:00,4.1,
2018-12-28 05:00:00,3.82,
2018-12-28 05:15:00,3.89,
2018-12-28 05:30:00,3.38,
2018-12-28 05:45:00,3.17,
2018-12-28 06:00:00,3.06,
2018-12-28 06:15:00,3.06,
2018-12-28 06:30:00,3.1,
2018-12-28 06:45:00,3.06,
2018-12-28 07:00:00,3.1,
2018-12-28 07:15:00,3.38,
2018-12-28 07:30:00,4.97,
2018-12-28 07:45:00,6.7,
2018-12-28 08:00:00,6.16,
2018-12-28 08:15:00,35.75,
2018-12-28 08:30:00,57.78,
2018-12-28 08:45:00,57.74,
2018-12-28 09:00:00,66.46,
2018-12-28 09:15:00,66.82,
2018-12-28 09:30:00,59.9,
2018-12-28 09:45:00,63.32,
2018-12-28 10:00:00,57.17,
2018-12-28 10:15:00,55.91,
2018-12-28 10:30:00,62.42,
2018-12-28 10:45:00,59.72,
2018-12-28 11:00:00,62.71,
2018-12-28 11:15:00,57.82,
2018-12-28 11:30:00,64.94,
2018-12-28 11:45:00,58.97,
2018-12-28 12:00:00,47.05,
2018-12-28 12:15:00,10.01,
2018-12-28 12:30:00,7.81,
2018-12-28 12:45:00,7.27,
2018-12-28 13:00:00,7.31,
2018-12-28 13:15:00,42.55,
2018-12-28 13:30:00,56.12,
2018-12-28 13:45:00,45.0,
2018-12-28 14:00:00,45.22,
2018-12-28 14:15:00,42.62,
2018-12-28 14:30:00,34.2,
2018-12-28 14:45:00,42.8,
2018-12-28 15:00:00,48.02,
2018-12-28 15:15:00,44.6,
2018-12-28 15:30:00,35.78,
2018-12-28 15:45:00,32.62,
2018-12-28 16:00:00,31.39,
2018-12-28 16:15:00,30.06,
2018-12-28 16:30:00,30.13,
2018-12-28 16:45:00,23.58,
2018-12-28 17:00:00,8.57,
2018-12-28 17:15:00,9.58,
2018-12-28 17:30:00,9.14,
2018-12-28 17:45:00,5.47,
2018-12-28 18:00:00,5.08,
2018-12-28 18:15:00,5.08,
2018-12-28 18:30:00,5.11,
2018-12-28 18:45:00,5.15,
2018-12-28 19:00:00,5.15,
2018-12-28 19:15:00,5.15,
2018-12-28 19:30:00,5.18,
2018-12-28 19:45:00,5.22,
2018-12-28 20:00:00,5.15,
2018-12-28 20:15:00,5.15,
2018-12-28 20:30:00,5.18,
2018-12-28 20:45:00,5.26,
2018-12-28 21:00:00,5.18,
2018-12-28 21:15:00,5.15,
2018-12-28 21:30:00,5.26,
2018-12-28 21:45:00,5.26,
2018-12-28 22:00:00,5.22,
2018-12-28 22:15:00,4.97,
2018-12-28 22:30:00,4.97,
2018-12-28 22:45:00,4.93,
2018-12-28 23:00:00,5.04,
2018-12-28 23:15:00,4.86,
2018-12-28 23:30:00,4.86,
2018-12-28 23:45:00,4.86,
2018-12-29 00:00:00,4.28,
2018-12-29 00:15:00,4.9,
2018-12-29 00:30:00,4.82,
2018-12-29 00:45:00,3.85,
2018-12-29 01:00:00,3.74,
2018-12-29 01:15:00,3.82,
2018-12-29 01:30:00,3.78,
2018-12-29 01:45:00,3.67,
2018-12-29 02:00:00,3.74,
2018-12-29 02:15:00,3.71,
2018-12-29 02:30:00,3.82,
2018-12-29 02:45:00,3.78,
2018-12-29 03:00:00,3.71,
2018-12-29 03:15:00,3.74,
2018-12-29 03:30:00,3.78,
2018-12-29 03:45:00,3.78,
2018-12-29 04:00:00,3.74,
2018-12-29 04:15:00,3.02,
2018-12-29 04:30:00,3.74,
2018-12-29 04:45:00,3.6,
2018-12-29 05:00:00,3.06,
2018-12-29 05:15:00,3.02,
2018-12-29 05:30:00,3.02,
2018-12-29 05:45:00,2.99,
2018-12-29 06:00:00,3.06,
2018-12-29 06:15:00,3.06,
2018-12-29 06:30:00,3.67,
2018-12-29 06:45:00,3.74,
2018-12-29 07:00:00,3.71,
2018-12-29 07:15:00,3.67,
2018-12-29 07:30:00,3.38,
2018-12-29 07:45:00,3.02,
2018-12-29 08:00:00,2.92,
2018-12-29 08:15:00,2.95,
2018-12-29 08:30:00,3.13,
2018-12-29 08:45:00,3.78,
2018-12-29 09:00:00,3.24,
2018-12-29 09:15:00,3.17,
2018-12-29 09:30:00,3.2,
2018-12-29 09:45:00,3.31,
2018-12-29 10:00:00,4.03,
2018-12-29 10:15:00,4.03,
2018-12-29 10:30:00,4.03,
2018-12-29 10:45:00,4.03,
2018-12-29 11:00:00,6.19,
2018-12-29 11:15:00,26.17,
2018-12-29 11:30:00,9.36,
2018-12-29 11:45:00,3.64,
2018-12-29 12:00:00,4.14,
2018-12-29 12:15:00,3.78,
2018-12-29 12:30:00,3.46,
2018-12-29 12:45:00,3.42,
2018-12-29 13:00:00,3.42,
2018-12-29 13:15:00,4.1,
2018-12-29 13:30:00,4.14,
2018-12-29 13:45:00,4.07,
2018-12-29 14:00:00,4.03,
2018-12-29 14:15:00,3.92,
2018-12-29 14:30:00,3.31,
2018-12-29 14:45:00,3.35,
2018-12-29 15:00:00,3.31,
2018-12-29 15:15:00,3.31,
2018-12-29 15:30:00,3.31,
2018-12-29 15:45:00,3.35,
2018-12-29 16:00:00,3.49,
2018-12-29 16:15:00,4.1,
2018-12-29 16:30:00,3.71,
2018-12-29 16:45:00,3.67,
2018-12-29 17:00:00,4.1,
2018-12-29 17:15:00,4.07,
2018-12-29 17:30:00,4.07,
2018-12-29 17:45:00,4.1,
2018-12-29 18:00:00,3.56,
2018-12-29 18:15:00,3.31,
2018-12-29 18:30:00,3.24,
2018-12-29 18:45:00,3.35,
2018-12-29 19:00:00,3.31,
2018-12-29 19:15:00,3.35,
2018-12-29 19:30:00,3.35,
2018-12-29 19:45:00,3.31,
2018-12-29 20:00:00,3.71,
2018-12-29 20:15:00,4.36,
2018-12-29 20:30:00,4.28,
2018-12-29 20:45:00,4.14,
2018-12-29 21:00:00,4.1,
2018-12-29 21:15:00,4.07,
2018-12-29 21:30:00,3.85,
2018-12-29 21:45:00,3.46,
2018-12-29 22:00:00,3.31,
2018-12-29 22:15:00,3.13,
2018-12-29 22:30:00,3.13,
2018-12-29 22:45:00,3.13,
2018-12-29 23:00:00,3.17,
2018-12-29 23:15:00,3.06,
2018-12-29 23:30:00,2.99,
2018-12-29 23:45:00,3.42,
2018-12-30 00:00:00,3.1,
2018-12-30 00:15:00,3.92,
2018-12-30 00:30:00,3.82,
2018-12-30 00:45:00,3.74,
2018-12-30 01:00:00,3.78,
2018-12-30 01:15:00,3.42,
2018-12-30 01:30:00,3.17,
2018-12-30 01:45:00,3.02,
2018-12-30 02:00:00,3.1,
2018-12-30 02:15:00,3.06,
2018-12-30 02:30:00,3.1,
2018-12-30 02:45:00,3.13,
2018-12-30 03:00:00,3.1,
2018-12-30 03:15:00,3.13,
2018-12-30 03:30:00,3.6,
2018-12-30 03:45:00,4.86,
2018-12-30 04:00:00,3.85,
2018-12-30 04:15:00,3.82,
2018-12-30 04:30:00,3.82,
2018-12-30 04:45:00,3.46,
2018-12-30 05:00:00,3.17,
2018-12-30 05:15:00,3.13,
2018-12-30 05:30:00,3.1,
2018-12-30 05:45:00,3.1,
2018-12-30 06:00:00,3.1,
2018-12-30 06:15:00,3.13,
2018-12-30 06:30:00,3.13,
2018-12-30 06:45:00,3.1,
2018-12-30 07:00:00,3.82,
2018-12-30 07:15:00,4.36,
2018-12-30 07:30:00,4.97,
2018-12-30 07:45:00,3.96,
2018-12-30 08:00:00,3.46,
2018-12-30 08:15:00,3.06,
2018-12-30 08:30:00,3.06,
2018-12-30 08:45:00,3.17,
2018-12-30 09:00:00,3.28,
2018-12-30 09:15:00,3.35,
2018-12-30 09:30:00,3.38,
2018-12-30 09:45:00,3.35,
2018-12-30 10:00:00,3.46,
2018-12-30 10:15:00,3.38,
2018-12-30 10:30:00,4.0,
2018-12-30 10:45:00,4.1,
2018-12-30 11:00:00,4.1,
2018-12-30 11:15:00,4.28,
2018-12-30 11:30:00,4.61,
2018-12-30 11:45:00,3.56,
2018-12-30 12:00:00,3.42,
2018-12-30 12:15:00,3.46,
2018-12-30 12:30:00,3.46,
2018-12-30 12:45:00,3.31,
2018-12-30 13:00:00,3.28,
2018-12-30 13:15:00,3.2,
2018-12-30 13:30:00,3.24,
2018-12-30 13:45:00,3.24,
2018-12-30 14:00:00,4.03,
2018-12-30 14:15:00,4.0,
2018-12-30 14:30:00,4.03,
2018-12-30 14:45:00,4.82,
2018-12-30 15:00:00,4.1,
2018-12-30 15:15:00,3.31,
2018-12-30 15:30:00,3.24,
2018-12-30 15:45:00,3.24,
2018-12-30 16:00:00,3.35,
2018-12-30 16:15:00,3.31,
2018-12-30 16:30:00,3.35,
2018-12-30 16:45:00,3.24,
2018-12-30 17:00:00,3.24,
2018-12-30 17:15:00,3.42,
2018-12-30 17:30:00,4.0,
2018-12-30 17:45:00,4.75,
2018-12-30 18:00:00,4.68,
2018-12-30 18:15:00,3.89,
2018-12-30 18:30:00,3.53,
2018-12-30 18:45:00,3.2,
2018-12-30 19:00:00,3.28,
2018-12-30 19:15:00,3.24,
2018-12-30 19:30:00,3.24,
2018-12-30 19:45:00,3.2,
2018-12-30 20:00:00,3.24,
2018-12-30 20:15:00,3.31,
2018-12-30 20:30:00,3.24,
2018-12-30 20:45:00,3.78,
2018-12-30 21:00:00,4.32,
2018-12-30 21:15:00,4.07,
2018-12-30 21:30:00,4.07,
2018-12-30 21:45:00,4.03,
2018-12-30 22:00:00,4.0,
2018-12-30 22:15:00,3.2,
2018-12-30 22:30:00,2.99,
2018-12-30 22:45:00,3.1,
2018-12-30 23:00:00,3.02,
2018-12-30 23:15:00,2.95,
2018-12-30 23:30:00,2.99,
2018-12-30 23:45:00,2.92,
2018-12-31 00:00:00,3.67,
2018-12-31 00:15:00,3.64,
2018-12-31 00:30:00,3.31,
2018-12-31 00:45:00,3.49,
2018-12-31 01:00:00,3.71,
2018-12-31 01:15:00,3.78,
2018-12-31 01:30:00,3.71,
2018-12-31 01:45:00,3.67,
2018-12-31 02:00:00,3.02,
2018-12-31 02:15:00,2.99,
2018-12-31 02:30:00,3.06,
2018-12-31 02:45:00,3.02,
2018-12-31 03:00:00,3.06,
2018-12-31 03:15:00,3.02,
2018-12-31 03:30:00,3.46,
2018-12-31 03:45:00,3.74,
2018-12-31 04:00:00,3.06,
2018-12-31 04:15:00,3.74,
2018-12-31 04:30:00,3.74,
2018-12-31 04:45:00,3.78,
2018-12-31 05:00:00,3.78,
2018-12-31 05:15:00,3.56,
2018-12-31 05:30:00,2.99,
2018-12-31 05:45:00,3.02,
2018-12-31 06:00:00,2.95,
2018-12-31 06:15:00,3.02,
2018-12-31 06:30:00,2.99,
2018-12-31 06:45:00,3.02,
2018-12-31 07:00:00,3.74,
2018-12-31 07:15:00,3.17,
2018-12-31 07:30:00,2.95,
2018-12-31 07:45:00,3.56,
2018-12-31 08:00:00,3.64,
2018-12-31 08:15:00,3.6,
2018-12-31 08:30:00,3.74,
2018-12-31 08:45:00,3.74,
2018-12-31 09:00:00,3.06,
2018-12-31 09:15:00,3.17,
2018-12-31 09:30:00,3.13,
2018-12-31 09:45:00,3.17,
2018-12-31 10:00:00,3.24,
2018-12-31 10:15:00,3.2,
2018-12-31 10:30:00,4.03,
2018-12-31 10:45:00,3.67,
2018-12-31 11:00:00,3.35,
2018-12-31 11:15:00,3.35,
2018-12-31 11:30:00,3.82,
2018-12-31 11:45:00,4.0,
2018-12-31 12:00:00,4.07,
2018-12-31 12:15:00,4.03,
2018-12-31 12:30:00,4.1,
2018-12-31 12:45:00,3.35,
2018-12-31 13:00:00,3.35,
2018-12-31 13:15:00,3.35,
2018-12-31 13:30:00,3.31,
2018-12-31 13:45:00,3.31,
2018-12-31 14:00:00,3.35,
2018-12-31 14:15:00,3.35,
2018-12-31 14:30:00,3.56,
2018-12-31 14:45:00,4.07,
2018-12-31 15:00:00,3.53,
2018-12-31 15:15:00,3.42,
2018-12-31 15:30:00,4.07,
2018-12-31 15:45:00,4.07,
2018-12-31 16:00:00,4.03,
2018-12-31 16:15:00,4.07,
2018-12-31 16:30:00,3.92,
2018-12-31 16:45:00,3.31,
2018-12-31 17:00:00,3.31,
2018-12-31 17:15:00,3.35,
2018-12-31 17:30:00,3.31,
2018-12-31 17:45:00,3.46,
2018-12-31 18:00:00,3.42,
2018-12-31 18:15:00,3.35,
2018-12-31 18:30:00,3.82,
2018-12-31 18:45:00,4.14,
2018-12-31 19:00:00,3.49,
2018-12-31 19:15:00,3.96,
2018-12-31 19:30:00,4.14,
2018-12-31 19:45:00,4.21,
2018-12-31 20:00:00,4.14,
2018-12-31 20:15:00,4.18,
2018-12-31 20:30:00,3.38,
2018-12-31 20:45:00,3.42,
2018-12-31 21:00:00,3.42,
2018-12-31 21:15:00,3.42,
2018-12-31 21:30:00,3.49,
2018-12-31 21:45:00,3.42,
2018-12-31 22:00:00,3.42,
2018-12-31 22:15:00,3.24,
2018-12-31 22:30:00,3.67,
2018-12-31 22:45:00,3.82,
2018-12-31 23:00:00,3.85,
2018-12-31 23:15:00,3.74,
2018-12-31 23:30:00,3.78,
2018-12-31 23:45:00,3.78,
2019-01-01 00:00:00,,6.801803361153707
2019-01-01 00:15:00,,14.89419792582417
2019-01-01 00:30:00,,23.025310238095223
2019-01-01 00:45:00,,22.860840536050578
2019-01-01 01:00:00,,21.63873575759374
2019-01-01 01:15:00,,19.81815852453103
2019-01-01 01:30:00,,14.21551666666667
2019-01-01 01:45:00,,12.931137837301595
2019-01-01 02:00:00,,12.993489226190473
2019-01-01 02:15:00,,16.098615932539687
2019-01-01 02:30:00,,17.66363240800866
2019-01-01 02:45:00,,17.58430333874459
2019-01-01 03:00:00,,13.862973749999997
2019-01-01 03:15:00,,13.817082108585861
2019-01-01 03:30:00,,16.194552447691198
2019-01-01 03:45:00,,16.658834312770562
2019-01-01 04:00:00,,15.53182196428572
2019-01-01 04:15:00,,16.44782250541126
2019-01-01 04:30:00,,15.441963933982684
2019-01-01 04:45:00,,14.997869529220786
2019-01-01 05:00:00,,14.259968869047619
2019-01-01 05:15:00,,16.026798973665223
2019-01-01 05:30:00,,16.527200146103898
2019-01-01 05:45:00,,17.34385893398269
2019-01-01 06:00:00,,14.091040416666665
2019-01-01 06:15:00,,13.863702941919193
2019-01-01 06:30:00,,16.09791578102453
2019-01-01 06:45:00,,16.57707347943723
2019-01-01 07:00:00,,15.024409464285718
2019-01-01 07:15:00,,16.00587167207792
2019-01-01 07:30:00,,15.343429074675326
2019-01-01 07:45:00,,16.3833470508658
2019-01-01 08:00:00,,15.252810892857148
2019-01-01 08:15:00,,17.076539172077922
2019-01-01 08:30:00,,15.959957148268394
2019-01-01 08:45:00,,14.829595362554116
2019-01-01 09:00:00,,14.449997202380954
2019-01-01 09:15:00,,16.657589449855703
2019-01-01 09:30:00,,18.791912743506497
2019-01-01 09:45:00,,15.738973338744591
2019-01-01 10:00:00,,13.675733869047626
2019-01-01 10:15:00,,14.57731127525253
2019-01-01 10:30:00,,16.35265858766234
2019-01-01 10:45:00,,17.4445771482684
2019-01-01 11:00:00,,15.916591130952384
2019-01-01 11:15:00,,15.28731452922078
2019-01-01 11:30:00,,15.62414490800866
2019-01-01 11:45:00,,15.419179074675325
2019-01-01 12:00:00,,14.818758750000004
2019-01-01 12:15:00,,17.047076136363643
2019-01-01 12:30:00,,17.872222981601734
2019-01-01 12:45:00,,15.661359172077926
2019-01-01 13:00:00,,13.529908869047626
2019-01-01 13:15:00,,15.755626136363643
2019-01-01 13:30:00,,17.54335276515153
2019-01-01 13:45:00,,17.515917386363643
2019-01-01 14:00:00,,14.525528750000008
2019-01-01 14:15:00,,14.497471612554122
2019-01-01 14:30:00,,14.914353241342003
2019-01-01 14:45:00,,16.019342765151524
2019-01-01 15:00:00,,15.015302083333342
2019-01-01 15:15:00,,16.10779530303031
2019-01-01 15:30:00,,16.560211217532473
2019-01-01 15:45:00,,15.218873933982692
2019-01-01 16:00:00,,13.87707803571429
2019-01-01 16:15:00,,14.913950773809525
2019-01-01 16:30:00,,15.20796895562771
2019-01-01 16:45:00,,15.293624788961042
2019-01-01 17:00:00,,13.948935773809518
2019-01-01 17:15:00,,14.64974532287157
2019-01-01 17:30:00,,15.757588695887453
2019-01-01 17:45:00,,15.698537743506499
2019-01-01 18:00:00,,13.75133410714286
2019-01-01 18:15:00,,14.599512822871574
2019-01-01 18:30:00,,15.260694410173164
2019-01-01 18:45:00,,15.637685622294377
2019-01-01 19:00:00,,14.249179940476193
2019-01-01 19:15:00,,15.110368630952383
2019-01-01 19:30:00,,15.496958122294377
2019-01-01 19:45:00,,14.900956455627707
2019-01-01 20:00:00,,13.848305773809521
2019-01-01 20:15:00,,14.49680863095238
2019-01-01 20:30:00,,14.725255243506494
2019-01-01 20:45:00,,14.910486314935063
2019-01-01 21:00:00,,14.051251011904759
2019-01-01 21:15:00,,14.406382505411248
2019-01-01 21:30:00,,14.601956672077925
2019-01-01 21:45:00,,14.912744193722945
2019-01-01 22:00:00,,13.62866601190476
2019-01-01 22:15:00,,14.397313814935057
2019-01-01 22:30:00,,14.627923360389614
2019-01-01 22:45:00,,14.74131419372295
2019-01-01 23:00:00,,13.898331845238097
2019-01-01 23:15:00,,14.68397131493506
2019-01-01 23:30:00,,14.578446693722947
2019-01-01 23:45:00,,14.164086693722941
2019-01-02 00:00:00,,16.06433088744589
2019-01-02 00:15:00,,18.943228933982674
2019-01-02 00:30:00,,16.75633491522366
2019-01-02 00:45:00,,16.03367452922078
2019-01-02 01:00:00,,15.915588392857135
2019-01-02 01:15:00,,16.817325059523807
2019-01-02 01:30:00,,16.112411314935063
2019-01-02 01:45:00,,15.90355179112554
2019-01-02 02:00:00,,15.633990654761904
2019-01-02 02:15:00,,16.864135957792207
2019-01-02 02:30:00,,17.075427981601727
2019-01-02 02:45:00,,16.576917148268393
2019-01-02 03:00:00,,15.562506964285717
2019-01-02 03:15:00,,15.760817624458872
2019-01-02 03:30:00,,16.549527624458868
2019-01-02 03:45:00,,16.798072267316012
2019-01-02 04:00:00,,15.673413392857142
2019-01-02 04:15:00,,16.139574291125538
2019-01-02 04:30:00,,16.996200124458873
2019-01-02 04:45:00,,16.659889648268393
2019-01-02 05:00:00,,15.19949029761905
2019-01-02 05:15:00,,16.035510680014426
2019-01-02 05:30:00,,16.91062262445887
2019-01-02 05:45:00,,16.689593814935062
2019-01-02 06:00:00,,15.807931964285718
2019-01-02 06:15:00,,16.402806791125542
2019-01-02 06:30:00,,16.90749012445887
2019-01-02 06:45:00,,16.708913814935062
2019-01-02 07:00:00,,15.661595297619046
2019-01-02 07:15:00,,16.17240012445887
2019-01-02 07:30:00,,16.967076791125535
2019-01-02 07:45:00,,17.069554648268394
2019-01-02 08:00:00,,16.08459005952381
2019-01-02 08:15:00,,28.49942115800866
2019-01-02 08:30:00,,37.189419047619054
2019-01-02 08:45:00,,43.88433906188445
2019-01-02 09:00:00,,47.45366636260997
2019-01-02 09:15:00,,53.1093663549555
2019-01-02 09:30:00,,57.96763480836567
2019-01-02 09:45:00,,61.53806502503652
2019-01-02 10:00:00,,63.485292329718625
2019-01-02 10:15:00,,62.125325373821426
2019-01-02 10:30:00,,64.11855920642827
2019-01-02 10:45:00,,66.88405681955365
2019-01-02 11:00:00,,67.34775585330488
2019-01-02 11:15:00,,68.56055472981375
2019-01-02 11:30:00,,68.43858382363112
2019-01-02 11:45:00,,69.36611091139233
2019-01-02 12:00:00,,28.284473378926037
2019-01-02 12:15:00,,19.72472126984127
2019-01-02 12:30:00,,9.067204586691089
2019-01-02 12:45:00,,10.672408423583118
2019-01-02 13:00:00,,20.508280793650794
2019-01-02 13:15:00,,34.41028148809526
2019-01-02 13:30:00,,40.36563304906379
2019-01-02 13:45:00,,42.68839957015878
2019-01-02 14:00:00,,42.08912204946243
2019-01-02 14:15:00,,43.38302545988603
2019-01-02 14:30:00,,45.815742233434236
2019-01-02 14:45:00,,49.79317840511674
2019-01-02 15:00:00,,54.65732343032857
2019-01-02 15:15:00,,59.80224124169976
2019-01-02 15:30:00,,59.487520099897054
2019-01-02 15:45:00,,59.66004959223654
2019-01-02 16:00:00,,59.746077626497645
2019-01-02 16:15:00,,62.261523089639375
2019-01-02 16:30:00,,62.966331136171654
2019-01-02 16:45:00,,63.7742108363735
2019-01-02 17:00:00,,64.6295331542541
2019-01-02 17:15:00,,65.02481449225789
2019-01-02 17:30:00,,61.621363352908844
2019-01-02 17:45:00,,39.884680909886654
2019-01-02 18:00:00,,27.545006772455736
2019-01-02 18:15:00,,21.156572261904767
2019-01-02 18:30:00,,10.170025669566549
2019-01-02 18:45:00,,8.610978562271056
2019-01-02 19:00:00,,12.074519648282513
2019-01-02 19:15:00,,22.759026320207557
2019-01-02 19:30:00,,29.260915907287167
2019-01-02 19:45:00,,31.520582748917754
2019-01-02 20:00:00,,35.88284577533579
2019-01-02 20:15:00,,35.56575632059726
2019-01-02 20:30:00,,39.07008355294824
2019-01-02 20:45:00,,39.8738313550073
2019-01-02 21:00:00,,33.63019802999895
2019-01-02 21:15:00,,31.670757257742256
2019-01-02 21:30:00,,35.8613298035298
2019-01-02 21:45:00,,40.21437236094581
2019-01-02 22:00:00,,34.81617593403936
2019-01-02 22:15:00,,33.09014171742265
2019-01-02 22:30:00,,38.38866946428572
2019-01-02 22:45:00,,41.25795941056285
2019-01-02 23:00:00,,35.305482950633866
2019-01-02 23:15:00,,32.87671230463979
2019-01-02 23:30:00,,38.02994489663115
2019-01-02 23:45:00,,41.9267900536963
2019-01-03 00:00:00,,30.179169313576484
2019-01-03 00:15:00,,23.48053202380954
2019-01-03 00:30:00,,15.557935665445669
2019-01-03 00:45:00,,14.04339058150184
2019-01-03 01:00:00,,16.81303816544566
2019-01-03 01:15:00,,17.917596002747242
2019-01-03 01:30:00,,17.04605757561882
2019-01-03 01:45:00,,16.857956781968028
2019-01-03 02:00:00,,15.748105407509156
2019-01-03 02:15:00,,16.49956440101565
2019-01-03 02:30:00,,17.066595472444217
2019-01-03 02:45:00,,16.15740559149184
2019-01-03 03:00:00,,15.763929097985349
2019-01-03 03:15:00,,16.269616901015652
2019-01-03 03:30:00,,16.63939523434898
2019-01-03 03:45:00,,16.515445948634696
2019-01-03 04:00:00,,15.753814336080586
2019-01-03 04:15:00,,15.86897440101565
2019-01-03 04:30:00,,16.620082734348983
2019-01-03 04:45:00,,16.761298448634697
2019-01-03 05:00:00,,15.683354336080589
2019-01-03 05:15:00,,15.842169401015653
2019-01-03 05:30:00,,16.628487734348987
2019-01-03 05:45:00,,16.666348448634693
2019-01-03 06:00:00,,15.768407669413921
2019-01-03 06:15:00,,16.375668567682318
2019-01-03 06:30:00,,16.972538567682314
2019-01-03 06:45:00,,16.533681424825172
2019-01-03 07:00:00,,15.726394336080586
2019-01-03 07:15:00,,15.855199401015652
2019-01-03 07:30:00,,16.597736067682316
2019-01-03 07:45:00,,17.437830948634694
2019-01-03 08:00:00,,16.223906002747253
2019-01-03 08:15:00,,29.103265602453117
2019-01-03 08:30:00,,40.001351122497844
2019-01-03 08:45:00,,44.24374702537679
2019-01-03 09:00:00,,48.150490589524615
2019-01-03 09:15:00,,53.4157300298698
2019-01-03 09:30:00,,58.47484594279756
2019-01-03 09:45:00,,62.807127127114256
2019-01-03 10:00:00,,65.7746479638332
2019-01-03 10:15:00,,66.80551016653888
2019-01-03 10:30:00,,69.30934964361946
2019-01-03 10:45:00,,69.16808986395222
2019-01-03 11:00:00,,68.7110516587516
2019-01-03 11:15:00,,69.05191130522981
2019-01-03 11:30:00,,69.09457199407902
2019-01-03 11:45:00,,69.78634076169573
2019-01-03 12:00:00,,67.79430445200657
2019-01-03 12:15:00,,17.908252658730156
2019-01-03 12:30:00,,7.7594963165266115
2019-01-03 12:45:00,,8.45716749416578
2019-01-03 13:00:00,,11.207829166666672
2019-01-03 13:15:00,,55.87544281635444
2019-01-03 13:30:00,,75.36081711689272
2019-01-03 13:45:00,,81.12949630530336
2019-01-03 14:00:00,,82.53636583467274
2019-01-03 14:15:00,,79.79838015510434
2019-01-03 14:30:00,,70.90904599159184
2019-01-03 14:45:00,,77.58499252542802
2019-01-03 15:00:00,,75.60608118008574
2019-01-03 15:15:00,,82.10092074467481
2019-01-03 15:30:00,,80.65641108703942
2019-01-03 15:45:00,,78.07993534288579
2019-01-03 16:00:00,,80.44751075508255
2019-01-03 16:15:00,,79.53410526394576
2019-01-03 16:30:00,,79.66589055587433
2019-01-03 16:45:00,,82.15852313211317
2019-01-03 17:00:00,,79.18410419744514
2019-01-03 17:15:00,,83.44748416373635
2019-01-03 17:30:00,,79.36814124751518
2019-01-03 17:45:00,,65.21911952159613
2019-01-03 18:00:00,,40.88885099747473
2019-01-03 18:15:00,,45.03034369960982
2019-01-03 18:30:00,,49.79165844727775
2019-01-03 18:45:00,,58.788866213408326
2019-01-03 19:00:00,,64.46835898853568
2019-01-03 19:15:00,,64.94208764672639
2019-01-03 19:30:00,,64.32540084804371
2019-01-03 19:45:00,,65.91034156212899
2019-01-03 20:00:00,,68.72469477303686
2019-01-03 20:15:00,,67.43674884829441
2019-01-03 20:30:00,,67.30662858343993
2019-01-03 20:45:00,,66.19438126123877
2019-01-03 21:00:00,,43.26164228937727
2019-01-03 21:15:00,,18.64433296855922
2019-01-03 21:30:00,,7.018666528404347
2019-01-03 21:45:00,,9.305066507936509
2019-01-03 22:00:00,,13.866567916666666
2019-01-03 22:15:00,,24.638498531746023
2019-01-03 22:30:00,,32.78385146075416
2019-01-03 22:45:00,,39.04854962301587
2019-01-03 23:00:00,,45.27767128201637
2019-01-03 23:15:00,,39.314089007936495
2019-01-03 23:30:00,,47.747327362661636
2019-01-03 23:45:00,,54.773303439389835
2019-01-04 00:00:00,,46.02751012445888
2019-01-04 00:15:00,,29.813275714285716
2019-01-04 00:30:00,,19.547539214285724
2019-01-04 00:45:00,,8.384907857142855
2019-01-04 01:00:00,,9.148266192544689
2019-01-04 01:15:00,,13.290858143120998
2019-01-04 01:30:00,,21.84118066544566
2019-01-04 01:45:00,,27.867147143285838
2019-01-04 02:00:00,,26.181585948308253
2019-01-04 02:15:00,,21.59346790514672
2019-01-04 02:30:00,,14.692756436864876
2019-01-04 02:45:00,,15.024839653540912
2019-01-04 03:00:00,,15.990494415445667
2019-01-04 03:15:00,,16.981193264652013
2019-01-04 03:30:00,,18.780051226412482
2019-01-04 03:45:00,,15.998410064935067
2019-01-04 04:00:00,,15.607056955128211
2019-01-04 04:15:00,,16.67372273434899
2019-01-04 04:30:00,,17.26326933608058
2019-01-04 04:45:00,,16.240304281968033
2019-01-04 05:00:00,,15.708443264652018
2019-01-04 05:15:00,,16.40845940101566
2019-01-04 05:30:00,,16.385940234348983
2019-01-04 05:45:00,,16.06613904387279
2019-01-04 06:00:00,,15.84981576465202
2019-01-04 06:15:00,,16.56622356768232
2019-01-04 06:30:00,,16.71117213911089
2019-01-04 06:45:00,,16.0643109486347
2019-01-04 07:00:00,,15.521554931318684
2019-01-04 07:15:00,,16.171778567682317
2019-01-04 07:30:00,,17.159199401015652
2019-01-04 07:45:00,,17.596535234348984
2019-01-04 08:00:00,,16.17380600274726
2019-01-04 08:15:00,,28.907762175324677
2019-01-04 08:30:00,,39.06595011059308
2019-01-04 08:45:00,,43.667743229106215
2019-01-04 09:00:00,,46.19155381914058
2019-01-04 09:15:00,,52.76051249003513
2019-01-04 09:30:00,,58.8884612813544
2019-01-04 09:45:00,,65.90620284369905
2019-01-04 10:00:00,,66.73213377378816
2019-01-04 10:15:00,,68.52239112718226
2019-01-04 10:30:00,,71.13364101663942
2019-01-04 10:45:00,,76.2812898568982
2019-01-04 11:00:00,,81.01944896237185
2019-01-04 11:15:00,,79.65088518039661
2019-01-04 11:30:00,,79.13901640285218
2019-01-04 11:45:00,,79.45769120900108
2019-01-04 12:00:00,,81.3934063111218
2019-01-04 12:15:00,,24.185911098571793
2019-01-04 12:30:00,,13.454623214285714
2019-01-04 12:45:00,,15.051997034493281
2019-01-04 13:00:00,,20.583240090048857
2019-01-04 13:15:00,,36.75613071428573
2019-01-04 13:30:00,,43.836249176609456
2019-01-04 13:45:00,,52.20621454447869
2019-01-04 14:00:00,,61.9102246292413
2019-01-04 14:15:00,,67.95706825225561
2019-01-04 14:30:00,,71.04030728268287
2019-01-04 14:45:00,,73.08843535333015
2019-01-04 15:00:00,,77.00244320361939
2019-01-04 15:15:00,,84.25934911399409
2019-01-04 15:30:00,,79.8564154626058
2019-01-04 15:45:00,,78.87865713963701
2019-01-04 16:00:00,,75.93656957148832
2019-01-04 16:15:00,,72.18961963370364
2019-01-04 16:30:00,,71.84908143364558
2019-01-04 16:45:00,,71.72722547263689
2019-01-04 17:00:00,,70.36311109363379
2019-01-04 17:15:00,,67.3364163284808
2019-01-04 17:30:00,,67.819573608401
2019-01-04 17:45:00,,66.41411175387549
2019-01-04 18:00:00,,64.27094728351086
2019-01-04 18:15:00,,67.07885393033621
2019-01-04 18:30:00,,70.31892872096226
2019-01-04 18:45:00,,68.6634176866808
2019-01-04 19:00:00,,72.16109165205556
2019-01-04 19:15:00,,69.51687443022864
2019-01-04 19:30:00,,67.84996705484716
2019-01-04 19:45:00,,71.14338602827713
2019-01-04 20:00:00,,71.41126526232718
2019-01-04 20:15:00,,71.15455080998356
2019-01-04 20:30:00,,72.30055235219135
2019-01-04 20:45:00,,70.02267367920956
2019-01-04 21:00:00,,64.62012565210372
2019-01-04 21:15:00,,25.445195376984124
2019-01-04 21:30:00,,13.201695873015876
2019-01-04 21:45:00,,8.415714653540906
2019-01-04 22:00:00,,8.380761141636142
2019-01-04 22:15:00,,19.696628690476192
2019-01-04 22:30:00,,36.538771031746045
2019-01-04 22:45:00,,54.457561199124754
2019-01-04 23:00:00,,67.89850117015098
2019-01-04 23:15:00,,72.82168837662338
2019-01-04 23:30:00,,72.99625582730164
2019-01-04 23:45:00,,72.05205922131815
2019-01-05 00:00:00,,67.62375832492066
2019-01-05 00:15:00,,36.00330706349209
2019-01-05 00:30:00,,29.528254325396848
2019-01-05 00:45:00,,21.050860238095233
2019-01-05 01:00:00,,10.018171096611722
2019-01-05 01:15:00,,10.052733978937724
2019-01-05 01:30:00,,17.80196677031302
2019-01-05 01:45:00,,35.32857853174605
2019-01-05 02:00:00,,35.5525628051393
2019-01-05 02:15:00,,32.286201353551675
2019-01-05 02:30:00,,36.15977501723275
2019-01-05 02:45:00,,38.61593427686203
2019-01-05 03:00:00,,34.90710296176045
2019-01-05 03:15:00,,33.45053422061516
2019-01-05 03:30:00,,37.002266877802725
2019-01-05 03:45:00,,38.28379232836606
2019-01-05 04:00:00,,34.36888867604616
2019-01-05 04:15:00,,32.09657284546254
2019-01-05 04:30:00,,35.295550965104326
2019-01-05 04:45:00,,37.23710545623818
2019-01-05 05:00:00,,32.94719911560661
2019-01-05 05:15:00,,32.037966394397266
2019-01-05 05:30:00,,34.00713814042901
2019-01-05 05:45:00,,35.1219807973554
2019-01-05 06:00:00,,31.686888531635024
2019-01-05 06:15:00,,31.28421839019558
2019-01-05 06:30:00,,34.592515989401925
2019-01-05 06:45:00,,36.18120960687922
2019-01-05 07:00:00,,33.973390702908205
2019-01-05 07:15:00,,32.803247952838824
2019-01-05 07:30:00,,35.54915032365101
2019-01-05 07:45:00,,36.67046782620156
2019-01-05 08:00:00,,32.18826407287158
2019-01-05 08:15:00,,32.268425684401365
2019-01-05 08:30:00,,36.937535252678394
2019-01-05 08:45:00,,44.0383767245421
2019-01-05 09:00:00,,47.24491659224999
2019-01-05 09:15:00,,53.59672121157328
2019-01-05 09:30:00,,63.18003616636458
2019-01-05 09:45:00,,73.25261981929272
2019-01-05 10:00:00,,73.16618872244555
2019-01-05 10:15:00,,73.04513967527069
2019-01-05 10:30:00,,72.77443732811172
2019-01-05 10:45:00,,73.96036530905334
2019-01-05 11:00:00,,68.25225726472675
2019-01-05 11:15:00,,72.2249215984673
2019-01-05 11:30:00,,69.48150236362912
2019-01-05 11:45:00,,72.57110062512871
2019-01-05 12:00:00,,72.79148893857935
2019-01-05 12:15:00,,35.17280053571431
2019-01-05 12:30:00,,23.657097080361158
2019-01-05 12:45:00,,12.962064583333332
2019-01-05 13:00:00,,13.199309421616315
2019-01-05 13:15:00,,22.331075205026455
2019-01-05 13:30:00,,34.36922702581856
2019-01-05 13:45:00,,40.42255959699156
2019-01-05 14:00:00,,49.487295158454245
2019-01-05 14:15:00,,62.104425171263735
2019-01-05 14:30:00,,73.71124736071418
2019-01-05 14:45:00,,74.10945470554199
2019-01-05 15:00:00,,72.58641036259081
2019-01-05 15:15:00,,72.93361494075789
2019-01-05 15:30:00,,73.95156883262138
2019-01-05 15:45:00,,73.44249032516095
2019-01-05 16:00:00,,73.57718298186386
2019-01-05 16:15:00,,75.5008097614818
2019-01-05 16:30:00,,75.36231842661054
2019-01-05 16:45:00,,75.32097236545309
2019-01-05 17:00:00,,74.07857524680072
2019-01-05 17:15:00,,75.28613244323721
2019-01-05 17:30:00,,76.2659975283773
2019-01-05 17:45:00,,77.32340763494625
2019-01-05 18:00:00,,75.94470156317385
2019-01-05 18:15:00,,76.15542672372213
2019-01-05 18:30:00,,76.2028645284902
2019-01-05 18:45:00,,77.28074347081056
2019-01-05 19:00:00,,76.2117143128483
2019-01-05 19:15:00,,76.85833132210847
2019-01-05 19:30:00,,77.88613013776964
2019-01-05 19:45:00,,80.46319532216259
2019-01-05 20:00:00,,79.51297454882736
2019-01-05 20:15:00,,80.27550344534353
2019-01-05 20:30:00,,81.44478763656744
2019-01-05 20:45:00,,82.38149332720344
2019-01-05 21:00:00,,78.33860418793853
2019-01-05 21:15:00,,48.30541303058053
2019-01-05 21:30:00,,34.10824482142858
2019-01-05 21:45:00,,30.96794345238092
2019-01-05 22:00:00,,28.99601504779941
2019-01-05 22:15:00,,26.335446711368334
2019-01-05 22:30:00,,22.48752299242425
2019-01-05 22:45:00,,18.123773772119687
2019-01-05 23:00:00,,18.50026591269842
2019-01-05 23:15:00,,15.133453551587309
2019-01-05 23:30:00,,15.213196448412702
2019-01-05 23:45:00,,17.610674900793658
2019-01-06 00:00:00,,16.18107220238096
2019-01-06 00:15:00,,19.140893457792213
2019-01-06 00:30:00,,15.049639816017322
2019-01-06 00:45:00,,13.610184337421845
2019-01-06 01:00:00,,14.4589638466626
2019-01-06 01:15:00,,14.820299322853081
2019-01-06 01:30:00,,14.89703522112148
2019-01-06 01:45:00,,18.64546169853295
2019-01-06 02:00:00,,16.543362083333335
2019-01-06 02:15:00,,14.831477531866291
2019-01-06 02:30:00,,15.199871287277544
2019-01-06 02:45:00,,16.061970031866284
2019-01-06 03:00:00,,15.629222293771047
2019-01-06 03:15:00,,15.94984926346802
2019-01-06 03:30:00,,16.422437596801352
2019-01-06 03:45:00,,16.092241763468024
2019-01-06 04:00:00,,14.945958484247244
2019-01-06 04:15:00,,15.168323920755181
2019-01-06 04:30:00,,15.630402596801355
2019-01-06 04:45:00,,16.027910572991832
2019-01-06 05:00:00,,15.298540627104382
2019-01-06 05:15:00,,16.13960729377105
2019-01-06 05:30:00,,15.216674263468018
2019-01-06 05:45:00,,15.671058906325165
2019-01-06 06:00:00,,15.537806157407417
2019-01-06 06:15:00,,16.422200627104385
2019-01-06 06:30:00,,16.37335712061088
2019-01-06 06:45:00,,15.172339263468023
2019-01-06 07:00:00,,14.61984015091391
2019-01-06 07:15:00,,15.39113212061088
2019-01-06 07:30:00,,15.979540096801358
2019-01-06 07:45:00,,16.42301807299183
2019-01-06 08:00:00,,15.880470681216941
2019-01-06 08:15:00,,15.919713484247241
2019-01-06 08:30:00,,15.956145453944208
2019-01-06 08:45:00,,15.708015930134685
2019-01-06 09:00:00,,14.923024555675811
2019-01-06 09:15:00,,15.454492001563256
2019-01-06 09:30:00,,15.247396168229928
2019-01-06 09:45:00,,15.496866644420404
2019-01-06 10:00:00,,15.067054198532958
2019-01-06 10:15:00,,15.33080783489659
2019-01-06 10:30:00,,15.625409501563263
2019-01-06 10:45:00,,15.631184025372784
2019-01-06 11:00:00,,15.169942889009148
2019-01-06 11:15:00,,15.482847358706117
2019-01-06 11:30:00,,15.347056525372784
2019-01-06 11:45:00,,15.314459501563265
2019-01-06 12:00:00,,14.566390389009149
2019-01-06 12:15:00,,14.037361525372779
2019-01-06 12:30:00,,14.698568980278994
2019-01-06 12:45:00,,14.300287066359576
2019-01-06 13:00:00,,14.5943194419007
2019-01-06 13:15:00,,15.254725111231366
2019-01-06 13:30:00,,14.83233866822993
2019-01-06 13:45:00,,15.039070334896591
2019-01-06 14:00:00,,14.579584139009148
2019-01-06 14:15:00,,14.482201505531512
2019-01-06 14:30:00,,14.460626565055323
2019-01-06 14:45:00,,14.87863343013469
2019-01-06 15:00:00,,13.929129972342473
2019-01-06 15:15:00,,13.887509025372774
2019-01-06 15:30:00,,13.815192775372775
2019-01-06 15:45:00,,13.56670741822992
2019-01-06 16:00:00,,13.189085805675802
2019-01-06 16:15:00,,13.075715005411258
2019-01-06 16:30:00,,12.369603146167563
2019-01-06 16:45:00,,12.206819455691369
2019-01-06 17:00:00,,11.809403676470588
2019-01-06 17:15:00,,12.254798979500892
2019-01-06 17:30:00,,12.619040646167559
2019-01-06 17:45:00,,12.914949872358033
2019-01-06 18:00:00,,12.102313200280117
2019-01-06 18:15:00,,12.14528058664375
2019-01-06 18:30:00,,11.875505943786608
2019-01-06 18:45:00,,12.026676003310417
2019-01-06 19:00:00,,11.770445362978526
2019-01-06 19:15:00,,11.700195308865974
2019-01-06 19:30:00,,12.110112413844321
2019-01-06 19:45:00,,11.991366461463377
2019-01-06 20:00:00,,11.761789551290214
2019-01-06 20:15:00,,11.971614020987182
2019-01-06 20:30:00,,11.704524437653854
2019-01-06 20:45:00,,12.1530759852729
2019-01-06 21:00:00,,11.836969134623546
2019-01-06 21:15:00,,11.877353485272897
2019-01-06 21:30:00,,11.120914080510994
2019-01-06 21:45:00,,12.017718894724558
2019-01-06 22:00:00,,12.142173299486458
2019-01-06 22:15:00,,12.878367808865967
2019-01-06 22:30:00,,12.866980666008823
2019-01-06 22:45:00,,12.338386916008828
2019-01-06 23:00:00,,12.681412208216615
2019-01-06 23:15:00,,12.527782689818348
2019-01-06 23:30:00,,12.220187273151685
2019-01-06 23:45:00,,12.28248024934216
2019-01-07 00:00:00,,15.33427636904762
2019-01-07 00:15:00,,18.38932881493506
2019-01-07 00:30:00,,18.062770946969692
2019-01-07 00:45:00,,15.214828814935068
2019-01-07 01:00:00,,14.431832010582015
2019-01-07 01:15:00,,15.882049490740743
2019-01-07 01:30:00,,16.28420627645503
2019-01-07 01:45:00,,18.07593038900914
2019-01-07 02:00:00,,15.605897797619047
2019-01-07 02:15:00,,15.333536758056761
2019-01-07 02:30:00,,16.038784912818663
2019-01-07 02:45:00,,16.28355710978836
2019-01-07 03:00:00,,15.57845835978836
2019-01-07 03:15:00,,16.503481162818662
2019-01-07 03:30:00,,16.406375389009145
2019-01-07 03:45:00,,16.14236336519962
2019-01-07 04:00:00,,15.478156693121694
2019-01-07 04:15:00,,16.140392829485332
2019-01-07 04:30:00,,16.517534079485337
2019-01-07 04:45:00,,16.617344555675814
2019-01-07 05:00:00,,15.80894270502646
2019-01-07 05:15:00,,16.03440544853295
2019-01-07 05:30:00,,16.319555746152
2019-01-07 05:45:00,,16.09440032948533
2019-01-07 06:00:00,,15.629135026455028
2019-01-07 06:15:00,,16.015706162818663
2019-01-07 06:30:00,,16.375509912818664
2019-01-07 06:45:00,,16.156135746151996
2019-01-07 07:00:00,,15.70431002645503
2019-01-07 07:15:00,,15.921397829485327
2019-01-07 07:30:00,,16.435101579485334
2019-01-07 07:45:00,,16.26720122234248
2019-01-07 08:00:00,,15.432262645502648
2019-01-07 08:15:00,,16.98603366281866
2019-01-07 08:30:00,,17.630746195887443
2019-01-07 08:45:00,,16.90489583874459
2019-01-07 09:00:00,,15.837075892857149
2019-01-07 09:15:00,,16.497453186628185
2019-01-07 09:30:00,,16.960536222342476
2019-01-07 09:45:00,,16.935126314935065
2019-01-07 10:00:00,,16.157965059523814
2019-01-07 10:15:00,,16.825901519961523
2019-01-07 10:30:00,,16.86577786255411
2019-01-07 10:45:00,,16.347849648268394
2019-01-07 11:00:00,,16.02759496693122
2019-01-07 11:15:00,,16.970913067580565
2019-01-07 11:30:00,,17.18018119588745
2019-01-07 11:45:00,,16.969505005411257
2019-01-07 12:00:00,,15.836620059523817
2019-01-07 12:15:00,,16.38586318662819
2019-01-07 12:30:00,,17.178139317580573
2019-01-07 12:45:00,,16.78182571969697
2019-01-07 13:00:00,,16.045671309523815
2019-01-07 13:15:00,,17.048478603294857
2019-01-07 13:30:00,,17.05599077922078
2019-01-07 13:45:00,,16.3286333982684
2019-01-07 14:00:00,,15.699763716931225
2019-01-07 14:15:00,,16.152540150913904
2019-01-07 14:30:00,,16.809659734247244
2019-01-07 14:45:00,,16.708266195887454
2019-01-07 15:00:00,,15.351006038359797
2019-01-07 15:15:00,,15.487748186628194
2019-01-07 15:30:00,,15.979503067580573
2019-01-07 15:45:00,,16.291748900913905
2019-01-07 16:00:00,,15.548875324074082
2019-01-07 16:15:00,,15.42529357683983
2019-01-07 16:30:00,,15.18455732683983
2019-01-07 16:45:00,,15.003362525252529
2019-01-07 17:00:00,,13.583537936507938
2019-01-07 17:15:00,,14.827378239538241
2019-01-07 17:30:00,,14.906714072871575
2019-01-07 17:45:00,,15.016376096681102
2019-01-07 18:00:00,,13.831085674603182
2019-01-07 18:15:00,,14.65860740620491
2019-01-07 18:30:00,,15.005625977633485
2019-01-07 18:45:00,,15.031643477633484
2019-01-07 19:00:00,,13.830393769841276
2019-01-07 19:15:00,,14.959832406204912
2019-01-07 19:30:00,,14.996330739538246
2019-01-07 19:45:00,,15.012489906204912
2019-01-07 20:00:00,,14.060242103174609
2019-01-07 20:15:00,,14.93599240620491
2019-01-07 20:30:00,,14.666430739538246
2019-01-07 20:45:00,,14.753974906204911
2019-01-07 21:00:00,,13.858139007936513
2019-01-07 21:15:00,,14.553527644300148
2019-01-07 21:30:00,,14.888160977633483
2019-01-07 21:45:00,,14.59564514430015
2019-01-07 22:00:00,,13.893189007936511
2019-01-07 22:15:00,,14.689950144300145
2019-01-07 22:30:00,,14.600802644300149
2019-01-07 22:45:00,,15.003318477633481
2019-01-07 23:00:00,,13.88809567460318
2019-01-07 23:15:00,,14.752815977633484
2019-01-07 23:30:00,,14.757495977633482
2019-01-07 23:45:00,,14.991421810966814
